<?xml version="1.0"?>
<opencv_storage>
<stage20>
  <maxWeakCount>13</maxWeakCount>
  <stageThreshold>-6.1928445100784302e-01</stageThreshold>
  <weakClassifiers>
    <_>
      <internalNodes>
        0 -1 117592 3.7916783243417740e-02</internalNodes>
      <leafValues>
        4.4322344660758972e-01 -7.7777779102325439e-01</leafValues></_>
    <_>
      <internalNodes>
        0 -1 133596 1.8084740731865168e-03</internalNodes>
      <leafValues>
        -2.0955510437488556e-01 7.3703849315643311e-01</leafValues></_>
    <_>
      <internalNodes>
        0 -1 125802 -5.7954080402851105e-03</internalNodes>
      <leafValues>
        8.3484899997711182e-01 -2.2815595567226410e-01</leafValues></_>
    <_>
      <internalNodes>
        0 -1 107834 -1.6698932740837336e-03</internalNodes>
      <leafValues>
        6.4014452695846558e-01 -2.1072331070899963e-01</leafValues></_>
    <_>
      <internalNodes>
        0 -1 102468 -8.7788805365562439e-02</internalNodes>
      <leafValues>
        7.2160506248474121e-01 -2.2692775726318359e-01</leafValues></_>
    <_>
      <internalNodes>
        0 -1 59990 -2.8145345859229565e-03</internalNodes>
      <leafValues>
        9.1939973831176758e-01 -1.4626812934875488e-01</leafValues></_>
    <_>
      <internalNodes>
        0 -1 122411 -3.5193684743717313e-04</internalNodes>
      <leafValues>
        5.0674623250961304e-01 -3.0499404668807983e-01</leafValues></_>
    <_>
      <internalNodes>
        0 -1 136391 -3.2021105289459229e-02</internalNodes>
      <leafValues>
        4.6649074554443359e-01 -3.2002955675125122e-01</leafValues></_>
    <_>
      <internalNodes>
        0 -1 98608 -1.9836968276649714e-03</internalNodes>
      <leafValues>
        7.2896522283554077e-01 -2.1912863850593567e-01</leafValues></_>
    <_>
      <internalNodes>
        0 -1 138528 1.1734513565897942e-02</internalNodes>
      <leafValues>
        -1.6300474107265472e-01 7.7482032775878906e-01</leafValues></_>
    <_>
      <internalNodes>
        0 -1 56792 3.5407673567533493e-04</internalNodes>
      <leafValues>
        4.8869875073432922e-01 -3.1808125972747803e-01</leafValues></_>
    <_>
      <internalNodes>
        0 -1 52856 3.6009461618959904e-03</internalNodes>
      <leafValues>
        -2.1646916866302490e-01 7.9467153549194336e-01</leafValues></_>
    <_>
      <internalNodes>
        0 -1 69374 1.3493634760379791e-02</internalNodes>
      <leafValues>
        -2.2142410278320313e-01 6.9404977560043335e-01</leafValues></_></weakClassifiers></stage20>
</opencv_storage>
