<?xml version="1.0"?>
<opencv_storage>
<cascade>
  <stageType>BOOST</stageType>
  <featureType>HAAR</featureType>
  <height>24</height>
  <width>24</width>
  <stageParams>
    <boostType>GAB</boostType>
    <minHitRate>9.9500000476837158e-01</minHitRate>
    <maxFalseAlarm>5.0000000000000000e-01</maxFalseAlarm>
    <weightTrimRate>9.4999999999999996e-01</weightTrimRate>
    <maxDepth>1</maxDepth>
    <maxWeakCount>100</maxWeakCount></stageParams>
  <featureParams>
    <maxCatCount>0</maxCatCount>
    <featSize>1</featSize>
    <mode>BASIC</mode></featureParams>
  <stageNum>10</stageNum>
  <stages>
    <!-- stage 0 -->
    <_>
      <maxWeakCount>6</maxWeakCount>
      <stageThreshold>-4.6431356668472290e-01</stageThreshold>
      <weakClassifiers>
        <_>
          <internalNodes>
            0 -1 37 -3.6137878894805908e-02</internalNodes>
          <leafValues>
            8.4469699859619141e-01 -3.9247313141822815e-01</leafValues></_>
        <_>
          <internalNodes>
            0 -1 62 -1.8745260313153267e-02</internalNodes>
          <leafValues>
            5.9365171194076538e-01 -5.5756145715713501e-01</leafValues></_>
        <_>
          <internalNodes>
            0 -1 25 2.8429936617612839e-02</internalNodes>
          <leafValues>
            -4.8579055070877075e-01 6.1477321386337280e-01</leafValues></_>
        <_>
          <internalNodes>
            0 -1 83 5.3449133411049843e-03</internalNodes>
          <leafValues>
            -3.5954555869102478e-01 7.7905577421188354e-01</leafValues></_>
        <_>
          <internalNodes>
            0 -1 22 1.2422422878444195e-02</internalNodes>
          <leafValues>
            -3.5349228978157043e-01 7.1421402692794800e-01</leafValues></_>
        <_>
          <internalNodes>
            0 -1 94 9.4886263832449913e-03</internalNodes>
          <leafValues>
            -3.8393041491508484e-01 5.8398562669754028e-01</leafValues></_></weakClassifiers></_>
    <!-- stage 1 -->
    <_>
      <maxWeakCount>9</maxWeakCount>
      <stageThreshold>-1.0362590551376343e+00</stageThreshold>
      <weakClassifiers>
        <_>
          <internalNodes>
            0 -1 50 2.1080896258354187e-02</internalNodes>
          <leafValues>
            -3.6734694242477417e-01 6.7326730489730835e-01</leafValues></_>
        <_>
          <internalNodes>
            0 -1 66 -2.2587547078728676e-02</internalNodes>
          <leafValues>
            6.4528185129165649e-01 -3.2011076807975769e-01</leafValues></_>
        <_>
          <internalNodes>
            0 -1 55 3.2410297542810440e-02</internalNodes>
          <leafValues>
            -3.2849550247192383e-01 6.0585558414459229e-01</leafValues></_>
        <_>
          <internalNodes>
            0 -1 71 7.1592526510357857e-03</internalNodes>
          <leafValues>
            -2.9143294692039490e-01 6.2434053421020508e-01</leafValues></_>
        <_>
          <internalNodes>
            0 -1 72 -1.8707964569330215e-02</internalNodes>
          <leafValues>
            4.2073267698287964e-01 -4.2301833629608154e-01</leafValues></_>
        <_>
          <internalNodes>
            0 -1 34 3.4795291721820831e-02</internalNodes>
          <leafValues>
            -2.5940728187561035e-01 7.2469222545623779e-01</leafValues></_>
        <_>
          <internalNodes>
            0 -1 31 4.2873853817582130e-03</internalNodes>
          <leafValues>
            -2.8422939777374268e-01 5.2162504196166992e-01</leafValues></_>
        <_>
          <internalNodes>
            0 -1 54 4.1023148223757744e-03</internalNodes>
          <leafValues>
            -2.8872832655906677e-01 5.8358043432235718e-01</leafValues></_>
        <_>
          <internalNodes>
            0 -1 103 3.2382804900407791e-02</internalNodes>
          <leafValues>
            -2.3301407694816589e-01 5.4311978816986084e-01</leafValues></_></weakClassifiers></_>
    <!-- stage 2 -->
    <_>
      <maxWeakCount>12</maxWeakCount>
      <stageThreshold>-7.6640444993972778e-01</stageThreshold>
      <weakClassifiers>
        <_>
          <internalNodes>
            0 -1 2 -3.6090835928916931e-02</internalNodes>
          <leafValues>
            6.9539076089859009e-01 -1.1720698326826096e-01</leafValues></_>
        <_>
          <internalNodes>
            0 -1 67 -2.6892751455307007e-02</internalNodes>
          <leafValues>
            4.3050187826156616e-01 -4.1910061240196228e-01</leafValues></_>
        <_>
          <internalNodes>
            0 -1 78 -9.4698900356888771e-03</internalNodes>
          <leafValues>
            6.0210114717483521e-01 -2.9331517219543457e-01</leafValues></_>
        <_>
          <internalNodes>
            0 -1 92 1.5835301019251347e-03</internalNodes>
          <leafValues>
            -2.9635897278785706e-01 6.2376540899276733e-01</leafValues></_>
        <_>
          <internalNodes>
            0 -1 33 3.3262673765420914e-02</internalNodes>
          <leafValues>
            -3.2885858416557312e-01 5.2261936664581299e-01</leafValues></_>
        <_>
          <internalNodes>
            0 -1 53 1.7616713419556618e-02</internalNodes>
          <leafValues>
            -2.4604053795337677e-01 5.7199758291244507e-01</leafValues></_>
        <_>
          <internalNodes>
            0 -1 20 1.8565339967608452e-02</internalNodes>
          <leafValues>
            -2.4501425027847290e-01 5.5424946546554565e-01</leafValues></_>
        <_>
          <internalNodes>
            0 -1 108 1.2703333050012589e-03</internalNodes>
          <leafValues>
            -1.5608462691307068e-01 7.0765936374664307e-01</leafValues></_>
        <_>
          <internalNodes>
            0 -1 105 -1.7861605156213045e-03</internalNodes>
          <leafValues>
            5.9520947933197021e-01 -1.8754665553569794e-01</leafValues></_>
        <_>
          <internalNodes>
            0 -1 80 7.2627665940672159e-04</internalNodes>
          <leafValues>
            2.4155196547508240e-01 -5.8182930946350098e-01</leafValues></_>
        <_>
          <internalNodes>
            0 -1 48 2.4942788295447826e-03</internalNodes>
          <leafValues>
            -2.0801259577274323e-01 7.4290257692337036e-01</leafValues></_>
        <_>
          <internalNodes>
            0 -1 102 -1.6581395175307989e-03</internalNodes>
          <leafValues>
            5.7864761352539063e-01 -1.6115911304950714e-01</leafValues></_></weakClassifiers></_>
    <!-- stage 3 -->
    <_>
      <maxWeakCount>16</maxWeakCount>
      <stageThreshold>-7.1710485219955444e-01</stageThreshold>
      <weakClassifiers>
        <_>
          <internalNodes>
            0 -1 61 -2.2236138582229614e-02</internalNodes>
          <leafValues>
            6.1073827743530273e-01 -2.1052631735801697e-01</leafValues></_>
        <_>
          <internalNodes>
            0 -1 10 1.6921009868383408e-02</internalNodes>
          <leafValues>
            -2.3976032435894012e-01 5.4469043016433716e-01</leafValues></_>
        <_>
          <internalNodes>
            0 -1 9 -2.6763645000755787e-03</internalNodes>
          <leafValues>
            3.0643734335899353e-01 -4.6872949600219727e-01</leafValues></_>
        <_>
          <internalNodes>
            0 -1 90 9.1271428391337395e-03</internalNodes>
          <leafValues>
            -2.5379711389541626e-01 6.1497181653976440e-01</leafValues></_>
        <_>
          <internalNodes>
            0 -1 41 -8.2486802712082863e-03</internalNodes>
          <leafValues>
            3.5546800494194031e-01 -3.2394066452980042e-01</leafValues></_>
        <_>
          <internalNodes>
            0 -1 99 7.6328064315021038e-03</internalNodes>
          <leafValues>
            -2.2561971843242645e-01 6.0071146488189697e-01</leafValues></_>
        <_>
          <internalNodes>
            0 -1 18 5.6447133421897888e-02</internalNodes>
          <leafValues>
            -2.0411299169063568e-01 5.2164351940155029e-01</leafValues></_>
        <_>
          <internalNodes>
            0 -1 27 -1.8398266285657883e-02</internalNodes>
          <leafValues>
            6.9593721628189087e-01 -1.4329883456230164e-01</leafValues></_>
        <_>
          <internalNodes>
            0 -1 87 3.7821236765012145e-04</internalNodes>
          <leafValues>
            1.4328224956989288e-01 -8.3096110820770264e-01</leafValues></_>
        <_>
          <internalNodes>
            0 -1 21 1.0492442175745964e-02</internalNodes>
          <leafValues>
            -1.7998625338077545e-01 6.7113536596298218e-01</leafValues></_>
        <_>
          <internalNodes>
            0 -1 29 -2.7979454025626183e-03</internalNodes>
          <leafValues>
            5.8320134878158569e-01 -1.7000578343868256e-01</leafValues></_>
        <_>
          <internalNodes>
            0 -1 65 -2.5588244199752808e-02</internalNodes>
          <leafValues>
            2.5578600168228149e-01 -3.9707651734352112e-01</leafValues></_>
        <_>
          <internalNodes>
            0 -1 114 7.4461160693317652e-04</internalNodes>
          <leafValues>
            1.6906988620758057e-01 -5.8822935819625854e-01</leafValues></_>
        <_>
          <internalNodes>
            0 -1 109 2.5367887690663338e-02</internalNodes>
          <leafValues>
            -2.2005753219127655e-01 5.4341214895248413e-01</leafValues></_>
        <_>
          <internalNodes>
            0 -1 112 6.7388534080237150e-04</internalNodes>
          <leafValues>
            1.8027961254119873e-01 -6.3877314329147339e-01</leafValues></_>
        <_>
          <internalNodes>
            0 -1 36 1.8366549164056778e-02</internalNodes>
          <leafValues>
            -2.1441742777824402e-01 4.6134591102600098e-01</leafValues></_></weakClassifiers></_>
    <!-- stage 4 -->
    <_>
      <maxWeakCount>9</maxWeakCount>
      <stageThreshold>-6.6463130712509155e-01</stageThreshold>
      <weakClassifiers>
        <_>
          <internalNodes>
            0 -1 39 -2.6387181133031845e-02</internalNodes>
          <leafValues>
            6.7058825492858887e-01 -1.0769230872392654e-01</leafValues></_>
        <_>
          <internalNodes>
            0 -1 74 -1.0207314044237137e-02</internalNodes>
          <leafValues>
            3.8782933354377747e-01 -5.0629013776779175e-01</leafValues></_>
        <_>
          <internalNodes>
            0 -1 57 1.0513842105865479e-02</internalNodes>
          <leafValues>
            -2.1017168462276459e-01 6.9333428144454956e-01</leafValues></_>
        <_>
          <internalNodes>
            0 -1 98 -4.6831141225993633e-03</internalNodes>
          <leafValues>
            4.6556898951530457e-01 -2.6763808727264404e-01</leafValues></_>
        <_>
          <internalNodes>
            0 -1 76 5.2486443892121315e-03</internalNodes>
          <leafValues>
            -2.3712545633316040e-01 5.2840590476989746e-01</leafValues></_>
        <_>
          <internalNodes>
            0 -1 43 5.5183805525302887e-03</internalNodes>
          <leafValues>
            -3.2718789577484131e-01 3.6302381753921509e-01</leafValues></_>
        <_>
          <internalNodes>
            0 -1 30 5.0383377820253372e-03</internalNodes>
          <leafValues>
            -2.4407668411731720e-01 4.7871145606040955e-01</leafValues></_>
        <_>
          <internalNodes>
            0 -1 75 7.5662101153284311e-04</internalNodes>
          <leafValues>
            -1.8408174812793732e-01 7.0204347372055054e-01</leafValues></_>
        <_>
          <internalNodes>
            0 -1 47 -1.5379738761112094e-03</internalNodes>
          <leafValues>
            6.8642556667327881e-01 -1.4944773912429810e-01</leafValues></_></weakClassifiers></_>
    <!-- stage 5 -->
    <_>
      <maxWeakCount>14</maxWeakCount>
      <stageThreshold>-6.1784732341766357e-01</stageThreshold>
      <weakClassifiers>
        <_>
          <internalNodes>
            0 -1 38 -3.7891209125518799e-02</internalNodes>
          <leafValues>
            5.6454122066497803e-01 -2.4513618648052216e-01</leafValues></_>
        <_>
          <internalNodes>
            0 -1 91 4.6531837433576584e-03</internalNodes>
          <leafValues>
            -2.2066597640514374e-01 5.2135276794433594e-01</leafValues></_>
        <_>
          <internalNodes>
            0 -1 44 -1.7968317866325378e-01</internalNodes>
          <leafValues>
            6.2604790925979614e-01 -1.9298702478408813e-01</leafValues></_>
        <_>
          <internalNodes>
            0 -1 32 1.2639711610972881e-02</internalNodes>
          <leafValues>
            -2.2801610827445984e-01 5.5073118209838867e-01</leafValues></_>
        <_>
          <internalNodes>
            0 -1 81 -1.0796014685183764e-03</internalNodes>
          <leafValues>
            7.0789635181427002e-01 -1.7958927154541016e-01</leafValues></_>
        <_>
          <internalNodes>
            0 -1 4 6.1582826077938080e-02</internalNodes>
          <leafValues>
            -1.6143050789833069e-01 6.5550678968429565e-01</leafValues></_>
        <_>
          <internalNodes>
            0 -1 84 1.2059769360348582e-03</internalNodes>
          <leafValues>
            -2.5961637496948242e-01 5.0831109285354614e-01</leafValues></_>
        <_>
          <internalNodes>
            0 -1 24 -6.5440754406154156e-03</internalNodes>
          <leafValues>
            7.7547091245651245e-01 -1.3040105998516083e-01</leafValues></_>
        <_>
          <internalNodes>
            0 -1 16 -1.7291808035224676e-03</internalNodes>
          <leafValues>
            6.9600427150726318e-01 -1.7672803997993469e-01</leafValues></_>
        <_>
          <internalNodes>
            0 -1 6 -9.0050213038921356e-03</internalNodes>
          <leafValues>
            5.4980838298797607e-01 -2.1718928217887878e-01</leafValues></_>
        <_>
          <internalNodes>
            0 -1 12 -1.3614178169518709e-03</internalNodes>
          <leafValues>
            -6.6122370958328247e-01 1.9469055533409119e-01</leafValues></_>
        <_>
          <internalNodes>
            0 -1 110 3.8093645125627518e-03</internalNodes>
          <leafValues>
            -1.5853881835937500e-01 7.8222501277923584e-01</leafValues></_>
        <_>
          <internalNodes>
            0 -1 77 -6.4762622117996216e-02</internalNodes>
          <leafValues>
            -6.8769824504852295e-01 1.8070971965789795e-01</leafValues></_>
        <_>
          <internalNodes>
            0 -1 106 -2.9261372983455658e-03</internalNodes>
          <leafValues>
            6.4433777332305908e-01 -1.8524803221225739e-01</leafValues></_></weakClassifiers></_>
    <!-- stage 6 -->
    <_>
      <maxWeakCount>13</maxWeakCount>
      <stageThreshold>-6.0675877332687378e-01</stageThreshold>
      <weakClassifiers>
        <_>
          <internalNodes>
            0 -1 93 -2.4826217442750931e-02</internalNodes>
          <leafValues>
            5.8064514398574829e-01 -2.1428571641445160e-01</leafValues></_>
        <_>
          <internalNodes>
            0 -1 86 -6.0001667588949203e-02</internalNodes>
          <leafValues>
            6.1078232526779175e-01 -1.8773658573627472e-01</leafValues></_>
        <_>
          <internalNodes>
            0 -1 79 -5.7702756021171808e-04</internalNodes>
          <leafValues>
            2.9745176434516907e-01 -4.5410102605819702e-01</leafValues></_>
        <_>
          <internalNodes>
            0 -1 2 -5.2078865468502045e-02</internalNodes>
          <leafValues>
            4.5372083783149719e-01 -2.5866109132766724e-01</leafValues></_>
        <_>
          <internalNodes>
            0 -1 46 7.8959233360365033e-04</internalNodes>
          <leafValues>
            -2.4833735823631287e-01 5.8311390876770020e-01</leafValues></_>
        <_>
          <internalNodes>
            0 -1 111 1.0841556359082460e-03</internalNodes>
          <leafValues>
            2.0618654787540436e-01 -5.4728674888610840e-01</leafValues></_>
        <_>
          <internalNodes>
            0 -1 107 -1.4681930770166218e-04</internalNodes>
          <leafValues>
            3.9925485849380493e-01 -3.1642651557922363e-01</leafValues></_>
        <_>
          <internalNodes>
            0 -1 104 -5.2517461590468884e-03</internalNodes>
          <leafValues>
            6.2923949956893921e-01 -1.7702588438987732e-01</leafValues></_>
        <_>
          <internalNodes>
            0 -1 26 -3.2054667826741934e-03</internalNodes>
          <leafValues>
            7.5794476270675659e-01 -1.1495709419250488e-01</leafValues></_>
        <_>
          <internalNodes>
            0 -1 45 -1.1386036872863770e-01</internalNodes>
          <leafValues>
            5.5329942703247070e-01 -2.1186333894729614e-01</leafValues></_>
        <_>
          <internalNodes>
            0 -1 15 -6.7084301263093948e-03</internalNodes>
          <leafValues>
            4.6462136507034302e-01 -3.2726457715034485e-01</leafValues></_>
        <_>
          <internalNodes>
            0 -1 97 2.3649688810110092e-02</internalNodes>
          <leafValues>
            -1.3173322379589081e-01 8.5193383693695068e-01</leafValues></_>
        <_>
          <internalNodes>
            0 -1 7 -1.0603644885122776e-02</internalNodes>
          <leafValues>
            3.5052344202995300e-01 -3.9563137292861938e-01</leafValues></_></weakClassifiers></_>
    <!-- stage 7 -->
    <_>
      <maxWeakCount>11</maxWeakCount>
      <stageThreshold>-5.6607347726821899e-01</stageThreshold>
      <weakClassifiers>
        <_>
          <internalNodes>
            0 -1 28 -7.2566352784633636e-02</internalNodes>
          <leafValues>
            6.9734150171279907e-01 -9.9756687879562378e-02</leafValues></_>
        <_>
          <internalNodes>
            0 -1 52 -8.0838926136493683e-02</internalNodes>
          <leafValues>
            4.1071370244026184e-01 -2.9313430190086365e-01</leafValues></_>
        <_>
          <internalNodes>
            0 -1 8 -1.8510535359382629e-02</internalNodes>
          <leafValues>
            4.5586830377578735e-01 -2.8554818034172058e-01</leafValues></_>
        <_>
          <internalNodes>
            0 -1 102 -1.2925161281600595e-03</internalNodes>
          <leafValues>
            4.2298415303230286e-01 -2.6535353064537048e-01</leafValues></_>
        <_>
          <internalNodes>
            0 -1 96 -1.5734414773760363e-05</internalNodes>
          <leafValues>
            2.4740555882453918e-01 -4.4102829694747925e-01</leafValues></_>
        <_>
          <internalNodes>
            0 -1 42 -3.1295418739318848e-03</internalNodes>
          <leafValues>
            4.2105469107627869e-01 -2.7528649568557739e-01</leafValues></_>
        <_>
          <internalNodes>
            0 -1 59 6.7788526415824890e-02</internalNodes>
          <leafValues>
            1.4235736429691315e-01 -9.6859145164489746e-01</leafValues></_>
        <_>
          <internalNodes>
            0 -1 5 3.2237477600574493e-02</internalNodes>
          <leafValues>
            -1.6464339196681976e-01 7.7954071760177612e-01</leafValues></_>
        <_>
          <internalNodes>
            0 -1 23 1.5979871153831482e-02</internalNodes>
          <leafValues>
            -1.8061274290084839e-01 6.3161426782608032e-01</leafValues></_>
        <_>
          <internalNodes>
            0 -1 70 -1.8207211047410965e-02</internalNodes>
          <leafValues>
            -8.4344375133514404e-01 1.6109462082386017e-01</leafValues></_>
        <_>
          <internalNodes>
            0 -1 89 2.4584797210991383e-03</internalNodes>
          <leafValues>
            -2.4884068965911865e-01 4.9555748701095581e-01</leafValues></_></weakClassifiers></_>
    <!-- stage 8 -->
    <_>
      <maxWeakCount>15</maxWeakCount>
      <stageThreshold>-8.4278011322021484e-01</stageThreshold>
      <weakClassifiers>
        <_>
          <internalNodes>
            0 -1 0 7.5832813978195190e-02</internalNodes>
          <leafValues>
            -2.2172948811203241e-03 6.7037862539291382e-01</leafValues></_>
        <_>
          <internalNodes>
            0 -1 69 1.2792189605534077e-02</internalNodes>
          <leafValues>
            -1.6351173818111420e-01 6.9098985195159912e-01</leafValues></_>
        <_>
          <internalNodes>
            0 -1 64 -2.0088311284780502e-03</internalNodes>
          <leafValues>
            4.2017087340354919e-01 -3.0102792382240295e-01</leafValues></_>
        <_>
          <internalNodes>
            0 -1 19 -5.8176293969154358e-03</internalNodes>
          <leafValues>
            3.9460375905036926e-01 -2.8734615445137024e-01</leafValues></_>
        <_>
          <internalNodes>
            0 -1 95 4.4154806528240442e-04</internalNodes>
          <leafValues>
            1.8605689704418182e-01 -5.6184929609298706e-01</leafValues></_>
        <_>
          <internalNodes>
            0 -1 85 1.1924395803362131e-03</internalNodes>
          <leafValues>
            -1.6621799767017365e-01 6.8533492088317871e-01</leafValues></_>
        <_>
          <internalNodes>
            0 -1 113 6.9306290242820978e-04</internalNodes>
          <leafValues>
            2.4793249368667603e-01 -4.2806071043014526e-01</leafValues></_>
        <_>
          <internalNodes>
            0 -1 17 -4.1300412267446518e-03</internalNodes>
          <leafValues>
            7.5826352834701538e-01 -1.4928467571735382e-01</leafValues></_>
        <_>
          <internalNodes>
            0 -1 56 2.7093412354588509e-03</internalNodes>
          <leafValues>
            -1.7674936354160309e-01 5.1864141225814819e-01</leafValues></_>
        <_>
          <internalNodes>
            0 -1 3 -1.1822574306279421e-03</internalNodes>
          <leafValues>
            3.1292974948883057e-01 -3.5444495081901550e-01</leafValues></_>
        <_>
          <internalNodes>
            0 -1 60 -4.9687758088111877e-02</internalNodes>
          <leafValues>
            3.6664441227912903e-01 -3.0730408430099487e-01</leafValues></_>
        <_>
          <internalNodes>
            0 -1 88 -2.7667519170790911e-03</internalNodes>
          <leafValues>
            -6.4120197296142578e-01 1.4929386973381042e-01</leafValues></_>
        <_>
          <internalNodes>
            0 -1 100 1.9099336117506027e-02</internalNodes>
          <leafValues>
            -1.8322075903415680e-01 6.3164055347442627e-01</leafValues></_>
        <_>
          <internalNodes>
            0 -1 73 4.4918265193700790e-03</internalNodes>
          <leafValues>
            1.4974240958690643e-01 -7.7702718973159790e-01</leafValues></_>
        <_>
          <internalNodes>
            0 -1 51 4.7913012094795704e-03</internalNodes>
          <leafValues>
            -2.1163630485534668e-01 5.3398907184600830e-01</leafValues></_></weakClassifiers></_>
    <!-- stage 9 -->
    <_>
      <maxWeakCount>12</maxWeakCount>
      <stageThreshold>-7.5291776657104492e-01</stageThreshold>
      <weakClassifiers>
        <_>
          <internalNodes>
            0 -1 68 -2.4188589304685593e-03</internalNodes>
          <leafValues>
            5.5038762092590332e-01 -2.1568627655506134e-01</leafValues></_>
        <_>
          <internalNodes>
            0 -1 40 -3.7736594676971436e-02</internalNodes>
          <leafValues>
            3.9455381035804749e-01 -3.5775327682495117e-01</leafValues></_>
        <_>
          <internalNodes>
            0 -1 101 5.0440849736332893e-04</internalNodes>
          <leafValues>
            -1.6776528954505920e-01 5.7330065965652466e-01</leafValues></_>
        <_>
          <internalNodes>
            0 -1 14 -5.7433731853961945e-03</internalNodes>
          <leafValues>
            3.6243438720703125e-01 -2.8806698322296143e-01</leafValues></_>
        <_>
          <internalNodes>
            0 -1 11 1.4647292904555798e-02</internalNodes>
          <leafValues>
            1.7411281168460846e-01 -6.2894195318222046e-01</leafValues></_>
        <_>
          <internalNodes>
            0 -1 35 1.7269983654841781e-03</internalNodes>
          <leafValues>
            -1.4140675961971283e-01 6.3065695762634277e-01</leafValues></_>
        <_>
          <internalNodes>
            0 -1 82 1.4061044901609421e-02</internalNodes>
          <leafValues>
            -1.4752119779586792e-01 6.0248249769210815e-01</leafValues></_>
        <_>
          <internalNodes>
            0 -1 1 -1.0742629878222942e-02</internalNodes>
          <leafValues>
            -5.1711326837539673e-01 1.7808206379413605e-01</leafValues></_>
        <_>
          <internalNodes>
            0 -1 13 -1.4444896951317787e-02</internalNodes>
          <leafValues>
            3.1044933199882507e-01 -3.2760939002037048e-01</leafValues></_>
        <_>
          <internalNodes>
            0 -1 58 3.9121350273489952e-03</internalNodes>
          <leafValues>
            -1.9105376303195953e-01 5.8573150634765625e-01</leafValues></_>
        <_>
          <internalNodes>
            0 -1 49 -1.9317191094160080e-02</internalNodes>
          <leafValues>
            -5.8788341283798218e-01 2.4048495292663574e-01</leafValues></_>
        <_>
          <internalNodes>
            0 -1 63 -1.1556752724573016e-03</internalNodes>
          <leafValues>
            5.3355419635772705e-01 -2.4980062246322632e-01</leafValues></_></weakClassifiers></_></stages>
  <features>
    <_>
      <rects>
        <_>
          0 3 12 16 -1.</_>
        <_>
          0 3 6 8 2.</_>
        <_>
          6 11 6 8 2.</_></rects>
      <tilted>0</tilted></_>
    <_>
      <rects>
        <_>
          0 4 2 12 -1.</_>
        <_>
          0 8 2 4 3.</_></rects>
      <tilted>0</tilted></_>
    <_>
      <rects>
        <_>
          0 4 24 2 -1.</_>
        <_>
          8 4 8 2 3.</_></rects>
      <tilted>0</tilted></_>
    <_>
      <rects>
        <_>
          0 7 8 1 -1.</_>
        <_>
          4 7 4 1 2.</_></rects>
      <tilted>0</tilted></_>
    <_>
      <rects>
        <_>
          0 7 12 12 -1.</_>
        <_>
          0 7 6 6 2.</_>
        <_>
          6 13 6 6 2.</_></rects>
      <tilted>0</tilted></_>
    <_>
      <rects>
        <_>
          1 12 11 8 -1.</_>
        <_>
          1 16 11 4 2.</_></rects>
      <tilted>0</tilted></_>
    <_>
      <rects>
        <_>
          1 14 6 8 -1.</_>
        <_>
          1 14 3 4 2.</_>
        <_>
          4 18 3 4 2.</_></rects>
      <tilted>0</tilted></_>
    <_>
      <rects>
        <_>
          2 2 7 12 -1.</_>
        <_>
          2 6 7 4 3.</_></rects>
      <tilted>0</tilted></_>
    <_>
      <rects>
        <_>
          2 3 8 4 -1.</_>
        <_>
          6 3 4 4 2.</_></rects>
      <tilted>0</tilted></_>
    <_>
      <rects>
        <_>
          2 4 16 1 -1.</_>
        <_>
          10 4 8 1 2.</_></rects>
      <tilted>0</tilted></_>
    <_>
      <rects>
        <_>
          2 5 6 10 -1.</_>
        <_>
          2 5 3 5 2.</_>
        <_>
          5 10 3 5 2.</_></rects>
      <tilted>0</tilted></_>
    <_>
      <rects>
        <_>
          2 6 2 12 -1.</_>
        <_>
          2 10 2 4 3.</_></rects>
      <tilted>0</tilted></_>
    <_>
      <rects>
        <_>
          2 20 1 4 -1.</_>
        <_>
          2 22 1 2 2.</_></rects>
      <tilted>0</tilted></_>
    <_>
      <rects>
        <_>
          3 1 10 4 -1.</_>
        <_>
          8 1 5 4 2.</_></rects>
      <tilted>0</tilted></_>
    <_>
      <rects>
        <_>
          3 5 7 6 -1.</_>
        <_>
          3 7 7 2 3.</_></rects>
      <tilted>0</tilted></_>
    <_>
      <rects>
        <_>
          3 9 6 5 -1.</_>
        <_>
          5 9 2 5 3.</_></rects>
      <tilted>0</tilted></_>
    <_>
      <rects>
        <_>
          3 11 3 2 -1.</_>
        <_>
          4 11 1 2 3.</_></rects>
      <tilted>0</tilted></_>
    <_>
      <rects>
        <_>
          3 11 2 10 -1.</_>
        <_>
          3 11 1 5 2.</_>
        <_>
          4 16 1 5 2.</_></rects>
      <tilted>0</tilted></_>
    <_>
      <rects>
        <_>
          3 11 13 12 -1.</_>
        <_>
          3 15 13 4 3.</_></rects>
      <tilted>0</tilted></_>
    <_>
      <rects>
        <_>
          4 0 10 4 -1.</_>
        <_>
          4 0 5 2 2.</_>
        <_>
          9 2 5 2 2.</_></rects>
      <tilted>0</tilted></_>
    <_>
      <rects>
        <_>
          4 3 6 10 -1.</_>
        <_>
          4 3 3 5 2.</_>
        <_>
          7 8 3 5 2.</_></rects>
      <tilted>0</tilted></_>
    <_>
      <rects>
        <_>
          4 3 8 4 -1.</_>
        <_>
          4 3 4 2 2.</_>
        <_>
          8 5 4 2 2.</_></rects>
      <tilted>0</tilted></_>
    <_>
      <rects>
        <_>
          4 4 8 6 -1.</_>
        <_>
          4 4 4 3 2.</_>
        <_>
          8 7 4 3 2.</_></rects>
      <tilted>0</tilted></_>
    <_>
      <rects>
        <_>
          4 5 12 4 -1.</_>
        <_>
          4 7 12 2 2.</_></rects>
      <tilted>0</tilted></_>
    <_>
      <rects>
        <_>
          4 7 2 16 -1.</_>
        <_>
          5 7 1 16 2.</_></rects>
      <tilted>0</tilted></_>
    <_>
      <rects>
        <_>
          4 9 14 12 -1.</_>
        <_>
          4 13 14 4 3.</_></rects>
      <tilted>0</tilted></_>
    <_>
      <rects>
        <_>
          4 11 2 8 -1.</_>
        <_>
          4 11 1 4 2.</_>
        <_>
          5 15 1 4 2.</_></rects>
      <tilted>0</tilted></_>
    <_>
      <rects>
        <_>
          4 12 6 8 -1.</_>
        <_>
          4 12 3 4 2.</_>
        <_>
          7 16 3 4 2.</_></rects>
      <tilted>0</tilted></_>
    <_>
      <rects>
        <_>
          5 0 10 12 -1.</_>
        <_>
          5 4 10 4 3.</_></rects>
      <tilted>0</tilted></_>
    <_>
      <rects>
        <_>
          5 3 4 4 -1.</_>
        <_>
          5 3 2 2 2.</_>
        <_>
          7 5 2 2 2.</_></rects>
      <tilted>0</tilted></_>
    <_>
      <rects>
        <_>
          5 4 4 6 -1.</_>
        <_>
          5 4 2 3 2.</_>
        <_>
          7 7 2 3 2.</_></rects>
      <tilted>0</tilted></_>
    <_>
      <rects>
        <_>
          5 4 4 8 -1.</_>
        <_>
          5 4 2 4 2.</_>
        <_>
          7 8 2 4 2.</_></rects>
      <tilted>0</tilted></_>
    <_>
      <rects>
        <_>
          5 4 6 6 -1.</_>
        <_>
          5 4 3 3 2.</_>
        <_>
          8 7 3 3 2.</_></rects>
      <tilted>0</tilted></_>
    <_>
      <rects>
        <_>
          5 12 9 9 -1.</_>
        <_>
          5 15 9 3 3.</_></rects>
      <tilted>0</tilted></_>
    <_>
      <rects>
        <_>
          5 12 15 6 -1.</_>
        <_>
          5 15 15 3 2.</_></rects>
      <tilted>0</tilted></_>
    <_>
      <rects>
        <_>
          5 14 2 6 -1.</_>
        <_>
          5 14 1 3 2.</_>
        <_>
          6 17 1 3 2.</_></rects>
      <tilted>0</tilted></_>
    <_>
      <rects>
        <_>
          5 17 10 6 -1.</_>
        <_>
          5 17 5 3 2.</_>
        <_>
          10 20 5 3 2.</_></rects>
      <tilted>0</tilted></_>
    <_>
      <rects>
        <_>
          6 0 8 12 -1.</_>
        <_>
          6 4 8 4 3.</_></rects>
      <tilted>0</tilted></_>
    <_>
      <rects>
        <_>
          6 0 12 12 -1.</_>
        <_>
          6 4 12 4 3.</_></rects>
      <tilted>0</tilted></_>
    <_>
      <rects>
        <_>
          6 1 4 12 -1.</_>
        <_>
          6 5 4 4 3.</_></rects>
      <tilted>0</tilted></_>
    <_>
      <rects>
        <_>
          6 1 9 9 -1.</_>
        <_>
          6 4 9 3 3.</_></rects>
      <tilted>0</tilted></_>
    <_>
      <rects>
        <_>
          6 2 9 4 -1.</_>
        <_>
          6 4 9 2 2.</_></rects>
      <tilted>0</tilted></_>
    <_>
      <rects>
        <_>
          6 4 4 4 -1.</_>
        <_>
          6 6 4 2 2.</_></rects>
      <tilted>0</tilted></_>
    <_>
      <rects>
        <_>
          6 8 3 10 -1.</_>
        <_>
          6 13 3 5 2.</_></rects>
      <tilted>0</tilted></_>
    <_>
      <rects>
        <_>
          6 8 18 9 -1.</_>
        <_>
          12 8 6 9 3.</_></rects>
      <tilted>0</tilted></_>
    <_>
      <rects>
        <_>
          6 9 12 9 -1.</_>
        <_>
          12 9 6 9 2.</_></rects>
      <tilted>0</tilted></_>
    <_>
      <rects>
        <_>
          6 13 2 2 -1.</_>
        <_>
          6 14 2 1 2.</_></rects>
      <tilted>0</tilted></_>
    <_>
      <rects>
        <_>
          6 14 2 4 -1.</_>
        <_>
          6 14 1 2 2.</_>
        <_>
          7 16 1 2 2.</_></rects>
      <tilted>0</tilted></_>
    <_>
      <rects>
        <_>
          6 14 6 2 -1.</_>
        <_>
          6 14 3 1 2.</_>
        <_>
          9 15 3 1 2.</_></rects>
      <tilted>0</tilted></_>
    <_>
      <rects>
        <_>
          7 2 9 19 -1.</_>
        <_>
          10 2 3 19 3.</_></rects>
      <tilted>0</tilted></_>
    <_>
      <rects>
        <_>
          7 3 6 12 -1.</_>
        <_>
          7 9 6 6 2.</_></rects>
      <tilted>0</tilted></_>
    <_>
      <rects>
        <_>
          7 8 4 4 -1.</_>
        <_>
          9 8 2 4 2.</_></rects>
      <tilted>0</tilted></_>
    <_>
      <rects>
        <_>
          7 9 12 8 -1.</_>
        <_>
          13 9 6 8 2.</_></rects>
      <tilted>0</tilted></_>
    <_>
      <rects>
        <_>
          7 11 10 6 -1.</_>
        <_>
          7 13 10 2 3.</_></rects>
      <tilted>0</tilted></_>
    <_>
      <rects>
        <_>
          7 12 2 6 -1.</_>
        <_>
          7 14 2 2 3.</_></rects>
      <tilted>0</tilted></_>
    <_>
      <rects>
        <_>
          7 15 14 8 -1.</_>
        <_>
          7 15 7 4 2.</_>
        <_>
          14 19 7 4 2.</_></rects>
      <tilted>0</tilted></_>
    <_>
      <rects>
        <_>
          7 20 8 2 -1.</_>
        <_>
          7 20 4 1 2.</_>
        <_>
          11 21 4 1 2.</_></rects>
      <tilted>0</tilted></_>
    <_>
      <rects>
        <_>
          8 13 3 6 -1.</_>
        <_>
          8 15 3 2 3.</_></rects>
      <tilted>0</tilted></_>
    <_>
      <rects>
        <_>
          8 20 6 2 -1.</_>
        <_>
          8 21 6 1 2.</_></rects>
      <tilted>0</tilted></_>
    <_>
      <rects>
        <_>
          9 0 6 24 -1.</_>
        <_>
          11 0 2 24 3.</_></rects>
      <tilted>0</tilted></_>
    <_>
      <rects>
        <_>
          9 0 10 14 -1.</_>
        <_>
          9 0 5 7 2.</_>
        <_>
          14 7 5 7 2.</_></rects>
      <tilted>0</tilted></_>
    <_>
      <rects>
        <_>
          9 3 10 10 -1.</_>
        <_>
          9 3 5 5 2.</_>
        <_>
          14 8 5 5 2.</_></rects>
      <tilted>0</tilted></_>
    <_>
      <rects>
        <_>
          9 8 8 9 -1.</_>
        <_>
          13 8 4 9 2.</_></rects>
      <tilted>0</tilted></_>
    <_>
      <rects>
        <_>
          9 11 2 3 -1.</_>
        <_>
          10 11 1 3 2.</_></rects>
      <tilted>0</tilted></_>
    <_>
      <rects>
        <_>
          9 18 2 6 -1.</_>
        <_>
          9 20 2 2 3.</_></rects>
      <tilted>0</tilted></_>
    <_>
      <rects>
        <_>
          10 0 10 16 -1.</_>
        <_>
          10 0 5 8 2.</_>
        <_>
          15 8 5 8 2.</_></rects>
      <tilted>0</tilted></_>
    <_>
      <rects>
        <_>
          10 0 6 6 -1.</_>
        <_>
          10 3 6 3 2.</_></rects>
      <tilted>0</tilted></_>
    <_>
      <rects>
        <_>
          10 9 8 7 -1.</_>
        <_>
          14 9 4 7 2.</_></rects>
      <tilted>0</tilted></_>
    <_>
      <rects>
        <_>
          10 10 4 5 -1.</_>
        <_>
          12 10 2 5 2.</_></rects>
      <tilted>0</tilted></_>
    <_>
      <rects>
        <_>
          10 18 6 4 -1.</_>
        <_>
          10 20 6 2 2.</_></rects>
      <tilted>0</tilted></_>
    <_>
      <rects>
        <_>
          10 19 4 5 -1.</_>
        <_>
          12 19 2 5 2.</_></rects>
      <tilted>0</tilted></_>
    <_>
      <rects>
        <_>
          10 19 4 4 -1.</_>
        <_>
          10 21 4 2 2.</_></rects>
      <tilted>0</tilted></_>
    <_>
      <rects>
        <_>
          11 0 8 16 -1.</_>
        <_>
          11 0 4 8 2.</_>
        <_>
          15 8 4 8 2.</_></rects>
      <tilted>0</tilted></_>
    <_>
      <rects>
        <_>
          11 4 3 7 -1.</_>
        <_>
          12 4 1 7 3.</_></rects>
      <tilted>0</tilted></_>
    <_>
      <rects>
        <_>
          11 9 12 3 -1.</_>
        <_>
          15 9 4 3 3.</_></rects>
      <tilted>0</tilted></_>
    <_>
      <rects>
        <_>
          11 17 1 3 -1.</_>
        <_>
          11 18 1 1 3.</_></rects>
      <tilted>0</tilted></_>
    <_>
      <rects>
        <_>
          12 0 8 4 -1.</_>
        <_>
          12 0 4 2 2.</_>
        <_>
          16 2 4 2 2.</_></rects>
      <tilted>0</tilted></_>
    <_>
      <rects>
        <_>
          12 0 12 8 -1.</_>
        <_>
          16 0 4 8 3.</_></rects>
      <tilted>0</tilted></_>
    <_>
      <rects>
        <_>
          12 1 4 4 -1.</_>
        <_>
          12 3 4 2 2.</_></rects>
      <tilted>0</tilted></_>
    <_>
      <rects>
        <_>
          12 7 2 5 -1.</_>
        <_>
          13 7 1 5 2.</_></rects>
      <tilted>0</tilted></_>
    <_>
      <rects>
        <_>
          12 7 4 2 -1.</_>
        <_>
          14 7 2 2 2.</_></rects>
      <tilted>0</tilted></_>
    <_>
      <rects>
        <_>
          12 15 4 2 -1.</_>
        <_>
          12 15 2 1 2.</_>
        <_>
          14 16 2 1 2.</_></rects>
      <tilted>0</tilted></_>
    <_>
      <rects>
        <_>
          12 16 8 4 -1.</_>
        <_>
          12 16 4 2 2.</_>
        <_>
          16 18 4 2 2.</_></rects>
      <tilted>0</tilted></_>
    <_>
      <rects>
        <_>
          12 18 5 4 -1.</_>
        <_>
          12 20 5 2 2.</_></rects>
      <tilted>0</tilted></_>
    <_>
      <rects>
        <_>
          12 19 3 2 -1.</_>
        <_>
          12 20 3 1 2.</_></rects>
      <tilted>0</tilted></_>
    <_>
      <rects>
        <_>
          13 1 1 3 -1.</_>
        <_>
          13 2 1 1 3.</_></rects>
      <tilted>0</tilted></_>
    <_>
      <rects>
        <_>
          13 6 9 12 -1.</_>
        <_>
          16 6 3 12 3.</_></rects>
      <tilted>0</tilted></_>
    <_>
      <rects>
        <_>
          13 8 2 1 -1.</_>
        <_>
          14 8 1 1 2.</_></rects>
      <tilted>0</tilted></_>
    <_>
      <rects>
        <_>
          13 9 7 2 -1.</_>
        <_>
          13 10 7 1 2.</_></rects>
      <tilted>0</tilted></_>
    <_>
      <rects>
        <_>
          13 13 1 6 -1.</_>
        <_>
          13 15 1 2 3.</_></rects>
      <tilted>0</tilted></_>
    <_>
      <rects>
        <_>
          13 15 6 6 -1.</_>
        <_>
          13 15 3 3 2.</_>
        <_>
          16 18 3 3 2.</_></rects>
      <tilted>0</tilted></_>
    <_>
      <rects>
        <_>
          13 15 8 4 -1.</_>
        <_>
          13 15 4 2 2.</_>
        <_>
          17 17 4 2 2.</_></rects>
      <tilted>0</tilted></_>
    <_>
      <rects>
        <_>
          13 19 1 4 -1.</_>
        <_>
          13 21 1 2 2.</_></rects>
      <tilted>0</tilted></_>
    <_>
      <rects>
        <_>
          14 0 4 18 -1.</_>
        <_>
          14 6 4 6 3.</_></rects>
      <tilted>0</tilted></_>
    <_>
      <rects>
        <_>
          14 0 10 8 -1.</_>
        <_>
          14 0 5 4 2.</_>
        <_>
          19 4 5 4 2.</_></rects>
      <tilted>0</tilted></_>
    <_>
      <rects>
        <_>
          14 7 2 4 -1.</_>
        <_>
          15 7 1 4 2.</_></rects>
      <tilted>0</tilted></_>
    <_>
      <rects>
        <_>
          14 9 2 1 -1.</_>
        <_>
          15 9 1 1 2.</_></rects>
      <tilted>0</tilted></_>
    <_>
      <rects>
        <_>
          14 13 8 6 -1.</_>
        <_>
          14 13 4 3 2.</_>
        <_>
          18 16 4 3 2.</_></rects>
      <tilted>0</tilted></_>
    <_>
      <rects>
        <_>
          14 14 1 9 -1.</_>
        <_>
          14 17 1 3 3.</_></rects>
      <tilted>0</tilted></_>
    <_>
      <rects>
        <_>
          14 16 1 8 -1.</_>
        <_>
          14 20 1 4 2.</_></rects>
      <tilted>0</tilted></_>
    <_>
      <rects>
        <_>
          15 12 6 10 -1.</_>
        <_>
          15 12 3 5 2.</_>
        <_>
          18 17 3 5 2.</_></rects>
      <tilted>0</tilted></_>
    <_>
      <rects>
        <_>
          15 15 2 2 -1.</_>
        <_>
          15 15 1 1 2.</_>
        <_>
          16 16 1 1 2.</_></rects>
      <tilted>0</tilted></_>
    <_>
      <rects>
        <_>
          15 15 1 6 -1.</_>
        <_>
          15 17 1 2 3.</_></rects>
      <tilted>0</tilted></_>
    <_>
      <rects>
        <_>
          16 5 6 14 -1.</_>
        <_>
          19 5 3 14 2.</_></rects>
      <tilted>0</tilted></_>
    <_>
      <rects>
        <_>
          16 7 3 12 -1.</_>
        <_>
          17 7 1 12 3.</_></rects>
      <tilted>0</tilted></_>
    <_>
      <rects>
        <_>
          16 12 2 6 -1.</_>
        <_>
          16 12 1 3 2.</_>
        <_>
          17 15 1 3 2.</_></rects>
      <tilted>0</tilted></_>
    <_>
      <rects>
        <_>
          16 13 1 6 -1.</_>
        <_>
          16 15 1 2 3.</_></rects>
      <tilted>0</tilted></_>
    <_>
      <rects>
        <_>
          16 14 1 3 -1.</_>
        <_>
          16 15 1 1 3.</_></rects>
      <tilted>0</tilted></_>
    <_>
      <rects>
        <_>
          16 14 2 4 -1.</_>
        <_>
          16 14 1 2 2.</_>
        <_>
          17 16 1 2 2.</_></rects>
      <tilted>0</tilted></_>
    <_>
      <rects>
        <_>
          17 10 2 14 -1.</_>
        <_>
          17 17 2 7 2.</_></rects>
      <tilted>0</tilted></_>
    <_>
      <rects>
        <_>
          17 12 1 6 -1.</_>
        <_>
          17 14 1 2 3.</_></rects>
      <tilted>0</tilted></_>
    <_>
      <rects>
        <_>
          20 20 3 3 -1.</_>
        <_>
          20 21 3 1 3.</_></rects>
      <tilted>0</tilted></_>
    <_>
      <rects>
        <_>
          21 22 2 2 -1.</_>
        <_>
          21 23 2 1 2.</_></rects>
      <tilted>0</tilted></_>
    <_>
      <rects>
        <_>
          22 5 2 2 -1.</_>
        <_>
          23 5 1 2 2.</_></rects>
      <tilted>0</tilted></_>
    <_>
      <rects>
        <_>
          22 19 2 2 -1.</_>
        <_>
          22 20 2 1 2.</_></rects>
      <tilted>0</tilted></_></features></cascade>
</opencv_storage>
