<?xml version="1.0"?>
<opencv_storage>
<stage3>
  <maxWeakCount>16</maxWeakCount>
  <stageThreshold>-7.1710485219955444e-01</stageThreshold>
  <weakClassifiers>
    <_>
      <internalNodes>
        0 -1 100858 -2.2236138582229614e-02</internalNodes>
      <leafValues>
        6.1073827743530273e-01 -2.1052631735801697e-01</leafValues></_>
    <_>
      <internalNodes>
        0 -1 30484 1.6921009868383408e-02</internalNodes>
      <leafValues>
        -2.3976032435894012e-01 5.4469043016433716e-01</leafValues></_>
    <_>
      <internalNodes>
        0 -1 29976 -2.6763645000755787e-03</internalNodes>
      <leafValues>
        3.0643734335899353e-01 -4.6872949600219727e-01</leafValues></_>
    <_>
      <internalNodes>
        0 -1 133016 9.1271428391337395e-03</internalNodes>
      <leafValues>
        -2.5379711389541626e-01 6.1497181653976440e-01</leafValues></_>
    <_>
      <internalNodes>
        0 -1 72857 -8.2486802712082863e-03</internalNodes>
      <leafValues>
        3.5546800494194031e-01 -3.2394066452980042e-01</leafValues></_>
    <_>
      <internalNodes>
        0 -1 138633 7.6328064315021038e-03</internalNodes>
      <leafValues>
        -2.2561971843242645e-01 6.0071146488189697e-01</leafValues></_>
    <_>
      <internalNodes>
        0 -1 46489 5.6447133421897888e-02</internalNodes>
      <leafValues>
        -2.0411299169063568e-01 5.2164351940155029e-01</leafValues></_>
    <_>
      <internalNodes>
        0 -1 57767 -1.8398266285657883e-02</internalNodes>
      <leafValues>
        6.9593721628189087e-01 -1.4329883456230164e-01</leafValues></_>
    <_>
      <internalNodes>
        0 -1 131204 3.7821236765012145e-04</internalNodes>
      <leafValues>
        1.4328224956989288e-01 -8.3096110820770264e-01</leafValues></_>
    <_>
      <internalNodes>
        0 -1 52256 1.0492442175745964e-02</internalNodes>
      <leafValues>
        -1.7998625338077545e-01 6.7113536596298218e-01</leafValues></_>
    <_>
      <internalNodes>
        0 -1 62919 -2.7979454025626183e-03</internalNodes>
      <leafValues>
        5.8320134878158569e-01 -1.7000578343868256e-01</leafValues></_>
    <_>
      <internalNodes>
        0 -1 107151 -2.5588244199752808e-02</internalNodes>
      <leafValues>
        2.5578600168228149e-01 -3.9707651734352112e-01</leafValues></_>
    <_>
      <internalNodes>
        0 -1 162071 7.4461160693317652e-04</internalNodes>
      <leafValues>
        1.6906988620758057e-01 -5.8822935819625854e-01</leafValues></_>
    <_>
      <internalNodes>
        0 -1 150734 2.5367887690663338e-02</internalNodes>
      <leafValues>
        -2.2005753219127655e-01 5.4341214895248413e-01</leafValues></_>
    <_>
      <internalNodes>
        0 -1 161180 6.7388534080237150e-04</internalNodes>
      <leafValues>
        1.8027961254119873e-01 -6.3877314329147339e-01</leafValues></_>
    <_>
      <internalNodes>
        0 -1 69928 1.8366549164056778e-02</internalNodes>
      <leafValues>
        -2.1441742777824402e-01 4.6134591102600098e-01</leafValues></_></weakClassifiers></stage3>
</opencv_storage>
