<?xml version="1.0"?>
<opencv_storage>
<stage1>
  <maxWeakCount>8</maxWeakCount>
  <stageThreshold>-1.0964763164520264e+00</stageThreshold>
  <weakClassifiers>
    <_>
      <internalNodes>
        0 -1 114742 -9.6502415835857391e-03</internalNodes>
      <leafValues>
        8.0722892284393311e-01 -2.5373134016990662e-01</leafValues></_>
    <_>
      <internalNodes>
        0 -1 88336 4.0827281773090363e-03</internalNodes>
      <leafValues>
        -2.6736694574356079e-01 8.4995955228805542e-01</leafValues></_>
    <_>
      <internalNodes>
        0 -1 136793 1.0324067261535674e-04</internalNodes>
      <leafValues>
        4.8111414909362793e-01 -5.3503912687301636e-01</leafValues></_>
    <_>
      <internalNodes>
        0 -1 80938 -1.5261374413967133e-02</internalNodes>
      <leafValues>
        6.9542557001113892e-01 -3.7316167354583740e-01</leafValues></_>
    <_>
      <internalNodes>
        0 -1 139167 1.4193837996572256e-03</internalNodes>
      <leafValues>
        -3.6512970924377441e-01 7.4275022745132446e-01</leafValues></_>
    <_>
      <internalNodes>
        0 -1 48221 -6.0462215915322304e-03</internalNodes>
      <leafValues>
        7.3553019762039185e-01 -3.0064398050308228e-01</leafValues></_>
    <_>
      <internalNodes>
        0 -1 153674 -3.2197418622672558e-03</internalNodes>
      <leafValues>
        6.4726299047470093e-01 -3.6138027906417847e-01</leafValues></_>
    <_>
      <internalNodes>
        0 -1 125558 2.0281553268432617e-02</internalNodes>
      <leafValues>
        3.4382343292236328e-01 -7.6116269826889038e-01</leafValues></_></weakClassifiers></stage1>
</opencv_storage>
