<?xml version="1.0"?>
<opencv_storage>
<stage8>
  <maxWeakCount>15</maxWeakCount>
  <stageThreshold>-8.4278011322021484e-01</stageThreshold>
  <weakClassifiers>
    <_>
      <internalNodes>
        0 -1 3515 7.5832813978195190e-02</internalNodes>
      <leafValues>
        -2.2172948811203241e-03 6.7037862539291382e-01</leafValues></_>
    <_>
      <internalNodes>
        0 -1 114021 1.2792189605534077e-02</internalNodes>
      <leafValues>
        -1.6351173818111420e-01 6.9098985195159912e-01</leafValues></_>
    <_>
      <internalNodes>
        0 -1 106303 -2.0088311284780502e-03</internalNodes>
      <leafValues>
        4.2017087340354919e-01 -3.0102792382240295e-01</leafValues></_>
    <_>
      <internalNodes>
        0 -1 49805 -5.8176293969154358e-03</internalNodes>
      <leafValues>
        3.9460375905036926e-01 -2.8734615445137024e-01</leafValues></_>
    <_>
      <internalNodes>
        0 -1 136497 4.4154806528240442e-04</internalNodes>
      <leafValues>
        1.8605689704418182e-01 -5.6184929609298706e-01</leafValues></_>
    <_>
      <internalNodes>
        0 -1 128515 1.1924395803362131e-03</internalNodes>
      <leafValues>
        -1.6621799767017365e-01 6.8533492088317871e-01</leafValues></_>
    <_>
      <internalNodes>
        0 -1 161530 6.9306290242820978e-04</internalNodes>
      <leafValues>
        2.4793249368667603e-01 -4.2806071043014526e-01</leafValues></_>
    <_>
      <internalNodes>
        0 -1 46104 -4.1300412267446518e-03</internalNodes>
      <leafValues>
        7.5826352834701538e-01 -1.4928467571735382e-01</leafValues></_>
    <_>
      <internalNodes>
        0 -1 89603 2.7093412354588509e-03</internalNodes>
      <leafValues>
        -1.7674936354160309e-01 5.1864141225814819e-01</leafValues></_>
    <_>
      <internalNodes>
        0 -1 6825 -1.1822574306279421e-03</internalNodes>
      <leafValues>
        3.1292974948883057e-01 -3.5444495081901550e-01</leafValues></_>
    <_>
      <internalNodes>
        0 -1 99006 -4.9687758088111877e-02</internalNodes>
      <leafValues>
        3.6664441227912903e-01 -3.0730408430099487e-01</leafValues></_>
    <_>
      <internalNodes>
        0 -1 131742 -2.7667519170790911e-03</internalNodes>
      <leafValues>
        -6.4120197296142578e-01 1.4929386973381042e-01</leafValues></_>
    <_>
      <internalNodes>
        0 -1 142927 1.9099336117506027e-02</internalNodes>
      <leafValues>
        -1.8322075903415680e-01 6.3164055347442627e-01</leafValues></_>
    <_>
      <internalNodes>
        0 -1 116557 4.4918265193700790e-03</internalNodes>
      <leafValues>
        1.4974240958690643e-01 -7.7702718973159790e-01</leafValues></_>
    <_>
      <internalNodes>
        0 -1 85844 4.7913012094795704e-03</internalNodes>
      <leafValues>
        -2.1163630485534668e-01 5.3398907184600830e-01</leafValues></_></weakClassifiers></stage8>
</opencv_storage>
