<?xml version="1.0"?>
<opencv_storage>
<stage1>
  <maxWeakCount>9</maxWeakCount>
  <stageThreshold>-1.0362590551376343e+00</stageThreshold>
  <weakClassifiers>
    <_>
      <internalNodes>
        0 -1 83247 2.1080896258354187e-02</internalNodes>
      <leafValues>
        -3.6734694242477417e-01 6.7326730489730835e-01</leafValues></_>
    <_>
      <internalNodes>
        0 -1 107185 -2.2587547078728676e-02</internalNodes>
      <leafValues>
        6.4528185129165649e-01 -3.2011076807975769e-01</leafValues></_>
    <_>
      <internalNodes>
        0 -1 88714 3.2410297542810440e-02</internalNodes>
      <leafValues>
        -3.2849550247192383e-01 6.0585558414459229e-01</leafValues></_>
    <_>
      <internalNodes>
        0 -1 114130 7.1592526510357857e-03</internalNodes>
      <leafValues>
        -2.9143294692039490e-01 6.2434053421020508e-01</leafValues></_>
    <_>
      <internalNodes>
        0 -1 114691 -1.8707964569330215e-02</internalNodes>
      <leafValues>
        4.2073267698287964e-01 -4.2301833629608154e-01</leafValues></_>
    <_>
      <internalNodes>
        0 -1 68498 3.4795291721820831e-02</internalNodes>
      <leafValues>
        -2.5940728187561035e-01 7.2469222545623779e-01</leafValues></_>
    <_>
      <internalNodes>
        0 -1 63654 4.2873853817582130e-03</internalNodes>
      <leafValues>
        -2.8422939777374268e-01 5.2162504196166992e-01</leafValues></_>
    <_>
      <internalNodes>
        0 -1 87584 4.1023148223757744e-03</internalNodes>
      <leafValues>
        -2.8872832655906677e-01 5.8358043432235718e-01</leafValues></_>
    <_>
      <internalNodes>
        0 -1 145785 3.2382804900407791e-02</internalNodes>
      <leafValues>
        -2.3301407694816589e-01 5.4311978816986084e-01</leafValues></_></weakClassifiers></stage1>
</opencv_storage>
