<?xml version="1.0"?>
<opencv_storage>
<stage9>
  <maxWeakCount>12</maxWeakCount>
  <stageThreshold>-7.5291776657104492e-01</stageThreshold>
  <weakClassifiers>
    <_>
      <internalNodes>
        0 -1 111874 -2.4188589304685593e-03</internalNodes>
      <leafValues>
        5.5038762092590332e-01 -2.1568627655506134e-01</leafValues></_>
    <_>
      <internalNodes>
        0 -1 72108 -3.7736594676971436e-02</internalNodes>
      <leafValues>
        3.9455381035804749e-01 -3.5775327682495117e-01</leafValues></_>
    <_>
      <internalNodes>
        0 -1 143357 5.0440849736332893e-04</internalNodes>
      <leafValues>
        -1.6776528954505920e-01 5.7330065965652466e-01</leafValues></_>
    <_>
      <internalNodes>
        0 -1 42639 -5.7433731853961945e-03</internalNodes>
      <leafValues>
        3.6243438720703125e-01 -2.8806698322296143e-01</leafValues></_>
    <_>
      <internalNodes>
        0 -1 31185 1.4647292904555798e-02</internalNodes>
      <leafValues>
        1.7411281168460846e-01 -6.2894195318222046e-01</leafValues></_>
    <_>
      <internalNodes>
        0 -1 68920 1.7269983654841781e-03</internalNodes>
      <leafValues>
        -1.4140675961971283e-01 6.3065695762634277e-01</leafValues></_>
    <_>
      <internalNodes>
        0 -1 127371 1.4061044901609421e-02</internalNodes>
      <leafValues>
        -1.4752119779586792e-01 6.0248249769210815e-01</leafValues></_>
    <_>
      <internalNodes>
        0 -1 4164 -1.0742629878222942e-02</internalNodes>
      <leafValues>
        -5.1711326837539673e-01 1.7808206379413605e-01</leafValues></_>
    <_>
      <internalNodes>
        0 -1 39243 -1.4444896951317787e-02</internalNodes>
      <leafValues>
        3.1044933199882507e-01 -3.2760939002037048e-01</leafValues></_>
    <_>
      <internalNodes>
        0 -1 98460 3.9121350273489952e-03</internalNodes>
      <leafValues>
        -1.9105376303195953e-01 5.8573150634765625e-01</leafValues></_>
    <_>
      <internalNodes>
        0 -1 82413 -1.9317191094160080e-02</internalNodes>
      <leafValues>
        -5.8788341283798218e-01 2.4048495292663574e-01</leafValues></_>
    <_>
      <internalNodes>
        0 -1 104404 -1.1556752724573016e-03</internalNodes>
      <leafValues>
        5.3355419635772705e-01 -2.4980062246322632e-01</leafValues></_></weakClassifiers></stage9>
</opencv_storage>
