<?xml version="1.0"?>
<opencv_storage>
<stage7>
  <maxWeakCount>11</maxWeakCount>
  <stageThreshold>-5.6607347726821899e-01</stageThreshold>
  <weakClassifiers>
    <_>
      <internalNodes>
        0 -1 61091 -7.2566352784633636e-02</internalNodes>
      <leafValues>
        6.9734150171279907e-01 -9.9756687879562378e-02</leafValues></_>
    <_>
      <internalNodes>
        0 -1 86540 -8.0838926136493683e-02</internalNodes>
      <leafValues>
        4.1071370244026184e-01 -2.9313430190086365e-01</leafValues></_>
    <_>
      <internalNodes>
        0 -1 28874 -1.8510535359382629e-02</internalNodes>
      <leafValues>
        4.5586830377578735e-01 -2.8554818034172058e-01</leafValues></_>
    <_>
      <internalNodes>
        0 -1 143361 -1.2925161281600595e-03</internalNodes>
      <leafValues>
        4.2298415303230286e-01 -2.6535353064537048e-01</leafValues></_>
    <_>
      <internalNodes>
        0 -1 137086 -1.5734414773760363e-05</internalNodes>
      <leafValues>
        2.4740555882453918e-01 -4.4102829694747925e-01</leafValues></_>
    <_>
      <internalNodes>
        0 -1 73980 -3.1295418739318848e-03</internalNodes>
      <leafValues>
        4.2105469107627869e-01 -2.7528649568557739e-01</leafValues></_>
    <_>
      <internalNodes>
        0 -1 98811 6.7788526415824890e-02</internalNodes>
      <leafValues>
        1.4235736429691315e-01 -9.6859145164489746e-01</leafValues></_>
    <_>
      <internalNodes>
        0 -1 23047 3.2237477600574493e-02</internalNodes>
      <leafValues>
        -1.6464339196681976e-01 7.7954071760177612e-01</leafValues></_>
    <_>
      <internalNodes>
        0 -1 54117 1.5979871153831482e-02</internalNodes>
      <leafValues>
        -1.8061274290084839e-01 6.3161426782608032e-01</leafValues></_>
    <_>
      <internalNodes>
        0 -1 114107 -1.8207211047410965e-02</internalNodes>
      <leafValues>
        -8.4344375133514404e-01 1.6109462082386017e-01</leafValues></_>
    <_>
      <internalNodes>
        0 -1 132558 2.4584797210991383e-03</internalNodes>
      <leafValues>
        -2.4884068965911865e-01 4.9555748701095581e-01</leafValues></_></weakClassifiers></stage7>
</opencv_storage>
