<?xml version="1.0"?>
<opencv_storage>
<cascade>
  <stageType>BOOST</stageType>
  <featureType>HAAR</featureType>
  <height>24</height>
  <width>24</width>
  <stageParams>
    <boostType>GAB</boostType>
    <minHitRate>9.9500000476837158e-01</minHitRate>
    <maxFalseAlarm>5.0000000000000000e-01</maxFalseAlarm>
    <weightTrimRate>9.4999999999999996e-01</weightTrimRate>
    <maxDepth>1</maxDepth>
    <maxWeakCount>100</maxWeakCount></stageParams>
  <featureParams>
    <maxCatCount>0</maxCatCount>
    <featSize>1</featSize>
    <mode>BASIC</mode></featureParams>
  <stageNum>10</stageNum>
  <stages>
    <!-- stage 0 -->
    <_>
      <maxWeakCount>7</maxWeakCount>
      <stageThreshold>-7.7026504278182983e-01</stageThreshold>
      <weakClassifiers>
        <_>
          <internalNodes>
            0 -1 41 3.6639936268329620e-02</internalNodes>
          <leafValues>
            -2.0754717290401459e-01 9.4326239824295044e-01</leafValues></_>
        <_>
          <internalNodes>
            0 -1 71 9.6272665541619062e-04</internalNodes>
          <leafValues>
            -4.3332582712173462e-01 7.9657363891601563e-01</leafValues></_>
        <_>
          <internalNodes>
            0 -1 39 -1.0341571643948555e-02</internalNodes>
          <leafValues>
            7.1057808399200439e-01 -3.8702398538589478e-01</leafValues></_>
        <_>
          <internalNodes>
            0 -1 35 4.8393979668617249e-03</internalNodes>
          <leafValues>
            -2.9853728413581848e-01 9.2833578586578369e-01</leafValues></_>
        <_>
          <internalNodes>
            0 -1 40 -5.6687761098146439e-02</internalNodes>
          <leafValues>
            8.6496102809906006e-01 -3.7075561285018921e-01</leafValues></_>
        <_>
          <internalNodes>
            0 -1 10 -1.8165571964345872e-04</internalNodes>
          <leafValues>
            -4.9783885478973389e-01 5.9652489423751831e-01</leafValues></_>
        <_>
          <internalNodes>
            0 -1 59 -2.9354717116802931e-03</internalNodes>
          <leafValues>
            -8.7660086154937744e-01 3.3039996027946472e-01</leafValues></_></weakClassifiers></_>
    <!-- stage 1 -->
    <_>
      <maxWeakCount>8</maxWeakCount>
      <stageThreshold>-1.0964763164520264e+00</stageThreshold>
      <weakClassifiers>
        <_>
          <internalNodes>
            0 -1 58 -9.6502415835857391e-03</internalNodes>
          <leafValues>
            8.0722892284393311e-01 -2.5373134016990662e-01</leafValues></_>
        <_>
          <internalNodes>
            0 -1 43 4.0827281773090363e-03</internalNodes>
          <leafValues>
            -2.6736694574356079e-01 8.4995955228805542e-01</leafValues></_>
        <_>
          <internalNodes>
            0 -1 76 1.0324067261535674e-04</internalNodes>
          <leafValues>
            4.8111414909362793e-01 -5.3503912687301636e-01</leafValues></_>
        <_>
          <internalNodes>
            0 -1 39 -1.5261374413967133e-02</internalNodes>
          <leafValues>
            6.9542557001113892e-01 -3.7316167354583740e-01</leafValues></_>
        <_>
          <internalNodes>
            0 -1 81 1.4193837996572256e-03</internalNodes>
          <leafValues>
            -3.6512970924377441e-01 7.4275022745132446e-01</leafValues></_>
        <_>
          <internalNodes>
            0 -1 18 -6.0462215915322304e-03</internalNodes>
          <leafValues>
            7.3553019762039185e-01 -3.0064398050308228e-01</leafValues></_>
        <_>
          <internalNodes>
            0 -1 92 -3.2197418622672558e-03</internalNodes>
          <leafValues>
            6.4726299047470093e-01 -3.6138027906417847e-01</leafValues></_>
        <_>
          <internalNodes>
            0 -1 67 2.0281553268432617e-02</internalNodes>
          <leafValues>
            3.4382343292236328e-01 -7.6116269826889038e-01</leafValues></_></weakClassifiers></_>
    <!-- stage 2 -->
    <_>
      <maxWeakCount>12</maxWeakCount>
      <stageThreshold>-8.4720909595489502e-01</stageThreshold>
      <weakClassifiers>
        <_>
          <internalNodes>
            0 -1 33 -4.2706541717052460e-02</internalNodes>
          <leafValues>
            8.2432430982589722e-01 -1.4473684132099152e-01</leafValues></_>
        <_>
          <internalNodes>
            0 -1 45 2.4482639506459236e-02</internalNodes>
          <leafValues>
            -2.1400769054889679e-01 9.0398985147476196e-01</leafValues></_>
        <_>
          <internalNodes>
            0 -1 48 1.1037032119929790e-02</internalNodes>
          <leafValues>
            -2.7768045663833618e-01 7.7020525932312012e-01</leafValues></_>
        <_>
          <internalNodes>
            0 -1 38 -2.8367534279823303e-02</internalNodes>
          <leafValues>
            8.9412868022918701e-01 -2.2189825773239136e-01</leafValues></_>
        <_>
          <internalNodes>
            0 -1 80 2.3865643888711929e-03</internalNodes>
          <leafValues>
            -2.9831716418266296e-01 7.0065385103225708e-01</leafValues></_>
        <_>
          <internalNodes>
            0 -1 60 6.0670286417007446e-02</internalNodes>
          <leafValues>
            -2.2201974689960480e-01 8.6586183309555054e-01</leafValues></_>
        <_>
          <internalNodes>
            0 -1 54 2.9607606120407581e-03</internalNodes>
          <leafValues>
            -2.6747530698776245e-01 7.7006340026855469e-01</leafValues></_>
        <_>
          <internalNodes>
            0 -1 24 4.0560487832408398e-05</internalNodes>
          <leafValues>
            4.5861715078353882e-01 -4.5142832398414612e-01</leafValues></_>
        <_>
          <internalNodes>
            0 -1 84 -3.7064036587253213e-04</internalNodes>
          <leafValues>
            5.8694148063659668e-01 -3.4207642078399658e-01</leafValues></_>
        <_>
          <internalNodes>
            0 -1 68 2.5729658082127571e-03</internalNodes>
          <leafValues>
            3.0755075812339783e-01 -7.1954351663589478e-01</leafValues></_>
        <_>
          <internalNodes>
            0 -1 62 5.0714111421257257e-04</internalNodes>
          <leafValues>
            -2.4930803477764130e-01 7.5939339399337769e-01</leafValues></_>
        <_>
          <internalNodes>
            0 -1 13 -4.4063292443752289e-02</internalNodes>
          <leafValues>
            7.6764768362045288e-01 -2.7675172686576843e-01</leafValues></_></weakClassifiers></_>
    <!-- stage 3 -->
    <_>
      <maxWeakCount>7</maxWeakCount>
      <stageThreshold>-7.2979712486267090e-01</stageThreshold>
      <weakClassifiers>
        <_>
          <internalNodes>
            0 -1 52 -2.2428012453019619e-03</internalNodes>
          <leafValues>
            7.9084968566894531e-01 -1.4285714924335480e-01</leafValues></_>
        <_>
          <internalNodes>
            0 -1 75 -5.2263005636632442e-04</internalNodes>
          <leafValues>
            4.7735348343849182e-01 -4.0216100215911865e-01</leafValues></_>
        <_>
          <internalNodes>
            0 -1 57 -2.0953387022018433e-02</internalNodes>
          <leafValues>
            -7.2628641128540039e-01 2.9474195837974548e-01</leafValues></_>
        <_>
          <internalNodes>
            0 -1 79 -8.0319656990468502e-04</internalNodes>
          <leafValues>
            6.5553861856460571e-01 -3.7168610095977783e-01</leafValues></_>
        <_>
          <internalNodes>
            0 -1 63 -1.2075342237949371e-02</internalNodes>
          <leafValues>
            7.9558128118515015e-01 -2.4714198708534241e-01</leafValues></_>
        <_>
          <internalNodes>
            0 -1 23 1.3679005205631256e-03</internalNodes>
          <leafValues>
            -2.4208615720272064e-01 8.1069916486740112e-01</leafValues></_>
        <_>
          <internalNodes>
            0 -1 32 4.4140447862446308e-03</internalNodes>
          <leafValues>
            3.9954361319541931e-01 -5.5231350660324097e-01</leafValues></_></weakClassifiers></_>
    <!-- stage 4 -->
    <_>
      <maxWeakCount>8</maxWeakCount>
      <stageThreshold>-8.0094081163406372e-01</stageThreshold>
      <weakClassifiers>
        <_>
          <internalNodes>
            0 -1 7 -9.2283654958009720e-03</internalNodes>
          <leafValues>
            7.3913043737411499e-01 -1.3669064640998840e-01</leafValues></_>
        <_>
          <internalNodes>
            0 -1 77 -7.2902720421552658e-04</internalNodes>
          <leafValues>
            5.8128106594085693e-01 -3.7806794047355652e-01</leafValues></_>
        <_>
          <internalNodes>
            0 -1 27 -2.3157289251685143e-02</internalNodes>
          <leafValues>
            6.8764913082122803e-01 -2.9597967863082886e-01</leafValues></_>
        <_>
          <internalNodes>
            0 -1 15 -9.1615486890077591e-03</internalNodes>
          <leafValues>
            6.6832107305526733e-01 -3.5070639848709106e-01</leafValues></_>
        <_>
          <internalNodes>
            0 -1 95 -9.1628439258784056e-04</internalNodes>
          <leafValues>
            6.5923988819122314e-01 -3.1420525908470154e-01</leafValues></_>
        <_>
          <internalNodes>
            0 -1 93 2.7843590360134840e-03</internalNodes>
          <leafValues>
            -2.5546786189079285e-01 8.3811235427856445e-01</leafValues></_>
        <_>
          <internalNodes>
            0 -1 34 -1.0295789688825607e-02</internalNodes>
          <leafValues>
            -7.5192129611968994e-01 3.0044487118721008e-01</leafValues></_>
        <_>
          <internalNodes>
            0 -1 8 -7.7309450134634972e-03</internalNodes>
          <leafValues>
            6.2973207235336304e-01 -2.9579350352287292e-01</leafValues></_></weakClassifiers></_>
    <!-- stage 5 -->
    <_>
      <maxWeakCount>9</maxWeakCount>
      <stageThreshold>-8.7202912569046021e-01</stageThreshold>
      <weakClassifiers>
        <_>
          <internalNodes>
            0 -1 16 -4.8105893656611443e-03</internalNodes>
          <leafValues>
            7.6551723480224609e-01 -7.0967741310596466e-02</leafValues></_>
        <_>
          <internalNodes>
            0 -1 56 1.9822665490210056e-03</internalNodes>
          <leafValues>
            -1.5741805732250214e-01 7.9999297857284546e-01</leafValues></_>
        <_>
          <internalNodes>
            0 -1 55 9.4912890344858170e-03</internalNodes>
          <leafValues>
            -4.5069408416748047e-01 4.0921205282211304e-01</leafValues></_>
        <_>
          <internalNodes>
            0 -1 73 -2.1108244545757771e-03</internalNodes>
          <leafValues>
            5.0050133466720581e-01 -3.4807074069976807e-01</leafValues></_>
        <_>
          <internalNodes>
            0 -1 47 2.4346725549548864e-03</internalNodes>
          <leafValues>
            -4.3842071294784546e-01 4.2968171834945679e-01</leafValues></_>
        <_>
          <internalNodes>
            0 -1 42 3.5085459239780903e-03</internalNodes>
          <leafValues>
            3.2663050293922424e-01 -5.8990377187728882e-01</leafValues></_>
        <_>
          <internalNodes>
            0 -1 11 -1.0555522888898849e-01</internalNodes>
          <leafValues>
            9.1432970762252808e-01 -2.4445231258869171e-01</leafValues></_>
        <_>
          <internalNodes>
            0 -1 29 1.9639218226075172e-03</internalNodes>
          <leafValues>
            -1.7941391468048096e-01 7.4792170524597168e-01</leafValues></_>
        <_>
          <internalNodes>
            0 -1 70 -1.8661706708371639e-03</internalNodes>
          <leafValues>
            8.9763820171356201e-01 -1.7732445895671844e-01</leafValues></_></weakClassifiers></_>
    <!-- stage 6 -->
    <_>
      <maxWeakCount>14</maxWeakCount>
      <stageThreshold>-1.2186738252639771e+00</stageThreshold>
      <weakClassifiers>
        <_>
          <internalNodes>
            0 -1 0 -8.2510709762573242e-03</internalNodes>
          <leafValues>
            7.8571426868438721e-01 -6.2500000000000000e-02</leafValues></_>
        <_>
          <internalNodes>
            0 -1 69 -3.6838804953731596e-04</internalNodes>
          <leafValues>
            4.0445032715797424e-01 -4.9500581622123718e-01</leafValues></_>
        <_>
          <internalNodes>
            0 -1 50 -2.6388309895992279e-02</internalNodes>
          <leafValues>
            9.4117969274520874e-01 -1.9680777192115784e-01</leafValues></_>
        <_>
          <internalNodes>
            0 -1 14 -5.7956110686063766e-03</internalNodes>
          <leafValues>
            5.3598135709762573e-01 -3.6401960253715515e-01</leafValues></_>
        <_>
          <internalNodes>
            0 -1 90 -1.7026686691679060e-04</internalNodes>
          <leafValues>
            -4.6702629327774048e-01 4.0354311466217041e-01</leafValues></_>
        <_>
          <internalNodes>
            0 -1 21 5.7040415704250336e-03</internalNodes>
          <leafValues>
            -2.4537254869937897e-01 7.3392063379287720e-01</leafValues></_>
        <_>
          <internalNodes>
            0 -1 87 1.7633077222853899e-03</internalNodes>
          <leafValues>
            -2.5940424203872681e-01 7.4723517894744873e-01</leafValues></_>
        <_>
          <internalNodes>
            0 -1 1 1.1685532081173733e-04</internalNodes>
          <leafValues>
            3.6336430907249451e-01 -5.3679597377777100e-01</leafValues></_>
        <_>
          <internalNodes>
            0 -1 30 8.1066158600151539e-04</internalNodes>
          <leafValues>
            -2.2399808466434479e-01 9.8089152574539185e-01</leafValues></_>
        <_>
          <internalNodes>
            0 -1 85 -2.1891098003834486e-04</internalNodes>
          <leafValues>
            4.5128017663955688e-01 -3.5858494043350220e-01</leafValues></_>
        <_>
          <internalNodes>
            0 -1 51 -1.6506296396255493e-01</internalNodes>
          <leafValues>
            -8.8137972354888916e-01 1.8289323151111603e-01</leafValues></_>
        <_>
          <internalNodes>
            0 -1 25 -5.7335644960403442e-03</internalNodes>
          <leafValues>
            8.4563928842544556e-01 -2.3921798169612885e-01</leafValues></_>
        <_>
          <internalNodes>
            0 -1 20 5.0450647249817848e-03</internalNodes>
          <leafValues>
            -2.4775384366512299e-01 7.5219321250915527e-01</leafValues></_>
        <_>
          <internalNodes>
            0 -1 17 -7.2010834701359272e-03</internalNodes>
          <leafValues>
            5.2419036626815796e-01 -3.7333053350448608e-01</leafValues></_></weakClassifiers></_>
    <!-- stage 7 -->
    <_>
      <maxWeakCount>15</maxWeakCount>
      <stageThreshold>-9.9490821361541748e-01</stageThreshold>
      <weakClassifiers>
        <_>
          <internalNodes>
            0 -1 31 -1.2151734903454781e-02</internalNodes>
          <leafValues>
            7.1612900495529175e-01 -7.5862072408199310e-02</leafValues></_>
        <_>
          <internalNodes>
            0 -1 66 -2.3206328973174095e-02</internalNodes>
          <leafValues>
            5.6466108560562134e-01 -3.1762272119522095e-01</leafValues></_>
        <_>
          <internalNodes>
            0 -1 88 -4.7648081090301275e-04</internalNodes>
          <leafValues>
            7.8895258903503418e-01 -2.1223086118698120e-01</leafValues></_>
        <_>
          <internalNodes>
            0 -1 2 -5.9977419674396515e-02</internalNodes>
          <leafValues>
            5.5781543254852295e-01 -2.7721247076988220e-01</leafValues></_>
        <_>
          <internalNodes>
            0 -1 86 4.5577321201562881e-02</internalNodes>
          <leafValues>
            -1.8703041970729828e-01 8.3541858196258545e-01</leafValues></_>
        <_>
          <internalNodes>
            0 -1 44 3.8965679705142975e-02</internalNodes>
          <leafValues>
            -1.8922428786754608e-01 8.7786507606506348e-01</leafValues></_>
        <_>
          <internalNodes>
            0 -1 65 3.3387367147952318e-04</internalNodes>
          <leafValues>
            3.2015776634216309e-01 -5.4128336906433105e-01</leafValues></_>
        <_>
          <internalNodes>
            0 -1 72 2.2539081983268261e-03</internalNodes>
          <leafValues>
            -2.1056562662124634e-01 7.0682883262634277e-01</leafValues></_>
        <_>
          <internalNodes>
            0 -1 82 -1.3987848069518805e-03</internalNodes>
          <leafValues>
            6.9189816713333130e-01 -2.3692537844181061e-01</leafValues></_>
        <_>
          <internalNodes>
            0 -1 9 1.4606212265789509e-02</internalNodes>
          <leafValues>
            -1.4650329947471619e-01 8.6540830135345459e-01</leafValues></_>
        <_>
          <internalNodes>
            0 -1 6 -2.7894293889403343e-03</internalNodes>
          <leafValues>
            -6.1483579874038696e-01 2.8417164087295532e-01</leafValues></_>
        <_>
          <internalNodes>
            0 -1 78 -1.2541811913251877e-02</internalNodes>
          <leafValues>
            7.1501809358596802e-01 -2.2899119555950165e-01</leafValues></_>
        <_>
          <internalNodes>
            0 -1 89 -4.7176701627904549e-05</internalNodes>
          <leafValues>
            -3.5490772128105164e-01 4.3743282556533813e-01</leafValues></_>
        <_>
          <internalNodes>
            0 -1 28 -1.1247849091887474e-02</internalNodes>
          <leafValues>
            6.0283631086349487e-01 -2.9914841055870056e-01</leafValues></_>
        <_>
          <internalNodes>
            0 -1 5 2.7064140886068344e-04</internalNodes>
          <leafValues>
            3.4464627504348755e-01 -5.6662142276763916e-01</leafValues></_></weakClassifiers></_>
    <!-- stage 8 -->
    <_>
      <maxWeakCount>7</maxWeakCount>
      <stageThreshold>-4.0351176261901855e-01</stageThreshold>
      <weakClassifiers>
        <_>
          <internalNodes>
            0 -1 74 4.4038658961653709e-04</internalNodes>
          <leafValues>
            5.8181816339492798e-01 -3.4999999403953552e-01</leafValues></_>
        <_>
          <internalNodes>
            0 -1 4 -5.2552737295627594e-02</internalNodes>
          <leafValues>
            5.2721583843231201e-01 -4.0243992209434509e-01</leafValues></_>
        <_>
          <internalNodes>
            0 -1 12 4.1477121412754059e-02</internalNodes>
          <leafValues>
            -2.1624892950057983e-01 8.5406225919723511e-01</leafValues></_>
        <_>
          <internalNodes>
            0 -1 36 4.6764118596911430e-03</internalNodes>
          <leafValues>
            -2.1118538081645966e-01 8.6087375879287720e-01</leafValues></_>
        <_>
          <internalNodes>
            0 -1 26 -7.4675553478300571e-03</internalNodes>
          <leafValues>
            9.2194420099258423e-01 -1.8376643955707550e-01</leafValues></_>
        <_>
          <internalNodes>
            0 -1 22 5.2049811929464340e-03</internalNodes>
          <leafValues>
            -2.1271598339080811e-01 7.5378453731536865e-01</leafValues></_>
        <_>
          <internalNodes>
            0 -1 53 -2.2493340075016022e-03</internalNodes>
          <leafValues>
            -8.2928448915481567e-01 3.0764722824096680e-01</leafValues></_></weakClassifiers></_>
    <!-- stage 9 -->
    <_>
      <maxWeakCount>10</maxWeakCount>
      <stageThreshold>-6.2955403327941895e-01</stageThreshold>
      <weakClassifiers>
        <_>
          <internalNodes>
            0 -1 61 -4.7028735280036926e-03</internalNodes>
          <leafValues>
            7.3248410224914551e-01 -1.0489510744810104e-01</leafValues></_>
        <_>
          <internalNodes>
            0 -1 19 -1.5466790500795469e-05</internalNodes>
          <leafValues>
            5.5459731817245483e-01 -2.1349035203456879e-01</leafValues></_>
        <_>
          <internalNodes>
            0 -1 83 -1.4477938413619995e-02</internalNodes>
          <leafValues>
            7.1027851104736328e-01 -2.2589080035686493e-01</leafValues></_>
        <_>
          <internalNodes>
            0 -1 94 -8.3966674283146858e-03</internalNodes>
          <leafValues>
            8.7703281641006470e-01 -1.9962993264198303e-01</leafValues></_>
        <_>
          <internalNodes>
            0 -1 64 -3.3279489725828171e-03</internalNodes>
          <leafValues>
            5.8514994382858276e-01 -2.7611526846885681e-01</leafValues></_>
        <_>
          <internalNodes>
            0 -1 3 -4.8931566998362541e-03</internalNodes>
          <leafValues>
            -7.0626890659332275e-01 2.7396336197853088e-01</leafValues></_>
        <_>
          <internalNodes>
            0 -1 37 -1.0950737632811069e-03</internalNodes>
          <leafValues>
            6.7629295587539673e-01 -2.6226910948753357e-01</leafValues></_>
        <_>
          <internalNodes>
            0 -1 46 1.9556873012334108e-03</internalNodes>
          <leafValues>
            2.5801676511764526e-01 -7.4097645282745361e-01</leafValues></_>
        <_>
          <internalNodes>
            0 -1 91 1.0643464047461748e-03</internalNodes>
          <leafValues>
            -2.7810874581336975e-01 6.7612665891647339e-01</leafValues></_>
        <_>
          <internalNodes>
            0 -1 49 -6.8186671705916524e-04</internalNodes>
          <leafValues>
            -4.8591953516006470e-01 3.9886513352394104e-01</leafValues></_></weakClassifiers></_></stages>
  <features>
    <_>
      <rects>
        <_>
          0 1 14 4 -1.</_>
        <_>
          0 1 7 2 2.</_>
        <_>
          7 3 7 2 2.</_></rects>
      <tilted>0</tilted></_>
    <_>
      <rects>
        <_>
          0 2 1 2 -1.</_>
        <_>
          0 3 1 1 2.</_></rects>
      <tilted>0</tilted></_>
    <_>
      <rects>
        <_>
          0 2 24 3 -1.</_>
        <_>
          8 2 8 3 3.</_></rects>
      <tilted>0</tilted></_>
    <_>
      <rects>
        <_>
          0 3 3 6 -1.</_>
        <_>
          0 5 3 2 3.</_></rects>
      <tilted>0</tilted></_>
    <_>
      <rects>
        <_>
          0 3 24 3 -1.</_>
        <_>
          8 3 8 3 3.</_></rects>
      <tilted>0</tilted></_>
    <_>
      <rects>
        <_>
          0 4 2 1 -1.</_>
        <_>
          1 4 1 1 2.</_></rects>
      <tilted>0</tilted></_>
    <_>
      <rects>
        <_>
          0 4 1 6 -1.</_>
        <_>
          0 7 1 3 2.</_></rects>
      <tilted>0</tilted></_>
    <_>
      <rects>
        <_>
          0 4 14 1 -1.</_>
        <_>
          7 4 7 1 2.</_></rects>
      <tilted>0</tilted></_>
    <_>
      <rects>
        <_>
          0 10 15 1 -1.</_>
        <_>
          5 10 5 1 3.</_></rects>
      <tilted>0</tilted></_>
    <_>
      <rects>
        <_>
          0 16 6 6 -1.</_>
        <_>
          0 16 3 3 2.</_>
        <_>
          3 19 3 3 2.</_></rects>
      <tilted>0</tilted></_>
    <_>
      <rects>
        <_>
          0 19 3 4 -1.</_>
        <_>
          0 21 3 2 2.</_></rects>
      <tilted>0</tilted></_>
    <_>
      <rects>
        <_>
          1 6 15 10 -1.</_>
        <_>
          6 6 5 10 3.</_></rects>
      <tilted>0</tilted></_>
    <_>
      <rects>
        <_>
          1 11 18 2 -1.</_>
        <_>
          7 11 6 2 3.</_></rects>
      <tilted>0</tilted></_>
    <_>
      <rects>
        <_>
          1 19 18 4 -1.</_>
        <_>
          7 19 6 4 3.</_></rects>
      <tilted>0</tilted></_>
    <_>
      <rects>
        <_>
          2 11 6 6 -1.</_>
        <_>
          4 11 2 6 3.</_></rects>
      <tilted>0</tilted></_>
    <_>
      <rects>
        <_>
          2 16 8 6 -1.</_>
        <_>
          2 16 4 3 2.</_>
        <_>
          6 19 4 3 2.</_></rects>
      <tilted>0</tilted></_>
    <_>
      <rects>
        <_>
          3 3 10 1 -1.</_>
        <_>
          8 3 5 1 2.</_></rects>
      <tilted>0</tilted></_>
    <_>
      <rects>
        <_>
          3 4 15 1 -1.</_>
        <_>
          8 4 5 1 3.</_></rects>
      <tilted>0</tilted></_>
    <_>
      <rects>
        <_>
          3 16 6 4 -1.</_>
        <_>
          5 16 2 4 3.</_></rects>
      <tilted>0</tilted></_>
    <_>
      <rects>
        <_>
          3 17 2 1 -1.</_>
        <_>
          4 17 1 1 2.</_></rects>
      <tilted>0</tilted></_>
    <_>
      <rects>
        <_>
          3 20 8 4 -1.</_>
        <_>
          3 20 4 2 2.</_>
        <_>
          7 22 4 2 2.</_></rects>
      <tilted>0</tilted></_>
    <_>
      <rects>
        <_>
          4 0 3 19 -1.</_>
        <_>
          5 0 1 19 3.</_></rects>
      <tilted>0</tilted></_>
    <_>
      <rects>
        <_>
          4 3 6 4 -1.</_>
        <_>
          4 3 3 2 2.</_>
        <_>
          7 5 3 2 2.</_></rects>
      <tilted>0</tilted></_>
    <_>
      <rects>
        <_>
          4 15 6 2 -1.</_>
        <_>
          4 15 3 1 2.</_>
        <_>
          7 16 3 1 2.</_></rects>
      <tilted>0</tilted></_>
    <_>
      <rects>
        <_>
          4 16 2 5 -1.</_>
        <_>
          5 16 1 5 2.</_></rects>
      <tilted>0</tilted></_>
    <_>
      <rects>
        <_>
          4 20 6 4 -1.</_>
        <_>
          4 20 3 2 2.</_>
        <_>
          7 22 3 2 2.</_></rects>
      <tilted>0</tilted></_>
    <_>
      <rects>
        <_>
          5 1 4 6 -1.</_>
        <_>
          5 1 2 3 2.</_>
        <_>
          7 4 2 3 2.</_></rects>
      <tilted>0</tilted></_>
    <_>
      <rects>
        <_>
          5 1 3 15 -1.</_>
        <_>
          5 6 3 5 3.</_></rects>
      <tilted>0</tilted></_>
    <_>
      <rects>
        <_>
          5 1 7 4 -1.</_>
        <_>
          5 3 7 2 2.</_></rects>
      <tilted>0</tilted></_>
    <_>
      <rects>
        <_>
          5 13 1 6 -1.</_>
        <_>
          5 15 1 2 3.</_></rects>
      <tilted>0</tilted></_>
    <_>
      <rects>
        <_>
          5 17 2 2 -1.</_>
        <_>
          5 17 1 1 2.</_>
        <_>
          6 18 1 1 2.</_></rects>
      <tilted>0</tilted></_>
    <_>
      <rects>
        <_>
          6 0 5 6 -1.</_>
        <_>
          6 3 5 3 2.</_></rects>
      <tilted>0</tilted></_>
    <_>
      <rects>
        <_>
          6 0 14 14 -1.</_>
        <_>
          6 0 7 7 2.</_>
        <_>
          13 7 7 7 2.</_></rects>
      <tilted>0</tilted></_>
    <_>
      <rects>
        <_>
          6 0 8 12 -1.</_>
        <_>
          6 4 8 4 3.</_></rects>
      <tilted>0</tilted></_>
    <_>
      <rects>
        <_>
          6 9 6 8 -1.</_>
        <_>
          8 9 2 8 3.</_></rects>
      <tilted>0</tilted></_>
    <_>
      <rects>
        <_>
          6 12 9 4 -1.</_>
        <_>
          6 14 9 2 2.</_></rects>
      <tilted>0</tilted></_>
    <_>
      <rects>
        <_>
          6 15 3 6 -1.</_>
        <_>
          6 17 3 2 3.</_></rects>
      <tilted>0</tilted></_>
    <_>
      <rects>
        <_>
          6 20 4 2 -1.</_>
        <_>
          6 20 2 1 2.</_>
        <_>
          8 21 2 1 2.</_></rects>
      <tilted>0</tilted></_>
    <_>
      <rects>
        <_>
          7 0 2 15 -1.</_>
        <_>
          7 5 2 5 3.</_></rects>
      <tilted>0</tilted></_>
    <_>
      <rects>
        <_>
          7 0 3 12 -1.</_>
        <_>
          7 4 3 4 3.</_></rects>
      <tilted>0</tilted></_>
    <_>
      <rects>
        <_>
          7 1 16 12 -1.</_>
        <_>
          7 1 8 6 2.</_>
        <_>
          15 7 8 6 2.</_></rects>
      <tilted>0</tilted></_>
    <_>
      <rects>
        <_>
          7 3 6 14 -1.</_>
        <_>
          7 10 6 7 2.</_></rects>
      <tilted>0</tilted></_>
    <_>
      <rects>
        <_>
          7 5 8 10 -1.</_>
        <_>
          7 5 4 5 2.</_>
        <_>
          11 10 4 5 2.</_></rects>
      <tilted>0</tilted></_>
    <_>
      <rects>
        <_>
          7 14 4 6 -1.</_>
        <_>
          7 16 4 2 3.</_></rects>
      <tilted>0</tilted></_>
    <_>
      <rects>
        <_>
          7 14 10 9 -1.</_>
        <_>
          7 17 10 3 3.</_></rects>
      <tilted>0</tilted></_>
    <_>
      <rects>
        <_>
          7 16 12 8 -1.</_>
        <_>
          7 16 6 4 2.</_>
        <_>
          13 20 6 4 2.</_></rects>
      <tilted>0</tilted></_>
    <_>
      <rects>
        <_>
          7 18 3 3 -1.</_>
        <_>
          8 18 1 3 3.</_></rects>
      <tilted>0</tilted></_>
    <_>
      <rects>
        <_>
          8 12 9 6 -1.</_>
        <_>
          11 12 3 6 3.</_></rects>
      <tilted>0</tilted></_>
    <_>
      <rects>
        <_>
          8 12 10 6 -1.</_>
        <_>
          8 14 10 2 3.</_></rects>
      <tilted>0</tilted></_>
    <_>
      <rects>
        <_>
          8 17 3 4 -1.</_>
        <_>
          9 17 1 4 3.</_></rects>
      <tilted>0</tilted></_>
    <_>
      <rects>
        <_>
          9 0 9 4 -1.</_>
        <_>
          9 2 9 2 2.</_></rects>
      <tilted>0</tilted></_>
    <_>
      <rects>
        <_>
          9 0 13 20 -1.</_>
        <_>
          9 10 13 10 2.</_></rects>
      <tilted>0</tilted></_>
    <_>
      <rects>
        <_>
          9 1 2 4 -1.</_>
        <_>
          9 3 2 2 2.</_></rects>
      <tilted>0</tilted></_>
    <_>
      <rects>
        <_>
          9 3 3 7 -1.</_>
        <_>
          10 3 1 7 3.</_></rects>
      <tilted>0</tilted></_>
    <_>
      <rects>
        <_>
          10 5 1 9 -1.</_>
        <_>
          10 8 1 3 3.</_></rects>
      <tilted>0</tilted></_>
    <_>
      <rects>
        <_>
          10 12 5 9 -1.</_>
        <_>
          10 15 5 3 3.</_></rects>
      <tilted>0</tilted></_>
    <_>
      <rects>
        <_>
          10 21 6 2 -1.</_>
        <_>
          10 21 3 1 2.</_>
        <_>
          13 22 3 1 2.</_></rects>
      <tilted>0</tilted></_>
    <_>
      <rects>
        <_>
          11 0 2 24 -1.</_>
        <_>
          11 12 2 12 2.</_></rects>
      <tilted>0</tilted></_>
    <_>
      <rects>
        <_>
          11 0 5 9 -1.</_>
        <_>
          11 3 5 3 3.</_></rects>
      <tilted>0</tilted></_>
    <_>
      <rects>
        <_>
          11 4 3 9 -1.</_>
        <_>
          12 4 1 9 3.</_></rects>
      <tilted>0</tilted></_>
    <_>
      <rects>
        <_>
          11 6 8 12 -1.</_>
        <_>
          11 12 8 6 2.</_></rects>
      <tilted>0</tilted></_>
    <_>
      <rects>
        <_>
          11 9 12 1 -1.</_>
        <_>
          15 9 4 1 3.</_></rects>
      <tilted>0</tilted></_>
    <_>
      <rects>
        <_>
          11 14 1 2 -1.</_>
        <_>
          11 15 1 1 2.</_></rects>
      <tilted>0</tilted></_>
    <_>
      <rects>
        <_>
          12 0 2 9 -1.</_>
        <_>
          12 3 2 3 3.</_></rects>
      <tilted>0</tilted></_>
    <_>
      <rects>
        <_>
          12 2 8 2 -1.</_>
        <_>
          12 3 8 1 2.</_></rects>
      <tilted>0</tilted></_>
    <_>
      <rects>
        <_>
          12 5 2 6 -1.</_>
        <_>
          12 5 1 3 2.</_>
        <_>
          13 8 1 3 2.</_></rects>
      <tilted>0</tilted></_>
    <_>
      <rects>
        <_>
          12 8 12 5 -1.</_>
        <_>
          16 8 4 5 3.</_></rects>
      <tilted>0</tilted></_>
    <_>
      <rects>
        <_>
          12 9 9 15 -1.</_>
        <_>
          15 9 3 15 3.</_></rects>
      <tilted>0</tilted></_>
    <_>
      <rects>
        <_>
          13 6 3 5 -1.</_>
        <_>
          14 6 1 5 3.</_></rects>
      <tilted>0</tilted></_>
    <_>
      <rects>
        <_>
          13 7 4 4 -1.</_>
        <_>
          15 7 2 4 2.</_></rects>
      <tilted>0</tilted></_>
    <_>
      <rects>
        <_>
          13 12 3 3 -1.</_>
        <_>
          13 13 3 1 3.</_></rects>
      <tilted>0</tilted></_>
    <_>
      <rects>
        <_>
          13 12 7 4 -1.</_>
        <_>
          13 14 7 2 2.</_></rects>
      <tilted>0</tilted></_>
    <_>
      <rects>
        <_>
          14 0 4 4 -1.</_>
        <_>
          14 0 2 2 2.</_>
        <_>
          16 2 2 2 2.</_></rects>
      <tilted>0</tilted></_>
    <_>
      <rects>
        <_>
          14 3 7 2 -1.</_>
        <_>
          14 4 7 1 2.</_></rects>
      <tilted>0</tilted></_>
    <_>
      <rects>
        <_>
          14 6 2 5 -1.</_>
        <_>
          15 6 1 5 2.</_></rects>
      <tilted>0</tilted></_>
    <_>
      <rects>
        <_>
          14 6 2 8 -1.</_>
        <_>
          15 6 1 8 2.</_></rects>
      <tilted>0</tilted></_>
    <_>
      <rects>
        <_>
          14 8 2 2 -1.</_>
        <_>
          15 8 1 2 2.</_></rects>
      <tilted>0</tilted></_>
    <_>
      <rects>
        <_>
          14 10 4 2 -1.</_>
        <_>
          16 10 2 2 2.</_></rects>
      <tilted>0</tilted></_>
    <_>
      <rects>
        <_>
          14 15 9 2 -1.</_>
        <_>
          17 15 3 2 3.</_></rects>
      <tilted>0</tilted></_>
    <_>
      <rects>
        <_>
          14 19 4 3 -1.</_>
        <_>
          14 20 4 1 3.</_></rects>
      <tilted>0</tilted></_>
    <_>
      <rects>
        <_>
          14 20 2 4 -1.</_>
        <_>
          14 22 2 2 2.</_></rects>
      <tilted>0</tilted></_>
    <_>
      <rects>
        <_>
          14 21 3 2 -1.</_>
        <_>
          14 22 3 1 2.</_></rects>
      <tilted>0</tilted></_>
    <_>
      <rects>
        <_>
          15 2 4 2 -1.</_>
        <_>
          15 2 2 1 2.</_>
        <_>
          17 3 2 1 2.</_></rects>
      <tilted>0</tilted></_>
    <_>
      <rects>
        <_>
          15 8 6 9 -1.</_>
        <_>
          17 8 2 9 3.</_></rects>
      <tilted>0</tilted></_>
    <_>
      <rects>
        <_>
          15 16 2 1 -1.</_>
        <_>
          16 16 1 1 2.</_></rects>
      <tilted>0</tilted></_>
    <_>
      <rects>
        <_>
          15 16 4 1 -1.</_>
        <_>
          17 16 2 1 2.</_></rects>
      <tilted>0</tilted></_>
    <_>
      <rects>
        <_>
          15 16 6 8 -1.</_>
        <_>
          15 20 6 4 2.</_></rects>
      <tilted>0</tilted></_>
    <_>
      <rects>
        <_>
          15 20 4 2 -1.</_>
        <_>
          15 21 4 1 2.</_></rects>
      <tilted>0</tilted></_>
    <_>
      <rects>
        <_>
          15 21 2 2 -1.</_>
        <_>
          15 21 1 1 2.</_>
        <_>
          16 22 1 1 2.</_></rects>
      <tilted>0</tilted></_>
    <_>
      <rects>
        <_>
          16 2 7 3 -1.</_>
        <_>
          16 3 7 1 3.</_></rects>
      <tilted>0</tilted></_>
    <_>
      <rects>
        <_>
          16 12 3 2 -1.</_>
        <_>
          16 13 3 1 2.</_></rects>
      <tilted>0</tilted></_>
    <_>
      <rects>
        <_>
          16 13 2 2 -1.</_>
        <_>
          17 13 1 2 2.</_></rects>
      <tilted>0</tilted></_>
    <_>
      <rects>
        <_>
          18 7 6 8 -1.</_>
        <_>
          18 7 3 4 2.</_>
        <_>
          21 11 3 4 2.</_></rects>
      <tilted>0</tilted></_>
    <_>
      <rects>
        <_>
          19 1 2 8 -1.</_>
        <_>
          19 1 1 4 2.</_>
        <_>
          20 5 1 4 2.</_></rects>
      <tilted>0</tilted></_>
    <_>
      <rects>
        <_>
          20 0 3 21 -1.</_>
        <_>
          21 0 1 21 3.</_></rects>
      <tilted>0</tilted></_>
    <_>
      <rects>
        <_>
          21 15 1 6 -1.</_>
        <_>
          21 17 1 2 3.</_></rects>
      <tilted>0</tilted></_></features></cascade>
</opencv_storage>
