<?xml version="1.0"?>
<opencv_storage>
<stage5>
  <maxWeakCount>9</maxWeakCount>
  <stageThreshold>-8.7202912569046021e-01</stageThreshold>
  <weakClassifiers>
    <_>
      <internalNodes>
        0 -1 40945 -4.8105893656611443e-03</internalNodes>
      <leafValues>
        7.6551723480224609e-01 -7.0967741310596466e-02</leafValues></_>
    <_>
      <internalNodes>
        0 -1 114312 1.9822665490210056e-03</internalNodes>
      <leafValues>
        -1.5741805732250214e-01 7.9999297857284546e-01</leafValues></_>
    <_>
      <internalNodes>
        0 -1 112660 9.4912890344858170e-03</internalNodes>
      <leafValues>
        -4.5069408416748047e-01 4.0921205282211304e-01</leafValues></_>
    <_>
      <internalNodes>
        0 -1 135358 -2.1108244545757771e-03</internalNodes>
      <leafValues>
        5.0050133466720581e-01 -3.4807074069976807e-01</leafValues></_>
    <_>
      <internalNodes>
        0 -1 96528 2.4346725549548864e-03</internalNodes>
      <leafValues>
        -4.3842071294784546e-01 4.2968171834945679e-01</leafValues></_>
    <_>
      <internalNodes>
        0 -1 84345 3.5085459239780903e-03</internalNodes>
      <leafValues>
        3.2663050293922424e-01 -5.8990377187728882e-01</leafValues></_>
    <_>
      <internalNodes>
        0 -1 19082 -1.0555522888898849e-01</internalNodes>
      <leafValues>
        9.1432970762252808e-01 -2.4445231258869171e-01</leafValues></_>
    <_>
      <internalNodes>
        0 -1 68552 1.9639218226075172e-03</internalNodes>
      <leafValues>
        -1.7941391468048096e-01 7.4792170524597168e-01</leafValues></_>
    <_>
      <internalNodes>
        0 -1 132397 -1.8661706708371639e-03</internalNodes>
      <leafValues>
        8.9763820171356201e-01 -1.7732445895671844e-01</leafValues></_></weakClassifiers></stage5>
</opencv_storage>
