<?xml version="1.0"?>
<opencv_storage>
<stage22>
  <maxWeakCount>17</maxWeakCount>
  <stageThreshold>-7.5625389814376831e-01</stageThreshold>
  <weakClassifiers>
    <_>
      <internalNodes>
        0 -1 64860 2.5638446211814880e-02</internalNodes>
      <leafValues>
        1.3916500844061375e-02 7.3803526163101196e-01</leafValues></_>
    <_>
      <internalNodes>
        0 -1 5265 6.9971457123756409e-02</internalNodes>
      <leafValues>
        -1.2352152168750763e-01 6.8958818912506104e-01</leafValues></_>
    <_>
      <internalNodes>
        0 -1 103798 7.5013019144535065e-02</internalNodes>
      <leafValues>
        1.7610721290111542e-01 -6.1956024169921875e-01</leafValues></_>
    <_>
      <internalNodes>
        0 -1 52952 1.4475167263299227e-03</internalNodes>
      <leafValues>
        -2.0826806128025055e-01 5.4697620868682861e-01</leafValues></_>
    <_>
      <internalNodes>
        0 -1 161121 2.8550115530379117e-05</internalNodes>
      <leafValues>
        -2.1904169023036957e-01 3.7500244379043579e-01</leafValues></_>
    <_>
      <internalNodes>
        0 -1 71628 -4.3613547459244728e-03</internalNodes>
      <leafValues>
        5.3955012559890747e-01 -1.9947156310081482e-01</leafValues></_>
    <_>
      <internalNodes>
        0 -1 90338 -2.3754735011607409e-03</internalNodes>
      <leafValues>
        6.8301749229431152e-01 -1.4824502170085907e-01</leafValues></_>
    <_>
      <internalNodes>
        0 -1 152678 -5.5199145572260022e-04</internalNodes>
      <leafValues>
        2.6080259680747986e-01 -3.5234865546226501e-01</leafValues></_>
    <_>
      <internalNodes>
        0 -1 60264 2.8800006475648843e-05</internalNodes>
      <leafValues>
        -2.4038124084472656e-01 3.7493363022804260e-01</leafValues></_>
    <_>
      <internalNodes>
        0 -1 37464 4.9643125385046005e-04</internalNodes>
      <leafValues>
        2.4635994434356689e-01 -4.0755048394203186e-01</leafValues></_>
    <_>
      <internalNodes>
        0 -1 157921 1.0452657006680965e-03</internalNodes>
      <leafValues>
        1.8169368803501129e-01 -5.0297260284423828e-01</leafValues></_>
    <_>
      <internalNodes>
        0 -1 48191 -2.6786597445607185e-03</internalNodes>
      <leafValues>
        7.0055341720581055e-01 -1.5153038501739502e-01</leafValues></_>
    <_>
      <internalNodes>
        0 -1 125979 -2.6679616421461105e-02</internalNodes>
      <leafValues>
        5.0909471511840820e-01 -1.6281087696552277e-01</leafValues></_>
    <_>
      <internalNodes>
        0 -1 159152 -3.3683679066598415e-03</internalNodes>
      <leafValues>
        7.6068574190139771e-01 -1.1591114848852158e-01</leafValues></_>
    <_>
      <internalNodes>
        0 -1 143061 1.0465327650308609e-03</internalNodes>
      <leafValues>
        -1.2872819602489471e-01 6.1466467380523682e-01</leafValues></_>
    <_>
      <internalNodes>
        0 -1 151561 1.5958633273839951e-02</internalNodes>
      <leafValues>
        -1.6841541230678558e-01 5.1876670122146606e-01</leafValues></_>
    <_>
      <internalNodes>
        0 -1 29430 -1.8679911736398935e-03</internalNodes>
      <leafValues>
        3.0273994803428650e-01 -2.7821329236030579e-01</leafValues></_></weakClassifiers></stage22>
</opencv_storage>
