<?xml version="1.0"?>
<opencv_storage>
<stage23>
  <maxWeakCount>8</maxWeakCount>
  <stageThreshold>-6.0916596651077271e-01</stageThreshold>
  <weakClassifiers>
    <_>
      <internalNodes>
        0 -1 35516 3.0715895816683769e-02</internalNodes>
      <leafValues>
        5.0000000000000000e-01 -8.3928573131561279e-01</leafValues></_>
    <_>
      <internalNodes>
        0 -1 40950 -1.0559724643826485e-02</internalNodes>
      <leafValues>
        4.8864200711250305e-01 -3.8297438621520996e-01</leafValues></_>
    <_>
      <internalNodes>
        0 -1 148226 3.8371075061149895e-04</internalNodes>
      <leafValues>
        -3.6144706606864929e-01 4.8527222871780396e-01</leafValues></_>
    <_>
      <internalNodes>
        0 -1 86724 1.3588080037152395e-05</internalNodes>
      <leafValues>
        -3.9843234419822693e-01 4.1337633132934570e-01</leafValues></_>
    <_>
      <internalNodes>
        0 -1 52053 -6.3265115022659302e-04</internalNodes>
      <leafValues>
        3.9039856195449829e-01 -3.4751328825950623e-01</leafValues></_>
    <_>
      <internalNodes>
        0 -1 59204 -8.3297563833184540e-05</internalNodes>
      <leafValues>
        3.7615650892257690e-01 -3.1009739637374878e-01</leafValues></_>
    <_>
      <internalNodes>
        0 -1 130181 2.2440832108259201e-03</internalNodes>
      <leafValues>
        1.5655063092708588e-01 -8.3225357532501221e-01</leafValues></_>
    <_>
      <internalNodes>
        0 -1 13080 3.4593343734741211e-02</internalNodes>
      <leafValues>
        -1.5150597691535950e-01 9.6905630826950073e-01</leafValues></_></weakClassifiers></stage23>
</opencv_storage>
