<?xml version="1.0"?>
<opencv_storage>
<stage29>
  <maxWeakCount>10</maxWeakCount>
  <stageThreshold>-8.2882314920425415e-01</stageThreshold>
  <weakClassifiers>
    <_>
      <internalNodes>
        0 -1 54183 1.2173868715763092e-02</internalNodes>
      <leafValues>
        -2.8530257940292358e-01 7.2151899337768555e-01</leafValues></_>
    <_>
      <internalNodes>
        0 -1 5207 2.4065900593996048e-02</internalNodes>
      <leafValues>
        -2.0351260900497437e-01 5.9214204549789429e-01</leafValues></_>
    <_>
      <internalNodes>
        0 -1 13375 -2.0668280194513500e-04</internalNodes>
      <leafValues>
        -2.8696087002754211e-01 4.8640316724777222e-01</leafValues></_>
    <_>
      <internalNodes>
        0 -1 156292 -1.4015118358656764e-03</internalNodes>
      <leafValues>
        5.8213770389556885e-01 -2.5328648090362549e-01</leafValues></_>
    <_>
      <internalNodes>
        0 -1 106096 -1.4506715160678141e-05</internalNodes>
      <leafValues>
        3.7090185284614563e-01 -3.5630834102630615e-01</leafValues></_>
    <_>
      <internalNodes>
        0 -1 155805 -4.8193796537816525e-03</internalNodes>
      <leafValues>
        5.1231056451797485e-01 -2.6036995649337769e-01</leafValues></_>
    <_>
      <internalNodes>
        0 -1 114303 1.0802866891026497e-03</internalNodes>
      <leafValues>
        -2.0690272748470306e-01 6.2916493415832520e-01</leafValues></_>
    <_>
      <internalNodes>
        0 -1 121237 -1.4472813745669555e-05</internalNodes>
      <leafValues>
        4.7185111045837402e-01 -2.2692298889160156e-01</leafValues></_>
    <_>
      <internalNodes>
        0 -1 9144 -2.0307175815105438e-02</internalNodes>
      <leafValues>
        8.5114997625350952e-01 -1.1212390661239624e-01</leafValues></_>
    <_>
      <internalNodes>
        0 -1 54956 7.3735695332288742e-03</internalNodes>
      <leafValues>
        -1.0927082598209381e-01 8.0671221017837524e-01</leafValues></_></weakClassifiers></stage29>
</opencv_storage>
