<?xml version="1.0"?>
<opencv_storage>
<stage25>
  <maxWeakCount>6</maxWeakCount>
  <stageThreshold>-4.5270451903343201e-01</stageThreshold>
  <weakClassifiers>
    <_>
      <internalNodes>
        0 -1 147476 2.8177114203572273e-02</internalNodes>
      <leafValues>
        5.0313675403594971e-01 -9.8058253526687622e-01</leafValues></_>
    <_>
      <internalNodes>
        0 -1 38852 -4.1749224066734314e-02</internalNodes>
      <leafValues>
        4.7307398915290833e-01 -4.1829046607017517e-01</leafValues></_>
    <_>
      <internalNodes>
        0 -1 151456 -3.2077697105705738e-03</internalNodes>
      <leafValues>
        5.9209835529327393e-01 -2.8471907973289490e-01</leafValues></_>
    <_>
      <internalNodes>
        0 -1 88303 5.7210559025406837e-03</internalNodes>
      <leafValues>
        -3.1829807162284851e-01 6.0358977317810059e-01</leafValues></_>
    <_>
      <internalNodes>
        0 -1 98632 8.3219644147902727e-04</internalNodes>
      <leafValues>
        -3.3644431829452515e-01 4.5063084363937378e-01</leafValues></_>
    <_>
      <internalNodes>
        0 -1 77852 1.6405612695962191e-03</internalNodes>
      <leafValues>
        -3.8516452908515930e-01 4.3459290266036987e-01</leafValues></_></weakClassifiers></stage25>
</opencv_storage>
