<?xml version="1.0"?>
<opencv_storage>
<stage28>
  <maxWeakCount>11</maxWeakCount>
  <stageThreshold>-6.1422133445739746e-01</stageThreshold>
  <weakClassifiers>
    <_>
      <internalNodes>
        0 -1 122300 -1.2333891354501247e-03</internalNodes>
      <leafValues>
        6.1090910434722900e-01 -1.0285714268684387e-01</leafValues></_>
    <_>
      <internalNodes>
        0 -1 118973 -2.7089383365819231e-05</internalNodes>
      <leafValues>
        3.9770105481147766e-01 -3.2768917083740234e-01</leafValues></_>
    <_>
      <internalNodes>
        0 -1 101145 -9.2897948343306780e-04</internalNodes>
      <leafValues>
        -5.7470244169235229e-01 2.1182748675346375e-01</leafValues></_>
    <_>
      <internalNodes>
        0 -1 147732 -2.6640668511390686e-03</internalNodes>
      <leafValues>
        7.9136592149734497e-01 -1.7243918776512146e-01</leafValues></_>
    <_>
      <internalNodes>
        0 -1 141048 -1.3607844266516622e-05</internalNodes>
      <leafValues>
        2.5581192970275879e-01 -4.1594558954238892e-01</leafValues></_>
    <_>
      <internalNodes>
        0 -1 5380 1.8264546990394592e-02</internalNodes>
      <leafValues>
        -3.2564380764961243e-01 3.5846507549285889e-01</leafValues></_>
    <_>
      <internalNodes>
        0 -1 158533 -2.9464295948855579e-05</internalNodes>
      <leafValues>
        4.9908202886581421e-01 -2.0827244222164154e-01</leafValues></_>
    <_>
      <internalNodes>
        0 -1 20936 -2.6122746930923313e-05</internalNodes>
      <leafValues>
        3.5876667499542236e-01 -2.7206724882125854e-01</leafValues></_>
    <_>
      <internalNodes>
        0 -1 137224 -5.1691740751266479e-02</internalNodes>
      <leafValues>
        4.7337618470191956e-01 -1.9693990051746368e-01</leafValues></_>
    <_>
      <internalNodes>
        0 -1 97101 -2.1106310305185616e-04</internalNodes>
      <leafValues>
        5.6994485855102539e-01 -1.4448913931846619e-01</leafValues></_>
    <_>
      <internalNodes>
        0 -1 148292 6.3673034310340881e-03</internalNodes>
      <leafValues>
        1.1687884479761124e-01 -8.3054274320602417e-01</leafValues></_></weakClassifiers></stage28>
</opencv_storage>
