<?xml version="1.0"?>
<opencv_storage>
<stage20>
  <maxWeakCount>19</maxWeakCount>
  <stageThreshold>-6.8007242679595947e-01</stageThreshold>
  <weakClassifiers>
    <_>
      <internalNodes>
        0 -1 141327 -2.9754399292869493e-05</internalNodes>
      <leafValues>
        5.9660297632217407e-01 4.4289045035839081e-02</leafValues></_>
    <_>
      <internalNodes>
        0 -1 98550 2.2839708253741264e-03</internalNodes>
      <leafValues>
        -1.6606526076793671e-01 4.4434565305709839e-01</leafValues></_>
    <_>
      <internalNodes>
        0 -1 59265 -1.7084442079067230e-02</internalNodes>
      <leafValues>
        6.2984287738800049e-01 -1.2986111640930176e-01</leafValues></_>
    <_>
      <internalNodes>
        0 -1 71054 -3.1239408999681473e-02</internalNodes>
      <leafValues>
        2.1555569767951965e-01 -3.6369159817695618e-01</leafValues></_>
    <_>
      <internalNodes>
        0 -1 4856 -7.4999583885073662e-03</internalNodes>
      <leafValues>
        -6.1751472949981689e-01 1.4211504161357880e-01</leafValues></_>
    <_>
      <internalNodes>
        0 -1 45138 -3.8505360484123230e-02</internalNodes>
      <leafValues>
        5.8784621953964233e-01 -1.3199681043624878e-01</leafValues></_>
    <_>
      <internalNodes>
        0 -1 146523 3.4637670032680035e-03</internalNodes>
      <leafValues>
        -3.3868899941444397e-01 2.2456742823123932e-01</leafValues></_>
    <_>
      <internalNodes>
        0 -1 153727 2.4200968444347382e-02</internalNodes>
      <leafValues>
        9.7383335232734680e-02 -8.0562096834182739e-01</leafValues></_>
    <_>
      <internalNodes>
        0 -1 89973 -1.3799315318465233e-02</internalNodes>
      <leafValues>
        -5.5877250432968140e-01 1.2850509583950043e-01</leafValues></_>
    <_>
      <internalNodes>
        0 -1 68915 -8.0546614481136203e-04</internalNodes>
      <leafValues>
        4.4489419460296631e-01 -1.8348251283168793e-01</leafValues></_>
    <_>
      <internalNodes>
        0 -1 138313 -1.7126400489360094e-03</internalNodes>
      <leafValues>
        4.4207763671875000e-01 -1.9510732591152191e-01</leafValues></_>
    <_>
      <internalNodes>
        0 -1 62924 7.7530550770461559e-03</internalNodes>
      <leafValues>
        -1.4512649178504944e-01 4.8346433043479919e-01</leafValues></_>
    <_>
      <internalNodes>
        0 -1 102201 8.2013639621436596e-04</internalNodes>
      <leafValues>
        1.2949460744857788e-01 -5.7014411687850952e-01</leafValues></_>
    <_>
      <internalNodes>
        0 -1 143960 7.6102092862129211e-05</internalNodes>
      <leafValues>
        -3.0719548463821411e-01 2.5352635979652405e-01</leafValues></_>
    <_>
      <internalNodes>
        0 -1 58548 3.3496774267405272e-03</internalNodes>
      <leafValues>
        -1.6166527569293976e-01 5.4697644710540771e-01</leafValues></_>
    <_>
      <internalNodes>
        0 -1 69398 1.1700289323925972e-02</internalNodes>
      <leafValues>
        -1.0179070383310318e-01 7.4918395280838013e-01</leafValues></_>
    <_>
      <internalNodes>
        0 -1 122462 6.4271334558725357e-03</internalNodes>
      <leafValues>
        1.1482956260442734e-01 -8.6647891998291016e-01</leafValues></_>
    <_>
      <internalNodes>
        0 -1 98568 -3.7222078535705805e-03</internalNodes>
      <leafValues>
        5.8730542659759521e-01 -1.3793478906154633e-01</leafValues></_>
    <_>
      <internalNodes>
        0 -1 47130 -1.7975755035877228e-02</internalNodes>
      <leafValues>
        7.9706531763076782e-01 -9.8060980439186096e-02</leafValues></_></weakClassifiers></stage20>
</opencv_storage>
