<?xml version="1.0"?>
<opencv_storage>
<stage21>
  <maxWeakCount>16</maxWeakCount>
  <stageThreshold>-6.3583683967590332e-01</stageThreshold>
  <weakClassifiers>
    <_>
      <internalNodes>
        0 -1 52253 -4.1767577640712261e-03</internalNodes>
      <leafValues>
        6.5048545598983765e-01 6.5573766827583313e-02</leafValues></_>
    <_>
      <internalNodes>
        0 -1 131802 -1.5791194527992047e-05</internalNodes>
      <leafValues>
        3.2628554105758667e-01 -3.4915772080421448e-01</leafValues></_>
    <_>
      <internalNodes>
        0 -1 134286 -1.9523801747709513e-03</internalNodes>
      <leafValues>
        5.7171273231506348e-01 -1.4717580378055573e-01</leafValues></_>
    <_>
      <internalNodes>
        0 -1 135732 -1.2257494963705540e-03</internalNodes>
      <leafValues>
        3.2290449738502502e-01 -2.3951303958892822e-01</leafValues></_>
    <_>
      <internalNodes>
        0 -1 12898 -6.5961149521172047e-03</internalNodes>
      <leafValues>
        6.4964383840560913e-01 -1.4179670810699463e-01</leafValues></_>
    <_>
      <internalNodes>
        0 -1 162335 1.8598505994305015e-04</internalNodes>
      <leafValues>
        2.0752820372581482e-01 -4.0307709574699402e-01</leafValues></_>
    <_>
      <internalNodes>
        0 -1 88232 1.0740447323769331e-03</internalNodes>
      <leafValues>
        -1.3530883193016052e-01 5.6113624572753906e-01</leafValues></_>
    <_>
      <internalNodes>
        0 -1 108731 1.0253597982227802e-02</internalNodes>
      <leafValues>
        1.6896665096282959e-01 -6.2822127342224121e-01</leafValues></_>
    <_>
      <internalNodes>
        0 -1 114211 2.4649179540574551e-03</internalNodes>
      <leafValues>
        -2.1676529943943024e-01 3.9383974671363831e-01</leafValues></_>
    <_>
      <internalNodes>
        0 -1 152661 -9.6402190625667572e-02</internalNodes>
      <leafValues>
        -6.7394721508026123e-01 1.2284678220748901e-01</leafValues></_>
    <_>
      <internalNodes>
        0 -1 57021 8.4854975342750549e-02</internalNodes>
      <leafValues>
        -1.1834327876567841e-01 7.9148697853088379e-01</leafValues></_>
    <_>
      <internalNodes>
        0 -1 128203 -2.2477880120277405e-03</internalNodes>
      <leafValues>
        5.9002870321273804e-01 -1.2200101464986801e-01</leafValues></_>
    <_>
      <internalNodes>
        0 -1 120501 2.2336965426802635e-02</internalNodes>
      <leafValues>
        -9.0155638754367828e-02 7.9196852445602417e-01</leafValues></_>
    <_>
      <internalNodes>
        0 -1 123403 1.5221997164189816e-03</internalNodes>
      <leafValues>
        1.5112915635108948e-01 -6.2732285261154175e-01</leafValues></_>
    <_>
      <internalNodes>
        0 -1 107835 4.6462938189506531e-03</internalNodes>
      <leafValues>
        -2.1084351837635040e-01 4.0581530332565308e-01</leafValues></_>
    <_>
      <internalNodes>
        0 -1 57223 -4.3690381571650505e-03</internalNodes>
      <leafValues>
        5.4741644859313965e-01 -1.3053305447101593e-01</leafValues></_></weakClassifiers></stage21>
</opencv_storage>
