<?xml version="1.0"?>
<opencv_storage>
<stage27>
  <maxWeakCount>12</maxWeakCount>
  <stageThreshold>-6.6853207349777222e-01</stageThreshold>
  <weakClassifiers>
    <_>
      <internalNodes>
        0 -1 81685 -2.1724302321672440e-02</internalNodes>
      <leafValues>
        -2.8755363821983337e-01 5.5022490024566650e-01</leafValues></_>
    <_>
      <internalNodes>
        0 -1 81174 -4.0815807878971100e-02</internalNodes>
      <leafValues>
        4.3253993988037109e-01 -3.3300647139549255e-01</leafValues></_>
    <_>
      <internalNodes>
        0 -1 151729 1.5974431880749762e-04</internalNodes>
      <leafValues>
        -2.8741750121116638e-01 4.4631585478782654e-01</leafValues></_>
    <_>
      <internalNodes>
        0 -1 38658 -3.8980208337306976e-02</internalNodes>
      <leafValues>
        -7.5519961118698120e-01 1.6547757387161255e-01</leafValues></_>
    <_>
      <internalNodes>
        0 -1 57750 5.0958306528627872e-03</internalNodes>
      <leafValues>
        -1.9879901409149170e-01 6.3636577129364014e-01</leafValues></_>
    <_>
      <internalNodes>
        0 -1 42304 -3.8095577619969845e-03</internalNodes>
      <leafValues>
        4.9110785126686096e-01 -2.4485599994659424e-01</leafValues></_>
    <_>
      <internalNodes>
        0 -1 47160 8.6334394291043282e-03</internalNodes>
      <leafValues>
        -1.5184833109378815e-01 6.0478204488754272e-01</leafValues></_>
    <_>
      <internalNodes>
        0 -1 60615 -8.1683155149221420e-03</internalNodes>
      <leafValues>
        6.5271300077438354e-01 -1.4344118535518646e-01</leafValues></_>
    <_>
      <internalNodes>
        0 -1 140154 6.9426866248250008e-03</internalNodes>
      <leafValues>
        -1.2095436453819275e-01 7.6376754045486450e-01</leafValues></_>
    <_>
      <internalNodes>
        0 -1 13300 4.9753108760342002e-04</internalNodes>
      <leafValues>
        2.7720403671264648e-01 -4.1787031292915344e-01</leafValues></_>
    <_>
      <internalNodes>
        0 -1 21353 3.1706124544143677e-02</internalNodes>
      <leafValues>
        9.7595065832138062e-02 -9.0907484292984009e-01</leafValues></_>
    <_>
      <internalNodes>
        0 -1 138819 1.1682793498039246e-02</internalNodes>
      <leafValues>
        -2.0647861063480377e-01 5.7035958766937256e-01</leafValues></_></weakClassifiers></stage27>
</opencv_storage>
