<?xml version="1.0"?>
<opencv_storage>
<stage26>
  <maxWeakCount>9</maxWeakCount>
  <stageThreshold>-1.0026872158050537e+00</stageThreshold>
  <weakClassifiers>
    <_>
      <internalNodes>
        0 -1 124292 -6.0517014935612679e-03</internalNodes>
      <leafValues>
        -9.4117647409439087e-01 4.9624061584472656e-01</leafValues></_>
    <_>
      <internalNodes>
        0 -1 73500 8.3700664341449738e-02</internalNodes>
      <leafValues>
        -2.3464725911617279e-01 7.2001415491104126e-01</leafValues></_>
    <_>
      <internalNodes>
        0 -1 155173 -1.8421548884361982e-03</internalNodes>
      <leafValues>
        -6.8799966573715210e-01 2.4969179928302765e-01</leafValues></_>
    <_>
      <internalNodes>
        0 -1 261 8.1921406090259552e-03</internalNodes>
      <leafValues>
        2.7119597792625427e-01 -5.1898050308227539e-01</leafValues></_>
    <_>
      <internalNodes>
        0 -1 81517 -9.8008289933204651e-04</internalNodes>
      <leafValues>
        6.1371612548828125e-01 -2.3531651496887207e-01</leafValues></_>
    <_>
      <internalNodes>
        0 -1 60260 -1.3712094187212642e-05</internalNodes>
      <leafValues>
        4.7010239958763123e-01 -2.8448608517646790e-01</leafValues></_>
    <_>
      <internalNodes>
        0 -1 8927 1.8108531832695007e-02</internalNodes>
      <leafValues>
        -2.2507475316524506e-01 5.9812039136886597e-01</leafValues></_>
    <_>
      <internalNodes>
        0 -1 21261 6.2676839530467987e-02</internalNodes>
      <leafValues>
        -1.6350142657756805e-01 7.4087637662887573e-01</leafValues></_>
    <_>
      <internalNodes>
        0 -1 98629 -2.9330104589462280e-03</internalNodes>
      <leafValues>
        5.9790098667144775e-01 -1.9396097958087921e-01</leafValues></_></weakClassifiers></stage26>
</opencv_storage>
