<?xml version="1.0"?>
<opencv_storage>
<stage24>
  <maxWeakCount>11</maxWeakCount>
  <stageThreshold>-9.2726379632949829e-01</stageThreshold>
  <weakClassifiers>
    <_>
      <internalNodes>
        0 -1 71470 -3.4177958965301514e-02</internalNodes>
      <leafValues>
        6.6015625000000000e-01 -9.7938142716884613e-02</leafValues></_>
    <_>
      <internalNodes>
        0 -1 103746 -1.7497682943940163e-02</internalNodes>
      <leafValues>
        5.8653843402862549e-01 -2.9262515902519226e-01</leafValues></_>
    <_>
      <internalNodes>
        0 -1 148952 3.9751268923282623e-03</internalNodes>
      <leafValues>
        -1.4745166897773743e-01 7.7138066291809082e-01</leafValues></_>
    <_>
      <internalNodes>
        0 -1 68664 5.8851125650107861e-03</internalNodes>
      <leafValues>
        -2.5955945253372192e-01 4.5965713262557983e-01</leafValues></_>
    <_>
      <internalNodes>
        0 -1 98008 3.3022634685039520e-02</internalNodes>
      <leafValues>
        -1.7633756995201111e-01 7.4493002891540527e-01</leafValues></_>
    <_>
      <internalNodes>
        0 -1 16604 -8.5047736763954163e-02</internalNodes>
      <leafValues>
        6.7489057779312134e-01 -1.5153899788856506e-01</leafValues></_>
    <_>
      <internalNodes>
        0 -1 52823 2.2821798920631409e-03</internalNodes>
      <leafValues>
        -1.0621275752782822e-01 8.0271697044372559e-01</leafValues></_>
    <_>
      <internalNodes>
        0 -1 25606 3.5896172630600631e-04</internalNodes>
      <leafValues>
        2.1668244898319244e-01 -5.1830989122390747e-01</leafValues></_>
    <_>
      <internalNodes>
        0 -1 148613 -2.9192813672125340e-03</internalNodes>
      <leafValues>
        7.2137641906738281e-01 -1.3158878684043884e-01</leafValues></_>
    <_>
      <internalNodes>
        0 -1 58876 1.4463461702689528e-03</internalNodes>
      <leafValues>
        -1.1728516221046448e-01 8.1577438116073608e-01</leafValues></_>
    <_>
      <internalNodes>
        0 -1 10049 5.7284539798274636e-04</internalNodes>
      <leafValues>
        2.1085718274116516e-01 -5.4257214069366455e-01</leafValues></_></weakClassifiers></stage24>
</opencv_storage>
