<?xml version="1.0"?>
<opencv_storage>
<stage19>
  <maxWeakCount>13</maxWeakCount>
  <stageThreshold>-8.2828348875045776e-01</stageThreshold>
  <weakClassifiers>
    <_>
      <internalNodes>
        0 -1 38309 -3.2467939890921116e-03</internalNodes>
      <leafValues>
        6.7002010345458984e-01 -8.1885859370231628e-02</leafValues></_>
    <_>
      <internalNodes>
        0 -1 128273 -5.3233519196510315e-02</internalNodes>
      <leafValues>
        5.0240826606750488e-01 -2.2192808985710144e-01</leafValues></_>
    <_>
      <internalNodes>
        0 -1 121314 1.5511778183281422e-03</internalNodes>
      <leafValues>
        -2.4519589543342590e-01 5.0806581974029541e-01</leafValues></_>
    <_>
      <internalNodes>
        0 -1 39182 2.2875765338540077e-02</internalNodes>
      <leafValues>
        -3.0484127998352051e-01 3.9864751696586609e-01</leafValues></_>
    <_>
      <internalNodes>
        0 -1 111345 7.2271496057510376e-02</internalNodes>
      <leafValues>
        -1.9624671339988708e-01 5.6702721118927002e-01</leafValues></_>
    <_>
      <internalNodes>
        0 -1 43733 -8.3940811455249786e-03</internalNodes>
      <leafValues>
        9.1869205236434937e-01 -1.0764525830745697e-01</leafValues></_>
    <_>
      <internalNodes>
        0 -1 25353 -3.1061023473739624e-02</internalNodes>
      <leafValues>
        9.2829734086990356e-01 -8.2769215106964111e-02</leafValues></_>
    <_>
      <internalNodes>
        0 -1 27336 -9.1407615691423416e-03</internalNodes>
      <leafValues>
        8.0779182910919189e-01 -7.9325079917907715e-02</leafValues></_>
    <_>
      <internalNodes>
        0 -1 122049 1.8049763748422265e-03</internalNodes>
      <leafValues>
        -1.5521208941936493e-01 6.4532810449600220e-01</leafValues></_>
    <_>
      <internalNodes>
        0 -1 105411 4.5910798944532871e-03</internalNodes>
      <leafValues>
        -2.1145904064178467e-01 4.5152437686920166e-01</leafValues></_>
    <_>
      <internalNodes>
        0 -1 34529 -1.5507379546761513e-02</internalNodes>
      <leafValues>
        7.2933590412139893e-01 -1.2580384314060211e-01</leafValues></_>
    <_>
      <internalNodes>
        0 -1 7591 2.2394554689526558e-02</internalNodes>
      <leafValues>
        -2.0012171566486359e-01 4.8169749975204468e-01</leafValues></_>
    <_>
      <internalNodes>
        0 -1 151879 3.6177647416479886e-05</internalNodes>
      <leafValues>
        -2.4367462098598480e-01 3.7215456366539001e-01</leafValues></_></weakClassifiers></stage19>
</opencv_storage>
