<?xml version="1.0"?>
<opencv_storage>
<stage13>
  <maxWeakCount>11</maxWeakCount>
  <stageThreshold>-8.9393550157546997e-01</stageThreshold>
  <weakClassifiers>
    <_>
      <internalNodes>
        0 -1 114505 -5.6873438879847527e-03</internalNodes>
      <leafValues>
        6.3953489065170288e-01 -7.8125000000000000e-02</leafValues></_>
    <_>
      <internalNodes>
        0 -1 21218 1.3307264447212219e-01</internalNodes>
      <leafValues>
        -2.0721298456192017e-01 5.6531125307083130e-01</leafValues></_>
    <_>
      <internalNodes>
        0 -1 133731 -8.8764913380146027e-04</internalNodes>
      <leafValues>
        4.6733784675598145e-01 -2.1890476346015930e-01</leafValues></_>
    <_>
      <internalNodes>
        0 -1 82278 5.8492663083598018e-04</internalNodes>
      <leafValues>
        -2.6694321632385254e-01 4.3554136157035828e-01</leafValues></_>
    <_>
      <internalNodes>
        0 -1 808 -3.2303668558597565e-02</internalNodes>
      <leafValues>
        -7.6688057184219360e-01 1.2813475728034973e-01</leafValues></_>
    <_>
      <internalNodes>
        0 -1 14680 1.9488621503114700e-02</internalNodes>
      <leafValues>
        2.1377365291118622e-01 -5.0637108087539673e-01</leafValues></_>
    <_>
      <internalNodes>
        0 -1 78937 3.2317176461219788e-02</internalNodes>
      <leafValues>
        -2.1534538269042969e-01 5.9426784515380859e-01</leafValues></_>
    <_>
      <internalNodes>
        0 -1 46446 -4.9821317195892334e-02</internalNodes>
      <leafValues>
        7.5358873605728149e-01 -1.1143260449171066e-01</leafValues></_>
    <_>
      <internalNodes>
        0 -1 68552 1.9471365958452225e-03</internalNodes>
      <leafValues>
        -1.4477264881134033e-01 5.1776444911956787e-01</leafValues></_>
    <_>
      <internalNodes>
        0 -1 161793 4.3137307511642575e-04</internalNodes>
      <leafValues>
        2.2440104186534882e-01 -4.0880173444747925e-01</leafValues></_>
    <_>
      <internalNodes>
        0 -1 12252 1.2547745136544108e-03</internalNodes>
      <leafValues>
        2.6382741332054138e-01 -3.5682982206344604e-01</leafValues></_></weakClassifiers></stage13>
</opencv_storage>
