<?xml version="1.0"?>
<opencv_storage>
<stage16>
  <maxWeakCount>13</maxWeakCount>
  <stageThreshold>-7.6190876960754395e-01</stageThreshold>
  <weakClassifiers>
    <_>
      <internalNodes>
        0 -1 123026 2.3685335181653500e-03</internalNodes>
      <leafValues>
        5.8397537469863892e-01 -3.1474104523658752e-01</leafValues></_>
    <_>
      <internalNodes>
        0 -1 81519 -3.9385939016938210e-03</internalNodes>
      <leafValues>
        5.4806637763977051e-01 -2.3282364010810852e-01</leafValues></_>
    <_>
      <internalNodes>
        0 -1 62924 5.6299064308404922e-03</internalNodes>
      <leafValues>
        -1.8677119910717010e-01 5.5713731050491333e-01</leafValues></_>
    <_>
      <internalNodes>
        0 -1 138814 -5.5284840054810047e-03</internalNodes>
      <leafValues>
        4.4377815723419189e-01 -2.7054360508918762e-01</leafValues></_>
    <_>
      <internalNodes>
        0 -1 138131 -2.3249210789799690e-03</internalNodes>
      <leafValues>
        4.9323266744613647e-01 -2.2137288749217987e-01</leafValues></_>
    <_>
      <internalNodes>
        0 -1 100069 -1.6050754114985466e-02</internalNodes>
      <leafValues>
        -7.4730610847473145e-01 1.5281787514686584e-01</leafValues></_>
    <_>
      <internalNodes>
        0 -1 143624 -2.8681865660473704e-04</internalNodes>
      <leafValues>
        4.7499051690101624e-01 -2.3215942084789276e-01</leafValues></_>
    <_>
      <internalNodes>
        0 -1 154105 -9.4790570437908173e-04</internalNodes>
      <leafValues>
        4.4499188661575317e-01 -2.4571682512760162e-01</leafValues></_>
    <_>
      <internalNodes>
        0 -1 58134 -3.0950666405260563e-03</internalNodes>
      <leafValues>
        7.4355888366699219e-01 -1.1541183292865753e-01</leafValues></_>
    <_>
      <internalNodes>
        0 -1 98655 8.6604774696752429e-04</internalNodes>
      <leafValues>
        -1.4953823387622833e-01 6.0714888572692871e-01</leafValues></_>
    <_>
      <internalNodes>
        0 -1 145038 -1.3607844266516622e-05</internalNodes>
      <leafValues>
        4.2090460658073425e-01 -2.3249059915542603e-01</leafValues></_>
    <_>
      <internalNodes>
        0 -1 70889 9.1981645673513412e-03</internalNodes>
      <leafValues>
        -1.3997076451778412e-01 7.7342331409454346e-01</leafValues></_>
    <_>
      <internalNodes>
        0 -1 116529 -6.1583175556734204e-04</internalNodes>
      <leafValues>
        -7.2207742929458618e-01 1.7234331369400024e-01</leafValues></_></weakClassifiers></stage16>
</opencv_storage>
