<?xml version="1.0"?>
<opencv_storage>
<stage17>
  <maxWeakCount>11</maxWeakCount>
  <stageThreshold>-6.6762202978134155e-01</stageThreshold>
  <weakClassifiers>
    <_>
      <internalNodes>
        0 -1 51516 -4.0163826197385788e-03</internalNodes>
      <leafValues>
        7.1673822402954102e-01 -7.8341014683246613e-02</leafValues></_>
    <_>
      <internalNodes>
        0 -1 108743 -1.1785974726080894e-02</internalNodes>
      <leafValues>
        6.8219918012619019e-01 -2.0624594390392303e-01</leafValues></_>
    <_>
      <internalNodes>
        0 -1 77806 5.4958425462245941e-03</internalNodes>
      <leafValues>
        -1.6148810088634491e-01 6.6574293375015259e-01</leafValues></_>
    <_>
      <internalNodes>
        0 -1 153272 -4.3633516877889633e-02</internalNodes>
      <leafValues>
        -6.6123902797698975e-01 1.7746531963348389e-01</leafValues></_>
    <_>
      <internalNodes>
        0 -1 116552 -2.0063854753971100e-03</internalNodes>
      <leafValues>
        -7.5234955549240112e-01 1.4180144667625427e-01</leafValues></_>
    <_>
      <internalNodes>
        0 -1 145035 -3.7472469557542354e-05</internalNodes>
      <leafValues>
        3.0950105190277100e-01 -3.6993309855461121e-01</leafValues></_>
    <_>
      <internalNodes>
        0 -1 156571 -9.7567948978394270e-04</internalNodes>
      <leafValues>
        4.2514014244079590e-01 -3.0105447769165039e-01</leafValues></_>
    <_>
      <internalNodes>
        0 -1 127898 -1.7153199296444654e-03</internalNodes>
      <leafValues>
        5.5791342258453369e-01 -1.9822539389133453e-01</leafValues></_>
    <_>
      <internalNodes>
        0 -1 141892 -3.1306884920923039e-05</internalNodes>
      <leafValues>
        2.7477100491523743e-01 -4.1584393382072449e-01</leafValues></_>
    <_>
      <internalNodes>
        0 -1 133759 -4.5201648026704788e-04</internalNodes>
      <leafValues>
        5.7677936553955078e-01 -1.9235061109066010e-01</leafValues></_>
    <_>
      <internalNodes>
        0 -1 93741 -1.0019638575613499e-03</internalNodes>
      <leafValues>
        -4.5410653948783875e-01 2.4597886204719543e-01</leafValues></_></weakClassifiers></stage17>
</opencv_storage>
