<?xml version="1.0"?>
<opencv_storage>
<stage11>
  <maxWeakCount>18</maxWeakCount>
  <stageThreshold>-6.4774113893508911e-01</stageThreshold>
  <weakClassifiers>
    <_>
      <internalNodes>
        0 -1 134678 1.5598880127072334e-03</internalNodes>
      <leafValues>
        4.9855908751487732e-01 -2.2330096364021301e-01</leafValues></_>
    <_>
      <internalNodes>
        0 -1 81746 -6.8860240280628204e-03</internalNodes>
      <leafValues>
        3.3584305644035339e-01 -4.0632969141006470e-01</leafValues></_>
    <_>
      <internalNodes>
        0 -1 112847 2.6038261130452156e-03</internalNodes>
      <leafValues>
        -2.7128994464874268e-01 4.7177237272262573e-01</leafValues></_>
    <_>
      <internalNodes>
        0 -1 143754 -2.5095636956393719e-03</internalNodes>
      <leafValues>
        4.4374844431877136e-01 -2.6009422540664673e-01</leafValues></_>
    <_>
      <internalNodes>
        0 -1 133593 -7.9651153646409512e-04</internalNodes>
      <leafValues>
        5.6892633438110352e-01 -1.8429727852344513e-01</leafValues></_>
    <_>
      <internalNodes>
        0 -1 88238 1.5701788943260908e-03</internalNodes>
      <leafValues>
        -1.5695539116859436e-01 6.0257065296173096e-01</leafValues></_>
    <_>
      <internalNodes>
        0 -1 21606 -3.0811792239546776e-03</internalNodes>
      <leafValues>
        6.2304568290710449e-01 -1.2266936898231506e-01</leafValues></_>
    <_>
      <internalNodes>
        0 -1 1707 -8.1336665898561478e-03</internalNodes>
      <leafValues>
        5.3694939613342285e-01 -1.5449243783950806e-01</leafValues></_>
    <_>
      <internalNodes>
        0 -1 147727 7.0540129672735929e-04</internalNodes>
      <leafValues>
        -1.8489298224449158e-01 5.0704091787338257e-01</leafValues></_>
    <_>
      <internalNodes>
        0 -1 80487 -3.1642364338040352e-03</internalNodes>
      <leafValues>
        6.1058592796325684e-01 -1.2254315614700317e-01</leafValues></_>
    <_>
      <internalNodes>
        0 -1 153010 8.4675271064043045e-03</internalNodes>
      <leafValues>
        -2.0991005003452301e-01 3.8655659556388855e-01</leafValues></_>
    <_>
      <internalNodes>
        0 -1 138184 1.1121307034045458e-03</internalNodes>
      <leafValues>
        -2.2168700397014618e-01 3.5891512036323547e-01</leafValues></_>
    <_>
      <internalNodes>
        0 -1 143832 1.6557381022721529e-03</internalNodes>
      <leafValues>
        -2.0512089133262634e-01 4.4286581873893738e-01</leafValues></_>
    <_>
      <internalNodes>
        0 -1 94713 -9.2754123033955693e-04</internalNodes>
      <leafValues>
        -5.8872264623641968e-01 1.3680894672870636e-01</leafValues></_>
    <_>
      <internalNodes>
        0 -1 99964 1.7394148744642735e-03</internalNodes>
      <leafValues>
        1.3616405427455902e-01 -6.5951585769653320e-01</leafValues></_>
    <_>
      <internalNodes>
        0 -1 251 -5.8232434093952179e-03</internalNodes>
      <leafValues>
        -4.2657130956649780e-01 1.7981380224227905e-01</leafValues></_>
    <_>
      <internalNodes>
        0 -1 51441 1.8698866479098797e-03</internalNodes>
      <leafValues>
        -1.9078664481639862e-01 4.4555133581161499e-01</leafValues></_>
    <_>
      <internalNodes>
        0 -1 91697 4.6489033848047256e-03</internalNodes>
      <leafValues>
        -1.9480252265930176e-01 4.9473878741264343e-01</leafValues></_></weakClassifiers></stage11>
</opencv_storage>
