<?xml version="1.0"?>
<opencv_storage>
<stage18>
  <maxWeakCount>15</maxWeakCount>
  <stageThreshold>-6.6620820760726929e-01</stageThreshold>
  <weakClassifiers>
    <_>
      <internalNodes>
        0 -1 100701 6.4030289649963379e-03</internalNodes>
      <leafValues>
        4.5018914341926575e-01 -5.3271025419235229e-01</leafValues></_>
    <_>
      <internalNodes>
        0 -1 92196 7.1903280913829803e-02</internalNodes>
      <leafValues>
        -1.9970338046550751e-01 5.5683922767639160e-01</leafValues></_>
    <_>
      <internalNodes>
        0 -1 82215 1.2157147284597158e-03</internalNodes>
      <leafValues>
        -2.1296548843383789e-01 4.3615922331809998e-01</leafValues></_>
    <_>
      <internalNodes>
        0 -1 43038 8.8555440306663513e-03</internalNodes>
      <leafValues>
        -1.7339177429676056e-01 5.9076344966888428e-01</leafValues></_>
    <_>
      <internalNodes>
        0 -1 154962 -3.8207215256989002e-03</internalNodes>
      <leafValues>
        -5.8079612255096436e-01 1.9712795317173004e-01</leafValues></_>
    <_>
      <internalNodes>
        0 -1 125748 -3.0561786843463778e-05</internalNodes>
      <leafValues>
        2.7035322785377502e-01 -3.7194895744323730e-01</leafValues></_>
    <_>
      <internalNodes>
        0 -1 144718 -4.3334218207746744e-04</internalNodes>
      <leafValues>
        6.1205333471298218e-01 -1.7248815298080444e-01</leafValues></_>
    <_>
      <internalNodes>
        0 -1 126518 9.8206195980310440e-03</internalNodes>
      <leafValues>
        -3.0346259474754333e-01 3.5967707633972168e-01</leafValues></_>
    <_>
      <internalNodes>
        0 -1 153610 8.2135142292827368e-04</internalNodes>
      <leafValues>
        2.0817123353481293e-01 -4.6304571628570557e-01</leafValues></_>
    <_>
      <internalNodes>
        0 -1 121974 -1.1899990495294333e-03</internalNodes>
      <leafValues>
        4.8636776208877563e-01 -2.1294669806957245e-01</leafValues></_>
    <_>
      <internalNodes>
        0 -1 11465 -5.4467134177684784e-02</internalNodes>
      <leafValues>
        5.0581020116806030e-01 -2.0561113953590393e-01</leafValues></_>
    <_>
      <internalNodes>
        0 -1 47204 2.8499621897935867e-02</internalNodes>
      <leafValues>
        -1.3146516680717468e-01 7.0276618003845215e-01</leafValues></_>
    <_>
      <internalNodes>
        0 -1 27776 2.3942659609019756e-03</internalNodes>
      <leafValues>
        -1.7664116621017456e-01 4.9102324247360229e-01</leafValues></_>
    <_>
      <internalNodes>
        0 -1 99328 9.0450060088187456e-04</internalNodes>
      <leafValues>
        -1.0111153125762939e-01 8.5123991966247559e-01</leafValues></_>
    <_>
      <internalNodes>
        0 -1 115531 1.3310553040355444e-03</internalNodes>
      <leafValues>
        1.9811926782131195e-01 -5.9230250120162964e-01</leafValues></_></weakClassifiers></stage18>
</opencv_storage>
