<?xml version="1.0"?>
<opencv_storage>
<stage10>
  <maxWeakCount>18</maxWeakCount>
  <stageThreshold>-6.6112846136093140e-01</stageThreshold>
  <weakClassifiers>
    <_>
      <internalNodes>
        0 -1 72398 -3.8808183744549751e-03</internalNodes>
      <leafValues>
        6.0000002384185791e-01 -3.1578946858644485e-02</leafValues></_>
    <_>
      <internalNodes>
        0 -1 136929 -3.6164216697216034e-02</internalNodes>
      <leafValues>
        5.9752380847930908e-01 -1.8219235539436340e-01</leafValues></_>
    <_>
      <internalNodes>
        0 -1 143424 -1.0429677553474903e-02</internalNodes>
      <leafValues>
        4.2732870578765869e-01 -2.4311275780200958e-01</leafValues></_>
    <_>
      <internalNodes>
        0 -1 12027 -2.2052403539419174e-02</internalNodes>
      <leafValues>
        4.3592908978462219e-01 -2.5992870330810547e-01</leafValues></_>
    <_>
      <internalNodes>
        0 -1 43823 -6.7177033051848412e-03</internalNodes>
      <leafValues>
        4.4429615139961243e-01 -2.2431507706642151e-01</leafValues></_>
    <_>
      <internalNodes>
        0 -1 10049 3.1295305234380066e-04</internalNodes>
      <leafValues>
        2.1660248935222626e-01 -4.7138753533363342e-01</leafValues></_>
    <_>
      <internalNodes>
        0 -1 146701 -1.3578514568507671e-02</internalNodes>
      <leafValues>
        7.8328257799148560e-01 -1.2751869857311249e-01</leafValues></_>
    <_>
      <internalNodes>
        0 -1 88941 -3.0723243951797485e-02</internalNodes>
      <leafValues>
        4.6455380320549011e-01 -1.8372267484664917e-01</leafValues></_>
    <_>
      <internalNodes>
        0 -1 122915 -7.9317006748169661e-04</internalNodes>
      <leafValues>
        -7.0287668704986572e-01 1.3310769200325012e-01</leafValues></_>
    <_>
      <internalNodes>
        0 -1 49187 8.3987107500433922e-03</internalNodes>
      <leafValues>
        -1.7301131784915924e-01 6.1612850427627563e-01</leafValues></_>
    <_>
      <internalNodes>
        0 -1 43042 -5.9900572523474693e-03</internalNodes>
      <leafValues>
        5.0092637538909912e-01 -1.6678036749362946e-01</leafValues></_>
    <_>
      <internalNodes>
        0 -1 323 1.9311452051624656e-03</internalNodes>
      <leafValues>
        1.8777257204055786e-01 -5.3050845861434937e-01</leafValues></_>
    <_>
      <internalNodes>
        0 -1 63720 1.3368817977607250e-02</internalNodes>
      <leafValues>
        -1.9255897402763367e-01 5.1006805896759033e-01</leafValues></_>
    <_>
      <internalNodes>
        0 -1 161095 -1.4360997738549486e-05</internalNodes>
      <leafValues>
        3.8476908206939697e-01 -2.7662500739097595e-01</leafValues></_>
    <_>
      <internalNodes>
        0 -1 96366 1.4305811375379562e-02</internalNodes>
      <leafValues>
        -2.6650297641754150e-01 3.5746487975120544e-01</leafValues></_>
    <_>
      <internalNodes>
        0 -1 133925 6.2593491747975349e-03</internalNodes>
      <leafValues>
        -1.8435545265674591e-01 5.2065420150756836e-01</leafValues></_>
    <_>
      <internalNodes>
        0 -1 152949 7.3567507788538933e-03</internalNodes>
      <leafValues>
        -1.0657502710819244e-01 7.9909670352935791e-01</leafValues></_>
    <_>
      <internalNodes>
        0 -1 15439 7.5172027572989464e-04</internalNodes>
      <leafValues>
        1.6222688555717468e-01 -6.4696091413497925e-01</leafValues></_></weakClassifiers></stage10>
</opencv_storage>
