<?xml version="1.0"?>
<opencv_storage>
<stage15>
  <maxWeakCount>18</maxWeakCount>
  <stageThreshold>-8.0749130249023438e-01</stageThreshold>
  <weakClassifiers>
    <_>
      <internalNodes>
        0 -1 136134 -7.7714890241622925e-02</internalNodes>
      <leafValues>
        -7.9411762952804565e-01 4.2548078298568726e-01</leafValues></_>
    <_>
      <internalNodes>
        0 -1 90314 -1.2936696410179138e-01</internalNodes>
      <leafValues>
        7.0884644985198975e-01 -1.8337316811084747e-01</leafValues></_>
    <_>
      <internalNodes>
        0 -1 149436 1.5576453879475594e-02</internalNodes>
      <leafValues>
        -2.3285342752933502e-01 5.3917866945266724e-01</leafValues></_>
    <_>
      <internalNodes>
        0 -1 143085 -1.0745011270046234e-02</internalNodes>
      <leafValues>
        3.8642400503158569e-01 -2.6780620217323303e-01</leafValues></_>
    <_>
      <internalNodes>
        0 -1 18839 5.1678684540092945e-03</internalNodes>
      <leafValues>
        -1.3428495824337006e-01 7.1134179830551147e-01</leafValues></_>
    <_>
      <internalNodes>
        0 -1 109188 -1.4395359903573990e-03</internalNodes>
      <leafValues>
        -5.2628785371780396e-01 1.8751062452793121e-01</leafValues></_>
    <_>
      <internalNodes>
        0 -1 68094 4.9096770584583282e-02</internalNodes>
      <leafValues>
        -1.8157690763473511e-01 5.6203633546829224e-01</leafValues></_>
    <_>
      <internalNodes>
        0 -1 132217 5.7301446795463562e-02</internalNodes>
      <leafValues>
        -9.2852190136909485e-02 9.5045351982116699e-01</leafValues></_>
    <_>
      <internalNodes>
        0 -1 81218 3.0490797944366932e-03</internalNodes>
      <leafValues>
        -1.6085302829742432e-01 4.8632439970970154e-01</leafValues></_>
    <_>
      <internalNodes>
        0 -1 71698 2.0771888084709644e-03</internalNodes>
      <leafValues>
        -1.2163732945919037e-01 6.9184434413909912e-01</leafValues></_>
    <_>
      <internalNodes>
        0 -1 31908 9.4748865813016891e-03</internalNodes>
      <leafValues>
        -1.0666393488645554e-01 6.9273990392684937e-01</leafValues></_>
    <_>
      <internalNodes>
        0 -1 137301 1.7294662538915873e-03</internalNodes>
      <leafValues>
        1.8303035199642181e-01 -5.1826792955398560e-01</leafValues></_>
    <_>
      <internalNodes>
        0 -1 90290 -2.2225383669137955e-02</internalNodes>
      <leafValues>
        2.7534890174865723e-01 -3.1981602311134338e-01</leafValues></_>
    <_>
      <internalNodes>
        0 -1 51813 7.3400456458330154e-03</internalNodes>
      <leafValues>
        2.8515952825546265e-01 -3.4614613652229309e-01</leafValues></_>
    <_>
      <internalNodes>
        0 -1 59112 2.9693918768316507e-03</internalNodes>
      <leafValues>
        -2.0447894930839539e-01 4.1544723510742188e-01</leafValues></_>
    <_>
      <internalNodes>
        0 -1 61601 -2.6144418865442276e-02</internalNodes>
      <leafValues>
        3.9823803305625916e-01 -2.3776340484619141e-01</leafValues></_>
    <_>
      <internalNodes>
        0 -1 151751 -2.7744241524487734e-03</internalNodes>
      <leafValues>
        5.2590346336364746e-01 -1.9740413129329681e-01</leafValues></_>
    <_>
      <internalNodes>
        0 -1 142471 -2.2047206759452820e-02</internalNodes>
      <leafValues>
        8.6792868375778198e-01 -1.0153909027576447e-01</leafValues></_></weakClassifiers></stage15>
</opencv_storage>
