<?xml version="1.0"?>
<opencv_storage>
<stage12>
  <maxWeakCount>15</maxWeakCount>
  <stageThreshold>-9.0523201227188110e-01</stageThreshold>
  <weakClassifiers>
    <_>
      <internalNodes>
        0 -1 124991 2.8535036370158195e-02</internalNodes>
      <leafValues>
        2.0533881615847349e-03 7.2397094964981079e-01</leafValues></_>
    <_>
      <internalNodes>
        0 -1 133596 1.6484963707625866e-03</internalNodes>
      <leafValues>
        -1.8166410923004150e-01 6.1512029170989990e-01</leafValues></_>
    <_>
      <internalNodes>
        0 -1 114681 -4.1409537196159363e-02</internalNodes>
      <leafValues>
        6.8869835138320923e-01 -1.9157126545906067e-01</leafValues></_>
    <_>
      <internalNodes>
        0 -1 37264 -8.1372680142521858e-03</internalNodes>
      <leafValues>
        6.7498111724853516e-01 -1.7027258872985840e-01</leafValues></_>
    <_>
      <internalNodes>
        0 -1 109555 -6.4490721561014652e-03</internalNodes>
      <leafValues>
        -6.9682317972183228e-01 1.5752387046813965e-01</leafValues></_>
    <_>
      <internalNodes>
        0 -1 157449 3.1300638511311263e-05</internalNodes>
      <leafValues>
        -3.2223466038703918e-01 3.1721478700637817e-01</leafValues></_>
    <_>
      <internalNodes>
        0 -1 909 -2.8990004211664200e-02</internalNodes>
      <leafValues>
        4.1103899478912354e-01 -3.3135399222373962e-01</leafValues></_>
    <_>
      <internalNodes>
        0 -1 59739 1.6422729822807014e-04</internalNodes>
      <leafValues>
        -2.9814192652702332e-01 3.7803208827972412e-01</leafValues></_>
    <_>
      <internalNodes>
        0 -1 73783 -2.0759692415595055e-03</internalNodes>
      <leafValues>
        8.5254216194152832e-01 -1.0131042450666428e-01</leafValues></_>
    <_>
      <internalNodes>
        0 -1 69090 -5.5075697600841522e-02</internalNodes>
      <leafValues>
        7.2028034925460815e-01 -1.2452729791402817e-01</leafValues></_>
    <_>
      <internalNodes>
        0 -1 45036 -6.9242538884282112e-03</internalNodes>
      <leafValues>
        5.1165705919265747e-01 -1.8015697598457336e-01</leafValues></_>
    <_>
      <internalNodes>
        0 -1 9490 -4.9148006364703178e-03</internalNodes>
      <leafValues>
        5.0793665647506714e-01 -2.1478272974491119e-01</leafValues></_>
    <_>
      <internalNodes>
        0 -1 111100 2.6462357491254807e-02</internalNodes>
      <leafValues>
        1.3886937499046326e-01 -8.9900153875350952e-01</leafValues></_>
    <_>
      <internalNodes>
        0 -1 147238 1.9963064696639776e-03</internalNodes>
      <leafValues>
        -1.8505585193634033e-01 7.0094293355941772e-01</leafValues></_>
    <_>
      <internalNodes>
        0 -1 1110 -1.0607773438096046e-03</internalNodes>
      <leafValues>
        -4.8456013202667236e-01 2.5258550047874451e-01</leafValues></_></weakClassifiers></stage12>
</opencv_storage>
