<?xml version="1.0"?>
<opencv_storage>
<stage14>
  <maxWeakCount>16</maxWeakCount>
  <stageThreshold>-8.4018570184707642e-01</stageThreshold>
  <weakClassifiers>
    <_>
      <internalNodes>
        0 -1 118326 -2.9838152695447206e-03</internalNodes>
      <leafValues>
        6.0546875000000000e-01 -2.5773195549845695e-02</leafValues></_>
    <_>
      <internalNodes>
        0 -1 62988 3.0003511346876621e-03</internalNodes>
      <leafValues>
        -2.5043353438377380e-01 4.0357202291488647e-01</leafValues></_>
    <_>
      <internalNodes>
        0 -1 127393 -5.5166888050734997e-03</internalNodes>
      <leafValues>
        4.6573361754417419e-01 -2.2416256368160248e-01</leafValues></_>
    <_>
      <internalNodes>
        0 -1 47870 4.3903691694140434e-03</internalNodes>
      <leafValues>
        -1.5772883594036102e-01 7.6473927497863770e-01</leafValues></_>
    <_>
      <internalNodes>
        0 -1 47107 -1.0448437184095383e-02</internalNodes>
      <leafValues>
        5.2193093299865723e-01 -1.6345602273941040e-01</leafValues></_>
    <_>
      <internalNodes>
        0 -1 12596 -7.7843042090535164e-03</internalNodes>
      <leafValues>
        -6.2485152482986450e-01 1.3227513432502747e-01</leafValues></_>
    <_>
      <internalNodes>
        0 -1 69257 4.2403466068208218e-04</internalNodes>
      <leafValues>
        -1.4981527626514435e-01 5.3649443387985229e-01</leafValues></_>
    <_>
      <internalNodes>
        0 -1 59207 9.7702059429138899e-04</internalNodes>
      <leafValues>
        -1.7631176114082336e-01 4.8374453186988831e-01</leafValues></_>
    <_>
      <internalNodes>
        0 -1 27034 -1.5505007468163967e-03</internalNodes>
      <leafValues>
        -4.9896779656410217e-01 2.0079548656940460e-01</leafValues></_>
    <_>
      <internalNodes>
        0 -1 107506 -1.2691095471382141e-03</internalNodes>
      <leafValues>
        4.5668667554855347e-01 -1.9723838567733765e-01</leafValues></_>
    <_>
      <internalNodes>
        0 -1 139121 -6.6771386191248894e-03</internalNodes>
      <leafValues>
        4.8995169997215271e-01 -2.1038141846656799e-01</leafValues></_>
    <_>
      <internalNodes>
        0 -1 16117 -1.5664507373003289e-05</internalNodes>
      <leafValues>
        2.7531632781028748e-01 -3.3565077185630798e-01</leafValues></_>
    <_>
      <internalNodes>
        0 -1 122125 -2.9584977310150862e-03</internalNodes>
      <leafValues>
        6.7467093467712402e-01 -1.4949746429920197e-01</leafValues></_>
    <_>
      <internalNodes>
        0 -1 152063 6.7688776180148125e-03</internalNodes>
      <leafValues>
        -2.6913717389106750e-01 3.4702351689338684e-01</leafValues></_>
    <_>
      <internalNodes>
        0 -1 102201 1.5893116142251529e-05</internalNodes>
      <leafValues>
        -3.0125570297241211e-01 3.2127588987350464e-01</leafValues></_>
    <_>
      <internalNodes>
        0 -1 99467 3.9595253765583038e-02</internalNodes>
      <leafValues>
        1.1363788694143295e-01 -7.6181370019912720e-01</leafValues></_></weakClassifiers></stage14>
</opencv_storage>
