<?xml version="1.0"?>
<opencv_storage>
<stage23>
  <maxWeakCount>11</maxWeakCount>
  <stageThreshold>-5.6338953971862793e-01</stageThreshold>
  <weakClassifiers>
    <_>
      <internalNodes>
        0 -1 79389 1.7889704555273056e-02</internalNodes>
      <leafValues>
        4.8129674792289734e-01 -8.7755101919174194e-01</leafValues></_>
    <_>
      <internalNodes>
        0 -1 25680 -1.5992473810911179e-02</internalNodes>
      <leafValues>
        -6.2997668981552124e-01 1.9926065206527710e-01</leafValues></_>
    <_>
      <internalNodes>
        0 -1 47506 -1.3576375320553780e-02</internalNodes>
      <leafValues>
        7.3039895296096802e-01 -1.7836426198482513e-01</leafValues></_>
    <_>
      <internalNodes>
        0 -1 108135 1.4384236186742783e-02</internalNodes>
      <leafValues>
        2.6199501752853394e-01 -5.1439452171325684e-01</leafValues></_>
    <_>
      <internalNodes>
        0 -1 91240 -1.1481666937470436e-02</internalNodes>
      <leafValues>
        5.8443212509155273e-01 -2.3916603624820709e-01</leafValues></_>
    <_>
      <internalNodes>
        0 -1 147562 -1.2379456311464310e-03</internalNodes>
      <leafValues>
        5.7699078321456909e-01 -1.6020275652408600e-01</leafValues></_>
    <_>
      <internalNodes>
        0 -1 153593 -5.8907028287649155e-03</internalNodes>
      <leafValues>
        7.2833532094955444e-01 -1.5577192604541779e-01</leafValues></_>
    <_>
      <internalNodes>
        0 -1 82210 3.4516822779551148e-04</internalNodes>
      <leafValues>
        -1.9884099066257477e-01 4.8366379737854004e-01</leafValues></_>
    <_>
      <internalNodes>
        0 -1 143031 1.3067363761365414e-03</internalNodes>
      <leafValues>
        -1.5845495462417603e-01 6.1927723884582520e-01</leafValues></_>
    <_>
      <internalNodes>
        0 -1 13805 -1.2181790545582771e-02</internalNodes>
      <leafValues>
        -5.4408514499664307e-01 2.1257917582988739e-01</leafValues></_>
    <_>
      <internalNodes>
        0 -1 102208 -7.4737914837896824e-04</internalNodes>
      <leafValues>
        -5.3694659471511841e-01 2.0151714980602264e-01</leafValues></_></weakClassifiers></stage23>
</opencv_storage>
