<?xml version="1.0"?>
<opencv_storage>
<stage2>
  <maxWeakCount>12</maxWeakCount>
  <stageThreshold>-7.6640444993972778e-01</stageThreshold>
  <weakClassifiers>
    <_>
      <internalNodes>
        0 -1 4549 -3.6090835928916931e-02</internalNodes>
      <leafValues>
        6.9539076089859009e-01 -1.1720698326826096e-01</leafValues></_>
    <_>
      <internalNodes>
        0 -1 111602 -2.6892751455307007e-02</internalNodes>
      <leafValues>
        4.3050187826156616e-01 -4.1910061240196228e-01</leafValues></_>
    <_>
      <internalNodes>
        0 -1 122127 -9.4698900356888771e-03</internalNodes>
      <leafValues>
        6.0210114717483521e-01 -2.9331517219543457e-01</leafValues></_>
    <_>
      <internalNodes>
        0 -1 133513 1.5835301019251347e-03</internalNodes>
      <leafValues>
        -2.9635897278785706e-01 6.2376540899276733e-01</leafValues></_>
    <_>
      <internalNodes>
        0 -1 68426 3.3262673765420914e-02</internalNodes>
      <leafValues>
        -3.2885858416557312e-01 5.2261936664581299e-01</leafValues></_>
    <_>
      <internalNodes>
        0 -1 87459 1.7616713419556618e-02</internalNodes>
      <leafValues>
        -2.4604053795337677e-01 5.7199758291244507e-01</leafValues></_>
    <_>
      <internalNodes>
        0 -1 52202 1.8565339967608452e-02</internalNodes>
      <leafValues>
        -2.4501425027847290e-01 5.5424946546554565e-01</leafValues></_>
    <_>
      <internalNodes>
        0 -1 147559 1.2703333050012589e-03</internalNodes>
      <leafValues>
        -1.5608462691307068e-01 7.0765936374664307e-01</leafValues></_>
    <_>
      <internalNodes>
        0 -1 147238 -1.7861605156213045e-03</internalNodes>
      <leafValues>
        5.9520947933197021e-01 -1.8754665553569794e-01</leafValues></_>
    <_>
      <internalNodes>
        0 -1 124734 7.2627665940672159e-04</internalNodes>
      <leafValues>
        2.4155196547508240e-01 -5.8182930946350098e-01</leafValues></_>
    <_>
      <internalNodes>
        0 -1 79060 2.4942788295447826e-03</internalNodes>
      <leafValues>
        -2.0801259577274323e-01 7.4290257692337036e-01</leafValues></_>
    <_>
      <internalNodes>
        0 -1 143361 -1.6581395175307989e-03</internalNodes>
      <leafValues>
        5.7864761352539063e-01 -1.6115911304950714e-01</leafValues></_></weakClassifiers></stage2>
</opencv_storage>
