<?xml version="1.0"?>
<opencv_storage>
<stage19>
  <maxWeakCount>10</maxWeakCount>
  <stageThreshold>-3.3545425534248352e-01</stageThreshold>
  <weakClassifiers>
    <_>
      <internalNodes>
        0 -1 128298 -2.4080133065581322e-02</internalNodes>
      <leafValues>
        6.1870503425598145e-01 -1.2790697813034058e-01</leafValues></_>
    <_>
      <internalNodes>
        0 -1 64388 -4.2071018833667040e-04</internalNodes>
      <leafValues>
        4.9291864037513733e-01 -2.4836966395378113e-01</leafValues></_>
    <_>
      <internalNodes>
        0 -1 66759 5.0579356029629707e-03</internalNodes>
      <leafValues>
        -3.2249599695205688e-01 4.1506797075271606e-01</leafValues></_>
    <_>
      <internalNodes>
        0 -1 132754 1.0096139740198851e-03</internalNodes>
      <leafValues>
        -1.6518321633338928e-01 7.5221806764602661e-01</leafValues></_>
    <_>
      <internalNodes>
        0 -1 52318 -1.4945370145142078e-02</internalNodes>
      <leafValues>
        6.3965451717376709e-01 -1.9029498100280762e-01</leafValues></_>
    <_>
      <internalNodes>
        0 -1 27110 7.8855864703655243e-03</internalNodes>
      <leafValues>
        2.2779348492622375e-01 -4.9524471163749695e-01</leafValues></_>
    <_>
      <internalNodes>
        0 -1 104793 9.4799157232046127e-03</internalNodes>
      <leafValues>
        -1.5733672678470612e-01 7.2142225503921509e-01</leafValues></_>
    <_>
      <internalNodes>
        0 -1 127532 7.9644899815320969e-03</internalNodes>
      <leafValues>
        -1.4023846387863159e-01 6.8811631202697754e-01</leafValues></_>
    <_>
      <internalNodes>
        0 -1 109233 -8.6562279611825943e-03</internalNodes>
      <leafValues>
        -5.4011452198028564e-01 2.2083379328250885e-01</leafValues></_>
    <_>
      <internalNodes>
        0 -1 157627 3.2411532010883093e-03</internalNodes>
      <leafValues>
        -1.5548317134380341e-01 6.5556234121322632e-01</leafValues></_></weakClassifiers></stage19>
</opencv_storage>
