<?xml version="1.0"?>
<opencv_storage>
<stage15>
  <maxWeakCount>10</maxWeakCount>
  <stageThreshold>-4.6502149105072021e-01</stageThreshold>
  <weakClassifiers>
    <_>
      <internalNodes>
        0 -1 108797 -1.9438944291323423e-03</internalNodes>
      <leafValues>
        6.8152868747711182e-01 -4.8951048403978348e-02</leafValues></_>
    <_>
      <internalNodes>
        0 -1 62998 2.4173302575945854e-02</internalNodes>
      <leafValues>
        -1.0597150772809982e-01 1.</leafValues></_>
    <_>
      <internalNodes>
        0 -1 45072 6.2941517680883408e-03</internalNodes>
      <leafValues>
        -1.7370535433292389e-01 8.4187233448028564e-01</leafValues></_>
    <_>
      <internalNodes>
        0 -1 57762 1.2022480368614197e-02</internalNodes>
      <leafValues>
        -1.5988960862159729e-01 8.5474199056625366e-01</leafValues></_>
    <_>
      <internalNodes>
        0 -1 137086 -3.3228221582248807e-05</internalNodes>
      <leafValues>
        4.1153857111930847e-01 -3.5972806811332703e-01</leafValues></_>
    <_>
      <internalNodes>
        0 -1 58547 3.7501987535506487e-03</internalNodes>
      <leafValues>
        -2.3298031091690063e-01 7.6057547330856323e-01</leafValues></_>
    <_>
      <internalNodes>
        0 -1 90697 1.6257774084806442e-02</internalNodes>
      <leafValues>
        3.4407818317413330e-01 -5.1051330566406250e-01</leafValues></_>
    <_>
      <internalNodes>
        0 -1 12571 2.1491070219781250e-04</internalNodes>
      <leafValues>
        3.9516869187355042e-01 -4.4021409749984741e-01</leafValues></_>
    <_>
      <internalNodes>
        0 -1 132754 -1.6115160542540252e-04</internalNodes>
      <leafValues>
        6.4965325593948364e-01 -2.4986733496189117e-01</leafValues></_>
    <_>
      <internalNodes>
        0 -1 124686 2.4777608923614025e-03</internalNodes>
      <leafValues>
        1.9094100594520569e-01 -8.7914413213729858e-01</leafValues></_></weakClassifiers></stage15>
</opencv_storage>
