<?xml version="1.0"?>
<opencv_storage>
<stage8>
  <maxWeakCount>7</maxWeakCount>
  <stageThreshold>-4.0351176261901855e-01</stageThreshold>
  <weakClassifiers>
    <_>
      <internalNodes>
        0 -1 136163 4.4038658961653709e-04</internalNodes>
      <leafValues>
        5.8181816339492798e-01 -3.4999999403953552e-01</leafValues></_>
    <_>
      <internalNodes>
        0 -1 3627 -5.2552737295627594e-02</internalNodes>
      <leafValues>
        5.2721583843231201e-01 -4.0243992209434509e-01</leafValues></_>
    <_>
      <internalNodes>
        0 -1 22357 4.1477121412754059e-02</internalNodes>
      <leafValues>
        -2.1624892950057983e-01 8.5406225919723511e-01</leafValues></_>
    <_>
      <internalNodes>
        0 -1 79395 4.6764118596911430e-03</internalNodes>
      <leafValues>
        -2.1118538081645966e-01 8.6087375879287720e-01</leafValues></_>
    <_>
      <internalNodes>
        0 -1 61373 -7.4675553478300571e-03</internalNodes>
      <leafValues>
        9.2194420099258423e-01 -1.8376643955707550e-01</leafValues></_>
    <_>
      <internalNodes>
        0 -1 52187 5.2049811929464340e-03</internalNodes>
      <leafValues>
        -2.1271598339080811e-01 7.5378453731536865e-01</leafValues></_>
    <_>
      <internalNodes>
        0 -1 100590 -2.2493340075016022e-03</internalNodes>
      <leafValues>
        -8.2928448915481567e-01 3.0764722824096680e-01</leafValues></_></weakClassifiers></stage8>
</opencv_storage>
