<?xml version="1.0"?>
<opencv_storage>
<stage6>
  <maxWeakCount>14</maxWeakCount>
  <stageThreshold>-1.2186738252639771e+00</stageThreshold>
  <weakClassifiers>
    <_>
      <internalNodes>
        0 -1 1563 -8.2510709762573242e-03</internalNodes>
      <leafValues>
        7.8571426868438721e-01 -6.2500000000000000e-02</leafValues></_>
    <_>
      <internalNodes>
        0 -1 130955 -3.6838804953731596e-04</internalNodes>
      <leafValues>
        4.0445032715797424e-01 -4.9500581622123718e-01</leafValues></_>
    <_>
      <internalNodes>
        0 -1 99186 -2.6388309895992279e-02</internalNodes>
      <leafValues>
        9.4117969274520874e-01 -1.9680777192115784e-01</leafValues></_>
    <_>
      <internalNodes>
        0 -1 34452 -5.7956110686063766e-03</internalNodes>
      <leafValues>
        5.3598135709762573e-01 -3.6401960253715515e-01</leafValues></_>
    <_>
      <internalNodes>
        0 -1 147305 -1.7026686691679060e-04</internalNodes>
      <leafValues>
        -4.6702629327774048e-01 4.0354311466217041e-01</leafValues></_>
    <_>
      <internalNodes>
        0 -1 49545 5.7040415704250336e-03</internalNodes>
      <leafValues>
        -2.4537254869937897e-01 7.3392063379287720e-01</leafValues></_>
    <_>
      <internalNodes>
        0 -1 143936 1.7633077222853899e-03</internalNodes>
      <leafValues>
        -2.5940424203872681e-01 7.4723517894744873e-01</leafValues></_>
    <_>
      <internalNodes>
        0 -1 2129 1.1685532081173733e-04</internalNodes>
      <leafValues>
        3.6336430907249451e-01 -5.3679597377777100e-01</leafValues></_>
    <_>
      <internalNodes>
        0 -1 69831 8.1066158600151539e-04</internalNodes>
      <leafValues>
        -2.2399808466434479e-01 9.8089152574539185e-01</leafValues></_>
    <_>
      <internalNodes>
        0 -1 143521 -2.1891098003834486e-04</internalNodes>
      <leafValues>
        4.5128017663955688e-01 -3.5858494043350220e-01</leafValues></_>
    <_>
      <internalNodes>
        0 -1 99281 -1.6506296396255493e-01</internalNodes>
      <leafValues>
        -8.8137972354888916e-01 1.8289323151111603e-01</leafValues></_>
    <_>
      <internalNodes>
        0 -1 60150 -5.7335644960403442e-03</internalNodes>
      <leafValues>
        8.4563928842544556e-01 -2.3921798169612885e-01</leafValues></_>
    <_>
      <internalNodes>
        0 -1 49187 5.0450647249817848e-03</internalNodes>
      <leafValues>
        -2.4775384366512299e-01 7.5219321250915527e-01</leafValues></_>
    <_>
      <internalNodes>
        0 -1 41749 -7.2010834701359272e-03</internalNodes>
      <leafValues>
        5.2419036626815796e-01 -3.7333053350448608e-01</leafValues></_></weakClassifiers></stage6>
</opencv_storage>
