<?xml version="1.0"?>
<opencv_storage>
<stage28>
  <maxWeakCount>5</maxWeakCount>
  <stageThreshold>-4.7785130143165588e-01</stageThreshold>
  <weakClassifiers>
    <_>
      <internalNodes>
        0 -1 108653 2.2491179406642914e-03</internalNodes>
      <leafValues>
        5.6349205970764160e-01 -8.7500000000000000e-01</leafValues></_>
    <_>
      <internalNodes>
        0 -1 94769 -5.5759800598025322e-03</internalNodes>
      <leafValues>
        -6.8119412660598755e-01 3.4454405307769775e-01</leafValues></_>
    <_>
      <internalNodes>
        0 -1 138005 4.6262741088867188e-03</internalNodes>
      <leafValues>
        -3.4387972950935364e-01 6.3774102926254272e-01</leafValues></_>
    <_>
      <internalNodes>
        0 -1 47886 -6.0718082822859287e-03</internalNodes>
      <leafValues>
        8.5906624794006348e-01 -2.6671668887138367e-01</leafValues></_>
    <_>
      <internalNodes>
        0 -1 144702 -6.4424499869346619e-02</internalNodes>
      <leafValues>
        -7.7277344465255737e-01 2.5044718384742737e-01</leafValues></_></weakClassifiers></stage28>
</opencv_storage>
