<?xml version="1.0"?>
<opencv_storage>
<stage16>
  <maxWeakCount>11</maxWeakCount>
  <stageThreshold>-6.4299786090850830e-01</stageThreshold>
  <weakClassifiers>
    <_>
      <internalNodes>
        0 -1 90807 3.3404447138309479e-02</internalNodes>
      <leafValues>
        5.3138077259063721e-01 -4.4262295961380005e-01</leafValues></_>
    <_>
      <internalNodes>
        0 -1 85175 6.5246477723121643e-02</internalNodes>
      <leafValues>
        -3.1904006004333496e-01 5.7631701231002808e-01</leafValues></_>
    <_>
      <internalNodes>
        0 -1 81013 -2.8056245297193527e-02</internalNodes>
      <leafValues>
        7.1467030048370361e-01 -2.1041919291019440e-01</leafValues></_>
    <_>
      <internalNodes>
        0 -1 161569 -5.1884795539081097e-04</internalNodes>
      <leafValues>
        -5.6234967708587646e-01 2.4994441866874695e-01</leafValues></_>
    <_>
      <internalNodes>
        0 -1 58499 4.6079391613602638e-03</internalNodes>
      <leafValues>
        -1.9104647636413574e-01 7.9207998514175415e-01</leafValues></_>
    <_>
      <internalNodes>
        0 -1 5330 1.0386680066585541e-01</internalNodes>
      <leafValues>
        -2.2952024638652802e-01 7.5476205348968506e-01</leafValues></_>
    <_>
      <internalNodes>
        0 -1 118681 -8.0572802107781172e-04</internalNodes>
      <leafValues>
        -4.8312914371490479e-01 4.0234196186065674e-01</leafValues></_>
    <_>
      <internalNodes>
        0 -1 148641 6.4326692372560501e-03</internalNodes>
      <leafValues>
        -1.6700893640518188e-01 8.3674061298370361e-01</leafValues></_>
    <_>
      <internalNodes>
        0 -1 144381 -4.7880716621875763e-02</internalNodes>
      <leafValues>
        5.0244534015655518e-01 -2.9036116600036621e-01</leafValues></_>
    <_>
      <internalNodes>
        0 -1 13480 -1.9237350206822157e-03</internalNodes>
      <leafValues>
        -5.1890826225280762e-01 3.2027846574783325e-01</leafValues></_>
    <_>
      <internalNodes>
        0 -1 13793 6.2328041531145573e-04</internalNodes>
      <leafValues>
        2.3445633053779602e-01 -6.6296327114105225e-01</leafValues></_></weakClassifiers></stage16>
</opencv_storage>
