<?xml version="1.0"?>
<opencv_storage>
<stage25>
  <maxWeakCount>7</maxWeakCount>
  <stageThreshold>-6.2972164154052734e-01</stageThreshold>
  <weakClassifiers>
    <_>
      <internalNodes>
        0 -1 3217 5.5361930280923843e-03</internalNodes>
      <leafValues>
        5.8297872543334961e-01 -5.6923079490661621e-01</leafValues></_>
    <_>
      <internalNodes>
        0 -1 4543 -1.3948042178526521e-03</internalNodes>
      <leafValues>
        7.2716498374938965e-01 -2.6849654316902161e-01</leafValues></_>
    <_>
      <internalNodes>
        0 -1 79065 3.2534110359847546e-03</internalNodes>
      <leafValues>
        -2.5199040770530701e-01 8.3110898733139038e-01</leafValues></_>
    <_>
      <internalNodes>
        0 -1 161529 3.3676487510092556e-04</internalNodes>
      <leafValues>
        3.3735010027885437e-01 -6.0261708498001099e-01</leafValues></_>
    <_>
      <internalNodes>
        0 -1 70433 6.4642791403457522e-04</internalNodes>
      <leafValues>
        -2.8017154335975647e-01 7.6331806182861328e-01</leafValues></_>
    <_>
      <internalNodes>
        0 -1 60133 -1.5923179453238845e-03</internalNodes>
      <leafValues>
        9.7081112861633301e-01 -1.8848673999309540e-01</leafValues></_>
    <_>
      <internalNodes>
        0 -1 161861 -1.6901458729989827e-04</internalNodes>
      <leafValues>
        -4.7476470470428467e-01 4.4817206263542175e-01</leafValues></_></weakClassifiers></stage25>
</opencv_storage>
