<?xml version="1.0"?>
<opencv_storage>
<stage14>
  <maxWeakCount>13</maxWeakCount>
  <stageThreshold>-1.0557887554168701e+00</stageThreshold>
  <weakClassifiers>
    <_>
      <internalNodes>
        0 -1 13131 2.7098672464489937e-02</internalNodes>
      <leafValues>
        4.5724907517433167e-01 -7.4193549156188965e-01</leafValues></_>
    <_>
      <internalNodes>
        0 -1 146865 -1.6963477246463299e-03</internalNodes>
      <leafValues>
        7.4751889705657959e-01 -2.2565002739429474e-01</leafValues></_>
    <_>
      <internalNodes>
        0 -1 106813 -4.1486062109470367e-03</internalNodes>
      <leafValues>
        5.0335925817489624e-01 -3.7241429090499878e-01</leafValues></_>
    <_>
      <internalNodes>
        0 -1 139158 9.1080856509506702e-04</internalNodes>
      <leafValues>
        -3.2293796539306641e-01 6.1705487966537476e-01</leafValues></_>
    <_>
      <internalNodes>
        0 -1 98470 4.4555487111210823e-03</internalNodes>
      <leafValues>
        -2.1610911190509796e-01 8.7647140026092529e-01</leafValues></_>
    <_>
      <internalNodes>
        0 -1 19143 2.1077988669276237e-02</internalNodes>
      <leafValues>
        -3.1784906983375549e-01 4.9889242649078369e-01</leafValues></_>
    <_>
      <internalNodes>
        0 -1 49322 2.0431447774171829e-03</internalNodes>
      <leafValues>
        -2.4279329180717468e-01 7.4008452892303467e-01</leafValues></_>
    <_>
      <internalNodes>
        0 -1 84022 -1.5885069966316223e-02</internalNodes>
      <leafValues>
        -4.7916877269744873e-01 3.6255168914794922e-01</leafValues></_>
    <_>
      <internalNodes>
        0 -1 147754 -7.3432864155620337e-04</internalNodes>
      <leafValues>
        6.1540699005126953e-01 -2.9591396450996399e-01</leafValues></_>
    <_>
      <internalNodes>
        0 -1 20978 -4.4177187373861670e-04</internalNodes>
      <leafValues>
        -2.8231456875801086e-01 5.0737005472183228e-01</leafValues></_>
    <_>
      <internalNodes>
        0 -1 72467 5.8235237374901772e-03</internalNodes>
      <leafValues>
        -2.3632349073886871e-01 8.0097872018814087e-01</leafValues></_>
    <_>
      <internalNodes>
        0 -1 98306 -5.9035010635852814e-03</internalNodes>
      <leafValues>
        7.1068435907363892e-01 -2.1356466412544250e-01</leafValues></_>
    <_>
      <internalNodes>
        0 -1 60152 -3.8135978393256664e-03</internalNodes>
      <leafValues>
        4.4303935766220093e-01 -3.7917572259902954e-01</leafValues></_></weakClassifiers></stage14>
</opencv_storage>
