<?xml version="1.0"?>
<opencv_storage>
<stage20>
  <maxWeakCount>21</maxWeakCount>
  <stageThreshold>-8.1808239221572876e-01</stageThreshold>
  <weakClassifiers>
    <_>
      <internalNodes>
        0 -1 1888 1.2099872529506683e-01</internalNodes>
      <leafValues>
        4.3419435620307922e-01 -6.0919541120529175e-01</leafValues></_>
    <_>
      <internalNodes>
        0 -1 135990 8.3667300641536713e-03</internalNodes>
      <leafValues>
        -2.8736013174057007e-01 3.9710536599159241e-01</leafValues></_>
    <_>
      <internalNodes>
        0 -1 142153 -1.5514642655034550e-05</internalNodes>
      <leafValues>
        2.2957624495029449e-01 -3.7236905097961426e-01</leafValues></_>
    <_>
      <internalNodes>
        0 -1 118973 -6.1753409681841731e-05</internalNodes>
      <leafValues>
        2.1299037337303162e-01 -3.9535844326019287e-01</leafValues></_>
    <_>
      <internalNodes>
        0 -1 30589 -2.4005686864256859e-02</internalNodes>
      <leafValues>
        5.1583439111709595e-01 -1.7950433492660522e-01</leafValues></_>
    <_>
      <internalNodes>
        0 -1 126673 -4.0948423556983471e-03</internalNodes>
      <leafValues>
        5.2135014533996582e-01 -1.7417339980602264e-01</leafValues></_>
    <_>
      <internalNodes>
        0 -1 75081 -3.4504417330026627e-02</internalNodes>
      <leafValues>
        -7.1171933412551880e-01 1.3241060078144073e-01</leafValues></_>
    <_>
      <internalNodes>
        0 -1 106832 -3.0534460674971342e-03</internalNodes>
      <leafValues>
        6.0556209087371826e-01 -1.3651312887668610e-01</leafValues></_>
    <_>
      <internalNodes>
        0 -1 138912 -5.1954952068626881e-03</internalNodes>
      <leafValues>
        6.1920881271362305e-01 -1.2449342012405396e-01</leafValues></_>
    <_>
      <internalNodes>
        0 -1 143499 -2.9902072856202722e-04</internalNodes>
      <leafValues>
        5.3059667348861694e-01 -1.4661966264247894e-01</leafValues></_>
    <_>
      <internalNodes>
        0 -1 89836 -4.4407299719750881e-03</internalNodes>
      <leafValues>
        8.5757339000701904e-01 -7.4738860130310059e-02</leafValues></_>
    <_>
      <internalNodes>
        0 -1 149442 -2.1881405264139175e-03</internalNodes>
      <leafValues>
        3.7430065870285034e-01 -1.8215294182300568e-01</leafValues></_>
    <_>
      <internalNodes>
        0 -1 11897 -3.1845797784626484e-03</internalNodes>
      <leafValues>
        6.0745143890380859e-01 -1.1177393794059753e-01</leafValues></_>
    <_>
      <internalNodes>
        0 -1 108677 1.5712261199951172e-02</internalNodes>
      <leafValues>
        1.0610852390527725e-01 -8.3103156089782715e-01</leafValues></_>
    <_>
      <internalNodes>
        0 -1 130551 3.8164245779626071e-04</internalNodes>
      <leafValues>
        1.0087820142507553e-01 -6.3407367467880249e-01</leafValues></_>
    <_>
      <internalNodes>
        0 -1 48994 -8.0507798120379448e-03</internalNodes>
      <leafValues>
        7.1344131231307983e-01 -1.2742196023464203e-01</leafValues></_>
    <_>
      <internalNodes>
        0 -1 69851 -2.4028748739510775e-03</internalNodes>
      <leafValues>
        5.6853938102722168e-01 -1.2476779520511627e-01</leafValues></_>
    <_>
      <internalNodes>
        0 -1 22310 2.6243673637509346e-02</internalNodes>
      <leafValues>
        -1.0383950918912888e-01 6.8495410680770874e-01</leafValues></_>
    <_>
      <internalNodes>
        0 -1 115062 -1.5988429076969624e-03</internalNodes>
      <leafValues>
        5.5489075183868408e-01 -1.2679456174373627e-01</leafValues></_>
    <_>
      <internalNodes>
        0 -1 114987 1.3439188478514552e-03</internalNodes>
      <leafValues>
        -1.2379600107669830e-01 6.9637811183929443e-01</leafValues></_>
    <_>
      <internalNodes>
        0 -1 45554 -1.4875740744173527e-03</internalNodes>
      <leafValues>
        3.8619387149810791e-01 -1.7980119585990906e-01</leafValues></_></weakClassifiers></stage20>
</opencv_storage>
