<?xml version="1.0"?>
<opencv_storage>
<stage29>
  <maxWeakCount>14</maxWeakCount>
  <stageThreshold>-8.2495212554931641e-01</stageThreshold>
  <weakClassifiers>
    <_>
      <internalNodes>
        0 -1 80745 -1.4737118035554886e-03</internalNodes>
      <leafValues>
        -6.1224490404129028e-01 4.4887781143188477e-01</leafValues></_>
    <_>
      <internalNodes>
        0 -1 24185 1.7624219879508018e-02</internalNodes>
      <leafValues>
        -2.5469523668289185e-01 4.2298632860183716e-01</leafValues></_>
    <_>
      <internalNodes>
        0 -1 81332 -3.4336406737565994e-02</internalNodes>
      <leafValues>
        3.3703592419624329e-01 -3.2758763432502747e-01</leafValues></_>
    <_>
      <internalNodes>
        0 -1 70765 1.2461819685995579e-02</internalNodes>
      <leafValues>
        -1.7880691587924957e-01 5.4458260536193848e-01</leafValues></_>
    <_>
      <internalNodes>
        0 -1 133121 -5.4349200800061226e-03</internalNodes>
      <leafValues>
        6.0555303096771240e-01 -1.5848201513290405e-01</leafValues></_>
    <_>
      <internalNodes>
        0 -1 42302 7.4695674702525139e-03</internalNodes>
      <leafValues>
        -1.6040948033332825e-01 7.6956874132156372e-01</leafValues></_>
    <_>
      <internalNodes>
        0 -1 106909 -8.0077219754457474e-03</internalNodes>
      <leafValues>
        4.2732003331184387e-01 -2.0648118853569031e-01</leafValues></_>
    <_>
      <internalNodes>
        0 -1 78710 1.9137931521981955e-03</internalNodes>
      <leafValues>
        -1.8815822899341583e-01 5.8882391452789307e-01</leafValues></_>
    <_>
      <internalNodes>
        0 -1 141682 -1.9044657237827778e-03</internalNodes>
      <leafValues>
        -8.6361294984817505e-01 1.2224469333887100e-01</leafValues></_>
    <_>
      <internalNodes>
        0 -1 89250 8.0337031977251172e-04</internalNodes>
      <leafValues>
        -2.1552290022373199e-01 4.5034739375114441e-01</leafValues></_>
    <_>
      <internalNodes>
        0 -1 89534 -3.6111783701926470e-03</internalNodes>
      <leafValues>
        5.2462536096572876e-01 -1.9344481825828552e-01</leafValues></_>
    <_>
      <internalNodes>
        0 -1 106461 1.0361840249970555e-03</internalNodes>
      <leafValues>
        -1.6633675992488861e-01 6.9179457426071167e-01</leafValues></_>
    <_>
      <internalNodes>
        0 -1 25772 4.5429123565554619e-03</internalNodes>
      <leafValues>
        1.8564395606517792e-01 -5.7529544830322266e-01</leafValues></_>
    <_>
      <internalNodes>
        0 -1 7654 -2.1618181839585304e-02</internalNodes>
      <leafValues>
        3.8288643956184387e-01 -2.5518301129341125e-01</leafValues></_></weakClassifiers></stage29>
</opencv_storage>
