<?xml version="1.0"?>
<opencv_storage>
<stage29>
  <maxWeakCount>5</maxWeakCount>
  <stageThreshold>-4.1618460416793823e-01</stageThreshold>
  <weakClassifiers>
    <_>
      <internalNodes>
        0 -1 147169 -6.5652221441268921e-02</internalNodes>
      <leafValues>
        -8.6046510934829712e-01 5.3307390213012695e-01</leafValues></_>
    <_>
      <internalNodes>
        0 -1 133636 -3.7254760973155499e-03</internalNodes>
      <leafValues>
        -3.7028333544731140e-01 6.3311630487442017e-01</leafValues></_>
    <_>
      <internalNodes>
        0 -1 67765 -1.0783381294459105e-03</internalNodes>
      <leafValues>
        -4.4029134511947632e-01 4.7243058681488037e-01</leafValues></_>
    <_>
      <internalNodes>
        0 -1 32806 2.4980101443361491e-05</internalNodes>
      <leafValues>
        -4.7634214162826538e-01 5.6095480918884277e-01</leafValues></_>
    <_>
      <internalNodes>
        0 -1 60291 -1.8352504121139646e-03</internalNodes>
      <leafValues>
        7.0989477634429932e-01 -3.0949923396110535e-01</leafValues></_></weakClassifiers></stage29>
</opencv_storage>
