<?xml version="1.0"?>
<opencv_storage>
<stage2>
  <maxWeakCount>12</maxWeakCount>
  <stageThreshold>-8.4720909595489502e-01</stageThreshold>
  <weakClassifiers>
    <_>
      <internalNodes>
        0 -1 71266 -4.2706541717052460e-02</internalNodes>
      <leafValues>
        8.2432430982589722e-01 -1.4473684132099152e-01</leafValues></_>
    <_>
      <internalNodes>
        0 -1 88946 2.4482639506459236e-02</internalNodes>
      <leafValues>
        -2.1400769054889679e-01 9.0398985147476196e-01</leafValues></_>
    <_>
      <internalNodes>
        0 -1 96719 1.1037032119929790e-02</internalNodes>
      <leafValues>
        -2.7768045663833618e-01 7.7020525932312012e-01</leafValues></_>
    <_>
      <internalNodes>
        0 -1 80863 -2.8367534279823303e-02</internalNodes>
      <leafValues>
        8.9412868022918701e-01 -2.2189825773239136e-01</leafValues></_>
    <_>
      <internalNodes>
        0 -1 139095 2.3865643888711929e-03</internalNodes>
      <leafValues>
        -2.9831716418266296e-01 7.0065385103225708e-01</leafValues></_>
    <_>
      <internalNodes>
        0 -1 117781 6.0670286417007446e-02</internalNodes>
      <leafValues>
        -2.2201974689960480e-01 8.6586183309555054e-01</leafValues></_>
    <_>
      <internalNodes>
        0 -1 109647 2.9607606120407581e-03</internalNodes>
      <leafValues>
        -2.6747530698776245e-01 7.7006340026855469e-01</leafValues></_>
    <_>
      <internalNodes>
        0 -1 59218 4.0560487832408398e-05</internalNodes>
      <leafValues>
        4.5861715078353882e-01 -4.5142832398414612e-01</leafValues></_>
    <_>
      <internalNodes>
        0 -1 143495 -3.7064036587253213e-04</internalNodes>
      <leafValues>
        5.8694148063659668e-01 -3.4207642078399658e-01</leafValues></_>
    <_>
      <internalNodes>
        0 -1 130553 2.5729658082127571e-03</internalNodes>
      <leafValues>
        3.0755075812339783e-01 -7.1954351663589478e-01</leafValues></_>
    <_>
      <internalNodes>
        0 -1 120125 5.0714111421257257e-04</internalNodes>
      <leafValues>
        -2.4930803477764130e-01 7.5939339399337769e-01</leafValues></_>
    <_>
      <internalNodes>
        0 -1 25348 -4.4063292443752289e-02</internalNodes>
      <leafValues>
        7.6764768362045288e-01 -2.7675172686576843e-01</leafValues></_></weakClassifiers></stage2>
</opencv_storage>
