<?xml version="1.0"?>
<opencv_storage>
<stage10>
  <maxWeakCount>18</maxWeakCount>
  <stageThreshold>-8.2829958200454712e-01</stageThreshold>
  <weakClassifiers>
    <_>
      <internalNodes>
        0 -1 18732 -3.0028834007680416e-03</internalNodes>
      <leafValues>
        -3.3714285492897034e-01 4.9517241120338440e-01</leafValues></_>
    <_>
      <internalNodes>
        0 -1 71558 -1.4635634142905474e-03</internalNodes>
      <leafValues>
        4.8779323697090149e-01 -1.8838484585285187e-01</leafValues></_>
    <_>
      <internalNodes>
        0 -1 109373 -1.0210529714822769e-01</internalNodes>
      <leafValues>
        3.9609110355377197e-01 -2.8496298193931580e-01</leafValues></_>
    <_>
      <internalNodes>
        0 -1 151268 1.5696258051320910e-03</internalNodes>
      <leafValues>
        -1.6780380904674530e-01 5.9613037109375000e-01</leafValues></_>
    <_>
      <internalNodes>
        0 -1 122557 -2.1555041894316673e-04</internalNodes>
      <leafValues>
        2.9158085584640503e-01 -3.4746855497360229e-01</leafValues></_>
    <_>
      <internalNodes>
        0 -1 96520 3.5482641309499741e-02</internalNodes>
      <leafValues>
        -1.0515739023685455e-01 7.8354531526565552e-01</leafValues></_>
    <_>
      <internalNodes>
        0 -1 114217 6.4236717298626900e-04</internalNodes>
      <leafValues>
        -3.1772235035896301e-01 3.0740460753440857e-01</leafValues></_>
    <_>
      <internalNodes>
        0 -1 49143 -3.2743840711191297e-04</internalNodes>
      <leafValues>
        -4.8871520161628723e-01 1.9399432837963104e-01</leafValues></_>
    <_>
      <internalNodes>
        0 -1 37319 3.5301949828863144e-03</internalNodes>
      <leafValues>
        -1.7493014037609100e-01 5.3600078821182251e-01</leafValues></_>
    <_>
      <internalNodes>
        0 -1 78926 5.4928548634052277e-03</internalNodes>
      <leafValues>
        -1.5310855209827423e-01 5.8473652601242065e-01</leafValues></_>
    <_>
      <internalNodes>
        0 -1 57879 -1.1084710247814655e-02</internalNodes>
      <leafValues>
        4.2508396506309509e-01 -2.4912449717521667e-01</leafValues></_>
    <_>
      <internalNodes>
        0 -1 13195 6.4349081367254257e-04</internalNodes>
      <leafValues>
        1.7118656635284424e-01 -5.2618831396102905e-01</leafValues></_>
    <_>
      <internalNodes>
        0 -1 80762 1.5012938529253006e-03</internalNodes>
      <leafValues>
        -9.8624318838119507e-02 8.4801506996154785e-01</leafValues></_>
    <_>
      <internalNodes>
        0 -1 1340 -9.9190622568130493e-03</internalNodes>
      <leafValues>
        -5.0718730688095093e-01 1.9469122588634491e-01</leafValues></_>
    <_>
      <internalNodes>
        0 -1 83297 -8.7421238422393799e-02</internalNodes>
      <leafValues>
        4.2883357405662537e-01 -2.2966507077217102e-01</leafValues></_>
    <_>
      <internalNodes>
        0 -1 55725 2.6862105354666710e-02</internalNodes>
      <leafValues>
        -1.9670228660106659e-01 5.2695441246032715e-01</leafValues></_>
    <_>
      <internalNodes>
        0 -1 161158 7.1444764034822583e-04</internalNodes>
      <leafValues>
        1.9818301498889923e-01 -4.5335122942924500e-01</leafValues></_>
    <_>
      <internalNodes>
        0 -1 145664 -5.9309666976332664e-03</internalNodes>
      <leafValues>
        5.6606096029281616e-01 -1.7925167083740234e-01</leafValues></_></weakClassifiers></stage10>
</opencv_storage>
