<?xml version="1.0"?>
<opencv_storage>
<stage12>
  <maxWeakCount>11</maxWeakCount>
  <stageThreshold>-8.0685740709304810e-01</stageThreshold>
  <weakClassifiers>
    <_>
      <internalNodes>
        0 -1 103835 -7.5682491064071655e-02</internalNodes>
      <leafValues>
        7.2455090284347534e-01 -1.5789473056793213e-01</leafValues></_>
    <_>
      <internalNodes>
        0 -1 99487 -2.8915215283632278e-02</internalNodes>
      <leafValues>
        7.4991178512573242e-01 -1.5749332308769226e-01</leafValues></_>
    <_>
      <internalNodes>
        0 -1 145379 -1.6477312892675400e-03</internalNodes>
      <leafValues>
        -4.7358438372612000e-01 2.8586930036544800e-01</leafValues></_>
    <_>
      <internalNodes>
        0 -1 21133 -1.1851742863655090e-02</internalNodes>
      <leafValues>
        7.5806158781051636e-01 -2.0471151173114777e-01</leafValues></_>
    <_>
      <internalNodes>
        0 -1 160623 -9.8833627998828888e-04</internalNodes>
      <leafValues>
        -4.1826769709587097e-01 3.1700056791305542e-01</leafValues></_>
    <_>
      <internalNodes>
        0 -1 113945 -9.2791719362139702e-04</internalNodes>
      <leafValues>
        4.6152526140213013e-01 -2.8648975491523743e-01</leafValues></_>
    <_>
      <internalNodes>
        0 -1 122477 2.6332291308790445e-03</internalNodes>
      <leafValues>
        2.2977504134178162e-01 -6.0757493972778320e-01</leafValues></_>
    <_>
      <internalNodes>
        0 -1 114401 1.2401033927744720e-05</internalNodes>
      <leafValues>
        -3.3883723616600037e-01 3.5720103979110718e-01</leafValues></_>
    <_>
      <internalNodes>
        0 -1 151866 -3.3201120095327497e-04</internalNodes>
      <leafValues>
        -4.4659972190856934e-01 2.6635217666625977e-01</leafValues></_>
    <_>
      <internalNodes>
        0 -1 151262 -3.4245597198605537e-03</internalNodes>
      <leafValues>
        7.0875382423400879e-01 -1.7858295142650604e-01</leafValues></_>
    <_>
      <internalNodes>
        0 -1 98989 -5.0534974783658981e-02</internalNodes>
      <leafValues>
        -7.1882790327072144e-01 1.7760871350765228e-01</leafValues></_></weakClassifiers></stage12>
</opencv_storage>
