<?xml version="1.0"?>
<opencv_storage>
<stage24>
  <maxWeakCount>7</maxWeakCount>
  <stageThreshold>-5.5226773023605347e-01</stageThreshold>
  <weakClassifiers>
    <_>
      <internalNodes>
        0 -1 103137 -3.8875155150890350e-02</internalNodes>
      <leafValues>
        -7.5000000000000000e-01 5.0000000000000000e-01</leafValues></_>
    <_>
      <internalNodes>
        0 -1 108883 7.6099008321762085e-02</internalNodes>
      <leafValues>
        -2.5744310021400452e-01 7.3905849456787109e-01</leafValues></_>
    <_>
      <internalNodes>
        0 -1 43076 8.6794644594192505e-03</internalNodes>
      <leafValues>
        -2.6103109121322632e-01 6.4382541179656982e-01</leafValues></_>
    <_>
      <internalNodes>
        0 -1 136696 -8.9001115411520004e-03</internalNodes>
      <leafValues>
        -5.3055119514465332e-01 3.8923290371894836e-01</leafValues></_>
    <_>
      <internalNodes>
        0 -1 157188 -6.2726496253162622e-05</internalNodes>
      <leafValues>
        6.9571214914321899e-01 -2.9956141114234924e-01</leafValues></_>
    <_>
      <internalNodes>
        0 -1 39610 4.4775297865271568e-03</internalNodes>
      <leafValues>
        -2.2179841995239258e-01 9.6982330083847046e-01</leafValues></_>
    <_>
      <internalNodes>
        0 -1 143673 -2.2418415173888206e-03</internalNodes>
      <leafValues>
        5.8585089445114136e-01 -3.8673901557922363e-01</leafValues></_></weakClassifiers></stage24>
</opencv_storage>
