<?xml version="1.0"?>
<opencv_storage>
<stage33>
  <maxWeakCount>4</maxWeakCount>
  <stageThreshold>-6.6931599378585815e-01</stageThreshold>
  <weakClassifiers>
    <_>
      <internalNodes>
        0 -1 25792 -1.2633238919079304e-02</internalNodes>
      <leafValues>
        -8.3870965242385864e-01 6.3865548372268677e-01</leafValues></_>
    <_>
      <internalNodes>
        0 -1 147667 1.0780699551105499e-02</internalNodes>
      <leafValues>
        5.6702572107315063e-01 -5.8047956228256226e-01</leafValues></_>
    <_>
      <internalNodes>
        0 -1 134285 1.7141650459961966e-05</internalNodes>
      <leafValues>
        -3.9227271080017090e-01 7.5008338689804077e-01</leafValues></_>
    <_>
      <internalNodes>
        0 -1 51001 -5.7924399152398109e-04</internalNodes>
      <leafValues>
        -3.3521923422813416e-01 8.8429826498031616e-01</leafValues></_></weakClassifiers></stage33>
</opencv_storage>
