<?xml version="1.0"?>
<opencv_storage>
<stage15>
  <maxWeakCount>11</maxWeakCount>
  <stageThreshold>-8.0041170120239258e-01</stageThreshold>
  <weakClassifiers>
    <_>
      <internalNodes>
        0 -1 100672 -2.2367365658283234e-02</internalNodes>
      <leafValues>
        -7.7011495828628540e-01 4.5141452550888062e-01</leafValues></_>
    <_>
      <internalNodes>
        0 -1 114130 9.0942904353141785e-03</internalNodes>
      <leafValues>
        -1.7201709747314453e-01 7.2673451900482178e-01</leafValues></_>
    <_>
      <internalNodes>
        0 -1 107053 -1.6618818044662476e-02</internalNodes>
      <leafValues>
        3.8455000519752502e-01 -3.9192494750022888e-01</leafValues></_>
    <_>
      <internalNodes>
        0 -1 87774 4.9822546541690826e-02</internalNodes>
      <leafValues>
        -1.7480638623237610e-01 6.8974608182907104e-01</leafValues></_>
    <_>
      <internalNodes>
        0 -1 111604 -6.6981621086597443e-02</internalNodes>
      <leafValues>
        4.8102319240570068e-01 -2.4430917203426361e-01</leafValues></_>
    <_>
      <internalNodes>
        0 -1 66128 4.3755047954618931e-04</internalNodes>
      <leafValues>
        -2.2762046754360199e-01 5.2139937877655029e-01</leafValues></_>
    <_>
      <internalNodes>
        0 -1 58122 7.4291171040385962e-04</internalNodes>
      <leafValues>
        -1.6056145727634430e-01 6.5110707283020020e-01</leafValues></_>
    <_>
      <internalNodes>
        0 -1 33307 -1.0101538151502609e-02</internalNodes>
      <leafValues>
        5.5797183513641357e-01 -1.7690633237361908e-01</leafValues></_>
    <_>
      <internalNodes>
        0 -1 137045 4.5917987823486328e-02</internalNodes>
      <leafValues>
        -2.6293522119522095e-01 4.3190336227416992e-01</leafValues></_>
    <_>
      <internalNodes>
        0 -1 48362 -1.8118132138624787e-03</internalNodes>
      <leafValues>
        4.4524502754211426e-01 -2.5549632310867310e-01</leafValues></_>
    <_>
      <internalNodes>
        0 -1 88265 -1.2495008995756507e-03</internalNodes>
      <leafValues>
        7.1616601943969727e-01 -2.2514903545379639e-01</leafValues></_></weakClassifiers></stage15>
</opencv_storage>
