<?xml version="1.0"?>
<opencv_storage>
<stage32>
  <maxWeakCount>17</maxWeakCount>
  <stageThreshold>-9.4799053668975830e-01</stageThreshold>
  <weakClassifiers>
    <_>
      <internalNodes>
        0 -1 37870 7.8826099634170532e-02</internalNodes>
      <leafValues>
        4.4554454088211060e-01 -6.5217393636703491e-01</leafValues></_>
    <_>
      <internalNodes>
        0 -1 110440 5.4317652247846127e-03</internalNodes>
      <leafValues>
        -2.7800557017326355e-01 4.8623105883598328e-01</leafValues></_>
    <_>
      <internalNodes>
        0 -1 89528 1.3782089576125145e-02</internalNodes>
      <leafValues>
        -2.5889319181442261e-01 5.5240738391876221e-01</leafValues></_>
    <_>
      <internalNodes>
        0 -1 48666 -5.9302855515852571e-04</internalNodes>
      <leafValues>
        2.7469643950462341e-01 -3.6901089549064636e-01</leafValues></_>
    <_>
      <internalNodes>
        0 -1 8855 2.0710566604975611e-04</internalNodes>
      <leafValues>
        2.0563293993473053e-01 -4.2679291963577271e-01</leafValues></_>
    <_>
      <internalNodes>
        0 -1 142154 -8.3044164057355374e-05</internalNodes>
      <leafValues>
        4.8572763800621033e-01 -2.0481620728969574e-01</leafValues></_>
    <_>
      <internalNodes>
        0 -1 10704 1.8839053809642792e-03</internalNodes>
      <leafValues>
        -2.1572642028331757e-01 4.2822366952896118e-01</leafValues></_>
    <_>
      <internalNodes>
        0 -1 154911 4.7675068490207195e-03</internalNodes>
      <leafValues>
        -1.7403443157672882e-01 5.0426608324050903e-01</leafValues></_>
    <_>
      <internalNodes>
        0 -1 84713 1.0661970736691728e-04</internalNodes>
      <leafValues>
        -2.3464535176753998e-01 3.3812770247459412e-01</leafValues></_>
    <_>
      <internalNodes>
        0 -1 13952 2.0193353295326233e-02</internalNodes>
      <leafValues>
        1.0752297192811966e-01 -8.0651819705963135e-01</leafValues></_>
    <_>
      <internalNodes>
        0 -1 61931 -4.1246466338634491e-02</internalNodes>
      <leafValues>
        2.3917427659034729e-01 -3.6598458886146545e-01</leafValues></_>
    <_>
      <internalNodes>
        0 -1 97896 2.9308488592505455e-03</internalNodes>
      <leafValues>
        -1.2290187925100327e-01 6.4816433191299438e-01</leafValues></_>
    <_>
      <internalNodes>
        0 -1 114082 -7.2261714376509190e-04</internalNodes>
      <leafValues>
        4.8638251423835754e-01 -1.5864586830139160e-01</leafValues></_>
    <_>
      <internalNodes>
        0 -1 29558 4.5723458752036095e-03</internalNodes>
      <leafValues>
        -1.3799354434013367e-01 5.1776975393295288e-01</leafValues></_>
    <_>
      <internalNodes>
        0 -1 38061 -1.4282218216976617e-05</internalNodes>
      <leafValues>
        2.8639489412307739e-01 -2.5849941372871399e-01</leafValues></_>
    <_>
      <internalNodes>
        0 -1 73074 -9.5492688706144691e-04</internalNodes>
      <leafValues>
        4.9468395113945007e-01 -1.7863374948501587e-01</leafValues></_>
    <_>
      <internalNodes>
        0 -1 121427 2.3116599768400192e-03</internalNodes>
      <leafValues>
        -1.2957683205604553e-01 5.8799946308135986e-01</leafValues></_></weakClassifiers></stage32>
</opencv_storage>
