<?xml version="1.0"?>
<opencv_storage>
<stage22>
  <maxWeakCount>6</maxWeakCount>
  <stageThreshold>-7.5140857696533203e-01</stageThreshold>
  <weakClassifiers>
    <_>
      <internalNodes>
        0 -1 25559 8.5837706923484802e-02</internalNodes>
      <leafValues>
        5.6000000238418579e-01 -8.0000001192092896e-01</leafValues></_>
    <_>
      <internalNodes>
        0 -1 74463 6.5635435748845339e-04</internalNodes>
      <leafValues>
        -2.9355105757713318e-01 8.3037424087524414e-01</leafValues></_>
    <_>
      <internalNodes>
        0 -1 144925 -1.5040902420878410e-02</internalNodes>
      <leafValues>
        6.3316571712493896e-01 -3.0008241534233093e-01</leafValues></_>
    <_>
      <internalNodes>
        0 -1 46136 -4.2267665266990662e-03</internalNodes>
      <leafValues>
        8.4336048364639282e-01 -2.3369047045707703e-01</leafValues></_>
    <_>
      <internalNodes>
        0 -1 148516 -1.0525651741772890e-03</internalNodes>
      <leafValues>
        -4.4802162051200867e-01 4.2514210939407349e-01</leafValues></_>
    <_>
      <internalNodes>
        0 -1 159682 -5.4573547095060349e-04</internalNodes>
      <leafValues>
        -5.1015484333038330e-01 4.5077326893806458e-01</leafValues></_></weakClassifiers></stage22>
</opencv_storage>
