<?xml version="1.0"?>
<opencv_storage>
<stage25>
  <maxWeakCount>11</maxWeakCount>
  <stageThreshold>-7.7376407384872437e-01</stageThreshold>
  <weakClassifiers>
    <_>
      <internalNodes>
        0 -1 92006 3.5324297845363617e-02</internalNodes>
      <leafValues>
        5.2307695150375366e-01 -8.9999997615814209e-01</leafValues></_>
    <_>
      <internalNodes>
        0 -1 86340 5.5370279587805271e-03</internalNodes>
      <leafValues>
        -3.5443678498268127e-01 4.6383154392242432e-01</leafValues></_>
    <_>
      <internalNodes>
        0 -1 96182 1.3200514018535614e-02</internalNodes>
      <leafValues>
        -1.7947880923748016e-01 6.9862186908721924e-01</leafValues></_>
    <_>
      <internalNodes>
        0 -1 147882 -3.0716473702341318e-03</internalNodes>
      <leafValues>
        3.8413384556770325e-01 -3.4789603948593140e-01</leafValues></_>
    <_>
      <internalNodes>
        0 -1 60765 -3.7877676077187061e-03</internalNodes>
      <leafValues>
        3.5278245806694031e-01 -3.4452140331268311e-01</leafValues></_>
    <_>
      <internalNodes>
        0 -1 128571 -3.5696234554052353e-03</internalNodes>
      <leafValues>
        4.1059595346450806e-01 -2.8017187118530273e-01</leafValues></_>
    <_>
      <internalNodes>
        0 -1 138620 9.1125851031392813e-04</internalNodes>
      <leafValues>
        -1.5368036925792694e-01 8.2484525442123413e-01</leafValues></_>
    <_>
      <internalNodes>
        0 -1 106511 -4.8592891544103622e-03</internalNodes>
      <leafValues>
        4.9578976631164551e-01 -2.2014045715332031e-01</leafValues></_>
    <_>
      <internalNodes>
        0 -1 6830 -8.5230562835931778e-03</internalNodes>
      <leafValues>
        4.6160462498664856e-01 -2.4371474981307983e-01</leafValues></_>
    <_>
      <internalNodes>
        0 -1 143357 1.2562290066853166e-04</internalNodes>
      <leafValues>
        -2.8876492381095886e-01 3.5904657840728760e-01</leafValues></_>
    <_>
      <internalNodes>
        0 -1 161125 -1.4281208677857649e-05</internalNodes>
      <leafValues>
        4.1064500808715820e-01 -2.5723421573638916e-01</leafValues></_></weakClassifiers></stage25>
</opencv_storage>
