<?xml version="1.0"?>
<opencv_storage>
<stage37>
  <maxWeakCount>15</maxWeakCount>
  <stageThreshold>-7.6356297731399536e-01</stageThreshold>
  <weakClassifiers>
    <_>
      <internalNodes>
        0 -1 136371 -1.7981704324483871e-02</internalNodes>
      <leafValues>
        -6.3636362552642822e-01 4.5318353176116943e-01</leafValues></_>
    <_>
      <internalNodes>
        0 -1 22557 4.4683203101158142e-02</internalNodes>
      <leafValues>
        -1.8119207024574280e-01 5.7074373960494995e-01</leafValues></_>
    <_>
      <internalNodes>
        0 -1 85360 4.4675087556242943e-03</internalNodes>
      <leafValues>
        -4.0609288215637207e-01 2.9271197319030762e-01</leafValues></_>
    <_>
      <internalNodes>
        0 -1 765 -2.8181567788124084e-02</internalNodes>
      <leafValues>
        3.9454323053359985e-01 -3.1357800960540771e-01</leafValues></_>
    <_>
      <internalNodes>
        0 -1 121184 2.1829928737133741e-03</internalNodes>
      <leafValues>
        -2.3760262131690979e-01 6.0056185722351074e-01</leafValues></_>
    <_>
      <internalNodes>
        0 -1 67768 1.2645554961636662e-03</internalNodes>
      <leafValues>
        -1.4752930402755737e-01 5.9588479995727539e-01</leafValues></_>
    <_>
      <internalNodes>
        0 -1 114419 1.5840113628655672e-03</internalNodes>
      <leafValues>
        -1.1806395649909973e-01 7.8168940544128418e-01</leafValues></_>
    <_>
      <internalNodes>
        0 -1 100005 -4.9117631278932095e-03</internalNodes>
      <leafValues>
        -6.7161673307418823e-01 1.4876478910446167e-01</leafValues></_>
    <_>
      <internalNodes>
        0 -1 109322 -7.1052758721634746e-04</internalNodes>
      <leafValues>
        3.5267242789268494e-01 -2.8529894351959229e-01</leafValues></_>
    <_>
      <internalNodes>
        0 -1 59841 -1.6125980764627457e-02</internalNodes>
      <leafValues>
        7.0355218648910522e-01 -1.5040008723735809e-01</leafValues></_>
    <_>
      <internalNodes>
        0 -1 13027 -9.2326779849827290e-04</internalNodes>
      <leafValues>
        -4.9959063529968262e-01 1.8924310803413391e-01</leafValues></_>
    <_>
      <internalNodes>
        0 -1 138275 -7.5625558383762836e-04</internalNodes>
      <leafValues>
        6.3200104236602783e-01 -1.4155776798725128e-01</leafValues></_>
    <_>
      <internalNodes>
        0 -1 25747 -2.2230837494134903e-03</internalNodes>
      <leafValues>
        -6.8434464931488037e-01 1.4498047530651093e-01</leafValues></_>
    <_>
      <internalNodes>
        0 -1 1121 -3.7169894203543663e-03</internalNodes>
      <leafValues>
        7.6677864789962769e-01 -1.2765651941299438e-01</leafValues></_>
    <_>
      <internalNodes>
        0 -1 146771 -3.0310191214084625e-03</internalNodes>
      <leafValues>
        3.0640271306037903e-01 -2.8956753015518188e-01</leafValues></_></weakClassifiers></stage37>
</opencv_storage>
