<?xml version="1.0"?>
<opencv_storage>
<stage0>
  <maxWeakCount>7</maxWeakCount>
  <stageThreshold>-7.7026504278182983e-01</stageThreshold>
  <weakClassifiers>
    <_>
      <internalNodes>
        0 -1 83251 3.6639936268329620e-02</internalNodes>
      <leafValues>
        -2.0754717290401459e-01 9.4326239824295044e-01</leafValues></_>
    <_>
      <internalNodes>
        0 -1 132502 9.6272665541619062e-04</internalNodes>
      <leafValues>
        -4.3332582712173462e-01 7.9657363891601563e-01</leafValues></_>
    <_>
      <internalNodes>
        0 -1 80938 -1.0341571643948555e-02</internalNodes>
      <leafValues>
        7.1057808399200439e-01 -3.8702398538589478e-01</leafValues></_>
    <_>
      <internalNodes>
        0 -1 78523 4.8393979668617249e-03</internalNodes>
      <leafValues>
        -2.9853728413581848e-01 9.2833578586578369e-01</leafValues></_>
    <_>
      <internalNodes>
        0 -1 82010 -5.6687761098146439e-02</internalNodes>
      <leafValues>
        8.6496102809906006e-01 -3.7075561285018921e-01</leafValues></_>
    <_>
      <internalNodes>
        0 -1 12840 -1.8165571964345872e-04</internalNodes>
      <leafValues>
        -4.9783885478973389e-01 5.9652489423751831e-01</leafValues></_>
    <_>
      <internalNodes>
        0 -1 116565 -2.9354717116802931e-03</internalNodes>
      <leafValues>
        -8.7660086154937744e-01 3.3039996027946472e-01</leafValues></_></weakClassifiers></stage0>
</opencv_storage>
