<?xml version="1.0"?>
<opencv_storage>
<stage12>
  <maxWeakCount>8</maxWeakCount>
  <stageThreshold>-7.4012619256973267e-01</stageThreshold>
  <weakClassifiers>
    <_>
      <internalNodes>
        0 -1 90290 -2.0027749240398407e-02</internalNodes>
      <leafValues>
        6.3742691278457642e-01 -6.9767445325851440e-02</leafValues></_>
    <_>
      <internalNodes>
        0 -1 140492 -2.5207620114088058e-02</internalNodes>
      <leafValues>
        6.5690398216247559e-01 -2.1253466606140137e-01</leafValues></_>
    <_>
      <internalNodes>
        0 -1 80141 -5.0651296041905880e-03</internalNodes>
      <leafValues>
        9.2704874277114868e-01 -1.5719167888164520e-01</leafValues></_>
    <_>
      <internalNodes>
        0 -1 68558 9.5508707454428077e-04</internalNodes>
      <leafValues>
        -3.0560481548309326e-01 7.2784405946731567e-01</leafValues></_>
    <_>
      <internalNodes>
        0 -1 98441 1.0780007578432560e-02</internalNodes>
      <leafValues>
        -1.8527048826217651e-01 8.2341694831848145e-01</leafValues></_>
    <_>
      <internalNodes>
        0 -1 151518 1.1402527801692486e-02</internalNodes>
      <leafValues>
        -1.3134500384330750e-01 8.6294072866439819e-01</leafValues></_>
    <_>
      <internalNodes>
        0 -1 7632 -3.1596839427947998e-02</internalNodes>
      <leafValues>
        6.6310405731201172e-01 -2.6311248540878296e-01</leafValues></_>
    <_>
      <internalNodes>
        0 -1 147162 -2.0450991578400135e-03</internalNodes>
      <leafValues>
        4.4520804286003113e-01 -3.4151616692543030e-01</leafValues></_></weakClassifiers></stage12>
</opencv_storage>
