<?xml version="1.0"?>
<opencv_storage>
<stage34>
  <maxWeakCount>17</maxWeakCount>
  <stageThreshold>-7.7919775247573853e-01</stageThreshold>
  <weakClassifiers>
    <_>
      <internalNodes>
        0 -1 52505 -6.1897267587482929e-03</internalNodes>
      <leafValues>
        -3.0964466929435730e-01 5.1351350545883179e-01</leafValues></_>
    <_>
      <internalNodes>
        0 -1 104442 -2.8407205827534199e-03</internalNodes>
      <leafValues>
        6.3460034132003784e-01 -1.4362756907939911e-01</leafValues></_>
    <_>
      <internalNodes>
        0 -1 144063 4.3966462835669518e-03</internalNodes>
      <leafValues>
        -1.0394115000963211e-01 7.5720530748367310e-01</leafValues></_>
    <_>
      <internalNodes>
        0 -1 147824 5.8864569291472435e-04</internalNodes>
      <leafValues>
        -1.3735213875770569e-01 6.0187977552413940e-01</leafValues></_>
    <_>
      <internalNodes>
        0 -1 81146 -9.3502826988697052e-02</internalNodes>
      <leafValues>
        3.1061723828315735e-01 -3.3525055646896362e-01</leafValues></_>
    <_>
      <internalNodes>
        0 -1 55623 -1.3037668541073799e-02</internalNodes>
      <leafValues>
        4.6387517452239990e-01 -2.2887979447841644e-01</leafValues></_>
    <_>
      <internalNodes>
        0 -1 6200 1.0387159883975983e-02</internalNodes>
      <leafValues>
        1.6815412044525146e-01 -6.0816127061843872e-01</leafValues></_>
    <_>
      <internalNodes>
        0 -1 31867 2.6355269365012646e-03</internalNodes>
      <leafValues>
        -1.2975803017616272e-01 8.0976659059524536e-01</leafValues></_>
    <_>
      <internalNodes>
        0 -1 42318 4.8680296167731285e-03</internalNodes>
      <leafValues>
        -1.5112605690956116e-01 4.9653279781341553e-01</leafValues></_>
    <_>
      <internalNodes>
        0 -1 118974 -6.5942818764597178e-05</internalNodes>
      <leafValues>
        3.8389343023300171e-01 -2.1962121129035950e-01</leafValues></_>
    <_>
      <internalNodes>
        0 -1 72229 -1.1779099702835083e-01</internalNodes>
      <leafValues>
        4.1895085573196411e-01 -2.0460687577724457e-01</leafValues></_>
    <_>
      <internalNodes>
        0 -1 155598 -1.8297810107469559e-02</internalNodes>
      <leafValues>
        -4.3197020888328552e-01 2.1454316377639771e-01</leafValues></_>
    <_>
      <internalNodes>
        0 -1 133123 -1.5820867847651243e-03</internalNodes>
      <leafValues>
        3.8624590635299683e-01 -2.2730830311775208e-01</leafValues></_>
    <_>
      <internalNodes>
        0 -1 57212 2.7132253162562847e-03</internalNodes>
      <leafValues>
        -9.1799639165401459e-02 7.2057896852493286e-01</leafValues></_>
    <_>
      <internalNodes>
        0 -1 59992 -7.2549577453173697e-05</internalNodes>
      <leafValues>
        -2.4584531784057617e-01 3.3944377303123474e-01</leafValues></_>
    <_>
      <internalNodes>
        0 -1 24474 -2.1766891703009605e-02</internalNodes>
      <leafValues>
        7.1704530715942383e-01 -1.3852721452713013e-01</leafValues></_>
    <_>
      <internalNodes>
        0 -1 96132 1.6951737925410271e-03</internalNodes>
      <leafValues>
        -1.5595549345016479e-01 5.1156842708587646e-01</leafValues></_></weakClassifiers></stage34>
</opencv_storage>
