<?xml version="1.0"?>
<opencv_storage>
<stage22>
  <maxWeakCount>10</maxWeakCount>
  <stageThreshold>-4.0781247615814209e-01</stageThreshold>
  <weakClassifiers>
    <_>
      <internalNodes>
        0 -1 110651 4.9918517470359802e-03</internalNodes>
      <leafValues>
        5.0510203838348389e-01 -8.2758623361587524e-01</leafValues></_>
    <_>
      <internalNodes>
        0 -1 81169 -1.7994334921240807e-02</internalNodes>
      <leafValues>
        3.2278990745544434e-01 -3.4552821516990662e-01</leafValues></_>
    <_>
      <internalNodes>
        0 -1 127993 1.1703264317475259e-04</internalNodes>
      <leafValues>
        -2.3102454841136932e-01 4.4117441773414612e-01</leafValues></_>
    <_>
      <internalNodes>
        0 -1 78351 6.2981825321912766e-03</internalNodes>
      <leafValues>
        -1.8669711053371429e-01 6.0823237895965576e-01</leafValues></_>
    <_>
      <internalNodes>
        0 -1 77580 -1.0797914862632751e-01</internalNodes>
      <leafValues>
        5.3318530321121216e-01 -2.2954742610454559e-01</leafValues></_>
    <_>
      <internalNodes>
        0 -1 47456 -1.7614622265682556e-05</internalNodes>
      <leafValues>
        3.7857758998870850e-01 -2.4313525855541229e-01</leafValues></_>
    <_>
      <internalNodes>
        0 -1 87634 4.2443022131919861e-02</internalNodes>
      <leafValues>
        -1.0651692003011703e-01 8.6200565099716187e-01</leafValues></_>
    <_>
      <internalNodes>
        0 -1 127878 -4.1891848668456078e-03</internalNodes>
      <leafValues>
        5.4448103904724121e-01 -1.6657707095146179e-01</leafValues></_>
    <_>
      <internalNodes>
        0 -1 71128 -6.7520447075366974e-02</internalNodes>
      <leafValues>
        -7.6218074560165405e-01 1.1859820038080215e-01</leafValues></_>
    <_>
      <internalNodes>
        0 -1 79656 -1.0966538684442639e-03</internalNodes>
      <leafValues>
        5.3205788135528564e-01 -1.9080430269241333e-01</leafValues></_></weakClassifiers></stage22>
</opencv_storage>
