<?xml version="1.0"?>
<opencv_storage>
<stage38>
  <maxWeakCount>15</maxWeakCount>
  <stageThreshold>-5.5422604084014893e-01</stageThreshold>
  <weakClassifiers>
    <_>
      <internalNodes>
        0 -1 145121 -5.2568558603525162e-03</internalNodes>
      <leafValues>
        5.7565218210220337e-01 -9.5384612679481506e-02</leafValues></_>
    <_>
      <internalNodes>
        0 -1 144035 3.4177759662270546e-03</internalNodes>
      <leafValues>
        2.2218281030654907e-01 -4.9036732316017151e-01</leafValues></_>
    <_>
      <internalNodes>
        0 -1 113982 -1.0245043784379959e-02</internalNodes>
      <leafValues>
        7.9668873548507690e-01 -1.2155042588710785e-01</leafValues></_>
    <_>
      <internalNodes>
        0 -1 78273 -7.6029775664210320e-03</internalNodes>
      <leafValues>
        4.4230416417121887e-01 -2.3586469888687134e-01</leafValues></_>
    <_>
      <internalNodes>
        0 -1 350 2.1744016557931900e-02</internalNodes>
      <leafValues>
        1.8800988793373108e-01 -5.0720947980880737e-01</leafValues></_>
    <_>
      <internalNodes>
        0 -1 56286 6.2802480533719063e-04</internalNodes>
      <leafValues>
        -2.2437758743762970e-01 3.9085850119590759e-01</leafValues></_>
    <_>
      <internalNodes>
        0 -1 115614 -1.4688468538224697e-02</internalNodes>
      <leafValues>
        -7.0161670446395874e-01 9.9600993096828461e-02</leafValues></_>
    <_>
      <internalNodes>
        0 -1 9534 6.4011137001216412e-03</internalNodes>
      <leafValues>
        -1.5996433794498444e-01 5.1048618555068970e-01</leafValues></_>
    <_>
      <internalNodes>
        0 -1 64162 3.3286017179489136e-01</internalNodes>
      <leafValues>
        1.1395500600337982e-01 -7.2949022054672241e-01</leafValues></_>
    <_>
      <internalNodes>
        0 -1 37452 7.2847143746912479e-04</internalNodes>
      <leafValues>
        1.6306772828102112e-01 -5.1797986030578613e-01</leafValues></_>
    <_>
      <internalNodes>
        0 -1 149141 1.6008651582524180e-03</internalNodes>
      <leafValues>
        -9.5443800091743469e-02 7.7309095859527588e-01</leafValues></_>
    <_>
      <internalNodes>
        0 -1 255 -2.8481397777795792e-02</internalNodes>
      <leafValues>
        -5.9350478649139404e-01 1.4163054525852203e-01</leafValues></_>
    <_>
      <internalNodes>
        0 -1 141907 1.0975678451359272e-03</internalNodes>
      <leafValues>
        1.4072389900684357e-01 -5.3366583585739136e-01</leafValues></_>
    <_>
      <internalNodes>
        0 -1 82684 1.8697485327720642e-02</internalNodes>
      <leafValues>
        -2.6936304569244385e-01 2.9977312684059143e-01</leafValues></_>
    <_>
      <internalNodes>
        0 -1 143031 1.2347659794613719e-03</internalNodes>
      <leafValues>
        -1.8936681747436523e-01 5.1176589727401733e-01</leafValues></_></weakClassifiers></stage38>
</opencv_storage>
