<?xml version="1.0"?>
<opencv_storage>
<stage39>
  <maxWeakCount>5</maxWeakCount>
  <stageThreshold>-5.0149399042129517e-01</stageThreshold>
  <weakClassifiers>
    <_>
      <internalNodes>
        0 -1 93172 -2.2673956118524075e-03</internalNodes>
      <leafValues>
        -8.1132078170776367e-01 5.7894736528396606e-01</leafValues></_>
    <_>
      <internalNodes>
        0 -1 145340 -1.4165561879053712e-04</internalNodes>
      <leafValues>
        6.9356709718704224e-01 -3.2675933837890625e-01</leafValues></_>
    <_>
      <internalNodes>
        0 -1 155225 3.4737761598080397e-03</internalNodes>
      <leafValues>
        3.1589493155479431e-01 -8.0285418033599854e-01</leafValues></_>
    <_>
      <internalNodes>
        0 -1 71708 4.7478475607931614e-03</internalNodes>
      <leafValues>
        -3.2326266169548035e-01 7.4050247669219971e-01</leafValues></_>
    <_>
      <internalNodes>
        0 -1 118146 3.5492118448019028e-02</internalNodes>
      <leafValues>
        -3.7637257575988770e-01 6.3375926017761230e-01</leafValues></_></weakClassifiers></stage39>
</opencv_storage>
