<?xml version="1.0"?>
<opencv_storage>
<stage21>
  <maxWeakCount>16</maxWeakCount>
  <stageThreshold>-6.9409173727035522e-01</stageThreshold>
  <weakClassifiers>
    <_>
      <internalNodes>
        0 -1 86498 -6.9759488105773926e-02</internalNodes>
      <leafValues>
        6.6742599010467529e-01 1.5184381976723671e-02</leafValues></_>
    <_>
      <internalNodes>
        0 -1 117883 -3.1511494889855385e-03</internalNodes>
      <leafValues>
        -7.0846635103225708e-01 1.6136711835861206e-01</leafValues></_>
    <_>
      <internalNodes>
        0 -1 137900 2.3435363546013832e-03</internalNodes>
      <leafValues>
        -2.6511973142623901e-01 3.0492967367172241e-01</leafValues></_>
    <_>
      <internalNodes>
        0 -1 77559 -5.6591361761093140e-02</internalNodes>
      <leafValues>
        6.3830554485321045e-01 -1.3090220093727112e-01</leafValues></_>
    <_>
      <internalNodes>
        0 -1 37853 -5.0341058522462845e-03</internalNodes>
      <leafValues>
        -3.8273614645004272e-01 2.0522989332675934e-01</leafValues></_>
    <_>
      <internalNodes>
        0 -1 151378 -1.5369489847216755e-04</internalNodes>
      <leafValues>
        3.1207910180091858e-01 -2.6327654719352722e-01</leafValues></_>
    <_>
      <internalNodes>
        0 -1 69836 -2.0354343578219414e-03</internalNodes>
      <leafValues>
        6.8772101402282715e-01 -1.1719233542680740e-01</leafValues></_>
    <_>
      <internalNodes>
        0 -1 96664 -9.4689533114433289e-02</internalNodes>
      <leafValues>
        6.2540483474731445e-01 -9.8634414374828339e-02</leafValues></_>
    <_>
      <internalNodes>
        0 -1 35313 8.1877052783966064e-02</internalNodes>
      <leafValues>
        -1.3939690589904785e-01 6.3142728805541992e-01</leafValues></_>
    <_>
      <internalNodes>
        0 -1 115612 -1.2126980349421501e-02</internalNodes>
      <leafValues>
        -7.3719614744186401e-01 1.2973201274871826e-01</leafValues></_>
    <_>
      <internalNodes>
        0 -1 73217 1.1507425457239151e-02</internalNodes>
      <leafValues>
        -2.3379231989383698e-01 3.9330586791038513e-01</leafValues></_>
    <_>
      <internalNodes>
        0 -1 56712 3.2821395434439182e-03</internalNodes>
      <leafValues>
        -1.3995371758937836e-01 5.4093611240386963e-01</leafValues></_>
    <_>
      <internalNodes>
        0 -1 12591 1.0119169019162655e-03</internalNodes>
      <leafValues>
        1.7252029478549957e-01 -5.2394175529479980e-01</leafValues></_>
    <_>
      <internalNodes>
        0 -1 47134 -6.7669432610273361e-03</internalNodes>
      <leafValues>
        2.8687319159507751e-01 -2.9137313365936279e-01</leafValues></_>
    <_>
      <internalNodes>
        0 -1 89594 4.4961525127291679e-03</internalNodes>
      <leafValues>
        -1.8954083323478699e-01 4.7887203097343445e-01</leafValues></_>
    <_>
      <internalNodes>
        0 -1 138460 7.9831748735159636e-04</internalNodes>
      <leafValues>
        -1.0656990110874176e-01 6.1991792917251587e-01</leafValues></_></weakClassifiers></stage21>
</opencv_storage>
