<?xml version="1.0"?>
<opencv_storage>
<stage33>
  <maxWeakCount>12</maxWeakCount>
  <stageThreshold>-6.3395988941192627e-01</stageThreshold>
  <weakClassifiers>
    <_>
      <internalNodes>
        0 -1 124288 4.0152616798877716e-02</internalNodes>
      <leafValues>
        4.7661188244819641e-01 -7.0642203092575073e-01</leafValues></_>
    <_>
      <internalNodes>
        0 -1 77576 -8.5742518305778503e-02</internalNodes>
      <leafValues>
        5.1411527395248413e-01 -2.3354361951351166e-01</leafValues></_>
    <_>
      <internalNodes>
        0 -1 91696 -2.3349116090685129e-03</internalNodes>
      <leafValues>
        4.9368906021118164e-01 -2.4943014979362488e-01</leafValues></_>
    <_>
      <internalNodes>
        0 -1 79078 -8.8075725361704826e-03</internalNodes>
      <leafValues>
        5.0226169824600220e-01 -2.5707849860191345e-01</leafValues></_>
    <_>
      <internalNodes>
        0 -1 69267 -3.5281199961900711e-03</internalNodes>
      <leafValues>
        7.5000393390655518e-01 -7.4253357946872711e-02</leafValues></_>
    <_>
      <internalNodes>
        0 -1 5420 -2.7999112382531166e-02</internalNodes>
      <leafValues>
        3.9434093236923218e-01 -2.2300551831722260e-01</leafValues></_>
    <_>
      <internalNodes>
        0 -1 26253 8.2089245319366455e-02</internalNodes>
      <leafValues>
        -1.4707416296005249e-01 8.1192088127136230e-01</leafValues></_>
    <_>
      <internalNodes>
        0 -1 113111 -3.2231034711003304e-03</internalNodes>
      <leafValues>
        4.6322277188301086e-01 -2.1441280841827393e-01</leafValues></_>
    <_>
      <internalNodes>
        0 -1 105221 -1.6033143037930131e-03</internalNodes>
      <leafValues>
        4.9023163318634033e-01 -1.8864870071411133e-01</leafValues></_>
    <_>
      <internalNodes>
        0 -1 96425 8.9303718414157629e-04</internalNodes>
      <leafValues>
        -1.5104757249355316e-01 5.9402328729629517e-01</leafValues></_>
    <_>
      <internalNodes>
        0 -1 10704 3.4910519607365131e-03</internalNodes>
      <leafValues>
        -1.6012485325336456e-01 5.5837720632553101e-01</leafValues></_>
    <_>
      <internalNodes>
        0 -1 136649 -2.7457135729491711e-03</internalNodes>
      <leafValues>
        -7.4394249916076660e-01 1.7070098221302032e-01</leafValues></_></weakClassifiers></stage33>
</opencv_storage>
