<?xml version="1.0"?>
<opencv_storage>
<stage24>
  <maxWeakCount>12</maxWeakCount>
  <stageThreshold>-7.5394105911254883e-01</stageThreshold>
  <weakClassifiers>
    <_>
      <internalNodes>
        0 -1 148174 -4.0508359670639038e-03</internalNodes>
      <leafValues>
        -5.5199998617172241e-01 4.7612902522087097e-01</leafValues></_>
    <_>
      <internalNodes>
        0 -1 83422 -1.6248159809038043e-03</internalNodes>
      <leafValues>
        3.7848681211471558e-01 -3.2197442650794983e-01</leafValues></_>
    <_>
      <internalNodes>
        0 -1 121296 3.2204130548052490e-05</internalNodes>
      <leafValues>
        -2.7024438977241516e-01 4.7836402058601379e-01</leafValues></_>
    <_>
      <internalNodes>
        0 -1 25536 3.2184335868805647e-03</internalNodes>
      <leafValues>
        -2.7098140120506287e-01 4.5409217476844788e-01</leafValues></_>
    <_>
      <internalNodes>
        0 -1 47849 -1.6615740605629981e-05</internalNodes>
      <leafValues>
        4.1815412044525146e-01 -2.9984122514724731e-01</leafValues></_>
    <_>
      <internalNodes>
        0 -1 126241 -7.8949742019176483e-03</internalNodes>
      <leafValues>
        4.0021055936813354e-01 -2.9090642929077148e-01</leafValues></_>
    <_>
      <internalNodes>
        0 -1 161916 1.6505161765962839e-03</internalNodes>
      <leafValues>
        2.0973321795463562e-01 -5.7245606184005737e-01</leafValues></_>
    <_>
      <internalNodes>
        0 -1 82954 4.7806854126974940e-04</internalNodes>
      <leafValues>
        -2.9220086336135864e-01 4.3030464649200439e-01</leafValues></_>
    <_>
      <internalNodes>
        0 -1 117017 -5.8081820607185364e-03</internalNodes>
      <leafValues>
        -7.3186951875686646e-01 1.4625166356563568e-01</leafValues></_>
    <_>
      <internalNodes>
        0 -1 13195 -6.3446775311604142e-04</internalNodes>
      <leafValues>
        -5.4628616571426392e-01 1.9700628519058228e-01</leafValues></_>
    <_>
      <internalNodes>
        0 -1 61099 -7.5976476073265076e-02</internalNodes>
      <leafValues>
        -5.2565842866897583e-01 2.1032738685607910e-01</leafValues></_>
    <_>
      <internalNodes>
        0 -1 63639 -2.4722607340663671e-03</internalNodes>
      <leafValues>
        7.5233775377273560e-01 -1.6225901246070862e-01</leafValues></_></weakClassifiers></stage24>
</opencv_storage>
