<?xml version="1.0"?>
<opencv_storage>
<stage31>
  <maxWeakCount>23</maxWeakCount>
  <stageThreshold>-6.6621339321136475e-01</stageThreshold>
  <weakClassifiers>
    <_>
      <internalNodes>
        0 -1 13315 -3.5960220266133547e-03</internalNodes>
      <leafValues>
        -8.3783781528472900e-01 3.8354575634002686e-01</leafValues></_>
    <_>
      <internalNodes>
        0 -1 128211 -6.3296835869550705e-03</internalNodes>
      <leafValues>
        2.5482916831970215e-01 -3.5026895999908447e-01</leafValues></_>
    <_>
      <internalNodes>
        0 -1 71225 8.9547801762819290e-03</internalNodes>
      <leafValues>
        -4.8590427637100220e-01 1.4613996446132660e-01</leafValues></_>
    <_>
      <internalNodes>
        0 -1 24876 4.5041948556900024e-02</internalNodes>
      <leafValues>
        -1.0030853748321533e-01 8.0552673339843750e-01</leafValues></_>
    <_>
      <internalNodes>
        0 -1 59519 -6.2843970954418182e-03</internalNodes>
      <leafValues>
        5.8872616291046143e-01 -1.4631853997707367e-01</leafValues></_>
    <_>
      <internalNodes>
        0 -1 12850 6.0763279907405376e-04</internalNodes>
      <leafValues>
        1.9663853943347931e-01 -3.7914425134658813e-01</leafValues></_>
    <_>
      <internalNodes>
        0 -1 63786 2.0259900018572807e-02</internalNodes>
      <leafValues>
        -2.3827473819255829e-01 3.4181189537048340e-01</leafValues></_>
    <_>
      <internalNodes>
        0 -1 143504 1.7946544103324413e-03</internalNodes>
      <leafValues>
        -1.4106012880802155e-01 4.7740057110786438e-01</leafValues></_>
    <_>
      <internalNodes>
        0 -1 64277 4.0657008066773415e-03</internalNodes>
      <leafValues>
        -1.1236411333084106e-01 5.8384150266647339e-01</leafValues></_>
    <_>
      <internalNodes>
        0 -1 132589 -1.1645087506622076e-03</internalNodes>
      <leafValues>
        5.0292783975601196e-01 -1.3507798314094543e-01</leafValues></_>
    <_>
      <internalNodes>
        0 -1 136412 8.7131299078464508e-03</internalNodes>
      <leafValues>
        1.2255854159593582e-01 -6.1485058069229126e-01</leafValues></_>
    <_>
      <internalNodes>
        0 -1 105081 -1.1196490377187729e-03</internalNodes>
      <leafValues>
        6.1753588914871216e-01 -1.2692277133464813e-01</leafValues></_>
    <_>
      <internalNodes>
        0 -1 114082 -7.3122646426782012e-04</internalNodes>
      <leafValues>
        4.1361668705940247e-01 -1.7542394995689392e-01</leafValues></_>
    <_>
      <internalNodes>
        0 -1 88654 -2.3941360414028168e-03</internalNodes>
      <leafValues>
        5.5915164947509766e-01 -1.3273406028747559e-01</leafValues></_>
    <_>
      <internalNodes>
        0 -1 151137 2.2476604208350182e-03</internalNodes>
      <leafValues>
        -8.4172092378139496e-02 8.2567769289016724e-01</leafValues></_>
    <_>
      <internalNodes>
        0 -1 77522 1.6115080565214157e-02</internalNodes>
      <leafValues>
        -1.6633553802967072e-01 3.9923587441444397e-01</leafValues></_>
    <_>
      <internalNodes>
        0 -1 87866 -3.6670364439487457e-02</internalNodes>
      <leafValues>
        3.7595811486244202e-01 -2.1198676526546478e-01</leafValues></_>
    <_>
      <internalNodes>
        0 -1 85974 -6.1517961323261261e-02</internalNodes>
      <leafValues>
        4.0364897251129150e-01 -1.8403500318527222e-01</leafValues></_>
    <_>
      <internalNodes>
        0 -1 99823 -3.3457264304161072e-02</internalNodes>
      <leafValues>
        5.0427854061126709e-01 -1.6023625433444977e-01</leafValues></_>
    <_>
      <internalNodes>
        0 -1 147829 -1.5163908246904612e-03</internalNodes>
      <leafValues>
        6.5731030702590942e-01 -1.0550998151302338e-01</leafValues></_>
    <_>
      <internalNodes>
        0 -1 106446 5.4853165056556463e-04</internalNodes>
      <leafValues>
        -1.3852600753307343e-01 4.8210987448692322e-01</leafValues></_>
    <_>
      <internalNodes>
        0 -1 116552 -2.1888483315706253e-03</internalNodes>
      <leafValues>
        -6.4119666814804077e-01 1.2669928371906281e-01</leafValues></_>
    <_>
      <internalNodes>
        0 -1 60460 3.7276311777532101e-03</internalNodes>
      <leafValues>
        -1.5136975049972534e-01 5.3984308242797852e-01</leafValues></_></weakClassifiers></stage31>
</opencv_storage>
