<?xml version="1.0"?>
<opencv_storage>
<stage40>
  <maxWeakCount>22</maxWeakCount>
  <stageThreshold>-6.8643754720687866e-01</stageThreshold>
  <weakClassifiers>
    <_>
      <internalNodes>
        0 -1 63445 1.0701654851436615e-01</internalNodes>
      <leafValues>
        7.0833332836627960e-02 6.3333332538604736e-01</leafValues></_>
    <_>
      <internalNodes>
        0 -1 90913 -5.3312942385673523e-02</internalNodes>
      <leafValues>
        3.3775180578231812e-01 -2.2434726357460022e-01</leafValues></_>
    <_>
      <internalNodes>
        0 -1 72051 -8.8908085599541664e-03</internalNodes>
      <leafValues>
        2.6830744743347168e-01 -3.4216481447219849e-01</leafValues></_>
    <_>
      <internalNodes>
        0 -1 114418 9.7617087885737419e-04</internalNodes>
      <leafValues>
        -1.0868953913450241e-01 6.1880791187286377e-01</leafValues></_>
    <_>
      <internalNodes>
        0 -1 154393 1.2031507212668657e-03</internalNodes>
      <leafValues>
        -1.3287238776683807e-01 4.7537270188331604e-01</leafValues></_>
    <_>
      <internalNodes>
        0 -1 46677 2.6999466121196747e-02</internalNodes>
      <leafValues>
        -1.4172275364398956e-01 6.1990058422088623e-01</leafValues></_>
    <_>
      <internalNodes>
        0 -1 60433 -9.7298296168446541e-03</internalNodes>
      <leafValues>
        -5.1921129226684570e-01 1.4793848991394043e-01</leafValues></_>
    <_>
      <internalNodes>
        0 -1 72389 -1.3187124859541655e-03</internalNodes>
      <leafValues>
        4.2872628569602966e-01 -1.5337964892387390e-01</leafValues></_>
    <_>
      <internalNodes>
        0 -1 36371 1.6701065003871918e-02</internalNodes>
      <leafValues>
        -7.0501938462257385e-02 8.2038766145706177e-01</leafValues></_>
    <_>
      <internalNodes>
        0 -1 106682 2.1990693639963865e-03</internalNodes>
      <leafValues>
        -7.8316964209079742e-02 7.0626300573348999e-01</leafValues></_>
    <_>
      <internalNodes>
        0 -1 89254 2.3518442176282406e-03</internalNodes>
      <leafValues>
        -1.0459186136722565e-01 6.1426723003387451e-01</leafValues></_>
    <_>
      <internalNodes>
        0 -1 116245 -8.6899544112384319e-04</internalNodes>
      <leafValues>
        2.8685444593429565e-01 -2.4560602009296417e-01</leafValues></_>
    <_>
      <internalNodes>
        0 -1 48209 -2.7750146109610796e-03</internalNodes>
      <leafValues>
        8.0648857355117798e-01 -8.1598751246929169e-02</leafValues></_>
    <_>
      <internalNodes>
        0 -1 108586 1.2767242733389139e-03</internalNodes>
      <leafValues>
        1.0386887192726135e-01 -7.5808274745941162e-01</leafValues></_>
    <_>
      <internalNodes>
        0 -1 148299 -3.7709807511419058e-03</internalNodes>
      <leafValues>
        -4.0446797013282776e-01 1.5427352488040924e-01</leafValues></_>
    <_>
      <internalNodes>
        0 -1 48358 1.2226933240890503e-01</internalNodes>
      <leafValues>
        -1.1194667965173721e-01 6.4525240659713745e-01</leafValues></_>
    <_>
      <internalNodes>
        0 -1 68369 -2.1994531154632568e-02</internalNodes>
      <leafValues>
        5.2199363708496094e-01 -1.2213046848773956e-01</leafValues></_>
    <_>
      <internalNodes>
        0 -1 29573 9.8139122128486633e-03</internalNodes>
      <leafValues>
        -1.3311278820037842e-01 4.7899118065834045e-01</leafValues></_>
    <_>
      <internalNodes>
        0 -1 30381 -4.2741298675537109e-03</internalNodes>
      <leafValues>
        4.3928292393684387e-01 -1.3777507841587067e-01</leafValues></_>
    <_>
      <internalNodes>
        0 -1 119170 3.2341808080673218e-02</internalNodes>
      <leafValues>
        -1.4334933459758759e-01 4.8597502708435059e-01</leafValues></_>
    <_>
      <internalNodes>
        0 -1 134211 -1.1019455268979073e-03</internalNodes>
      <leafValues>
        4.7471630573272705e-01 -1.2890629470348358e-01</leafValues></_>
    <_>
      <internalNodes>
        0 -1 78734 5.4507657885551453e-02</internalNodes>
      <leafValues>
        1.1013057827949524e-01 -6.8045330047607422e-01</leafValues></_></weakClassifiers></stage40>
</opencv_storage>
