<?xml version="1.0"?>
<opencv_storage>
<stage44>
  <maxWeakCount>4</maxWeakCount>
  <stageThreshold>-6.6551530361175537e-01</stageThreshold>
  <weakClassifiers>
    <_>
      <internalNodes>
        0 -1 118050 -2.8567522764205933e-02</internalNodes>
      <leafValues>
        -4.9473685026168823e-01 7.1707314252853394e-01</leafValues></_>
    <_>
      <internalNodes>
        0 -1 435 -1.3674747198820114e-02</internalNodes>
      <leafValues>
        4.7219401597976685e-01 -4.2961248755455017e-01</leafValues></_>
    <_>
      <internalNodes>
        0 -1 67432 8.6476292926818132e-04</internalNodes>
      <leafValues>
        -3.2695686817169189e-01 6.2207645177841187e-01</leafValues></_>
    <_>
      <internalNodes>
        0 -1 106578 -4.0561056812293828e-04</internalNodes>
      <leafValues>
        5.8579087257385254e-01 -2.7412062883377075e-01</leafValues></_></weakClassifiers></stage44>
</opencv_storage>
