<?xml version="1.0"?>
<opencv_storage>
<stage43>
  <maxWeakCount>4</maxWeakCount>
  <stageThreshold>-6.2122541666030884e-01</stageThreshold>
  <weakClassifiers>
    <_>
      <internalNodes>
        0 -1 112242 3.5118326544761658e-02</internalNodes>
      <leafValues>
        5.6233423948287964e-01 -8.4931504726409912e-01</leafValues></_>
    <_>
      <internalNodes>
        0 -1 146239 8.6691305041313171e-03</internalNodes>
      <leafValues>
        -3.4896156191825867e-01 6.1134713888168335e-01</leafValues></_>
    <_>
      <internalNodes>
        0 -1 139140 8.0576725304126740e-03</internalNodes>
      <leafValues>
        2.1646720170974731e-01 -8.2560789585113525e-01</leafValues></_>
    <_>
      <internalNodes>
        0 -1 131209 -5.9650279581546783e-05</internalNodes>
      <leafValues>
        3.6058402061462402e-01 -4.6329337358474731e-01</leafValues></_></weakClassifiers></stage43>
</opencv_storage>
