<?xml version="1.0"?>
<opencv_storage>
<stage41>
  <maxWeakCount>16</maxWeakCount>
  <stageThreshold>-6.4772170782089233e-01</stageThreshold>
  <weakClassifiers>
    <_>
      <internalNodes>
        0 -1 82957 1.1724059004336596e-03</internalNodes>
      <leafValues>
        5.1270550489425659e-01 -1.8614718317985535e-01</leafValues></_>
    <_>
      <internalNodes>
        0 -1 47163 1.1765846982598305e-02</internalNodes>
      <leafValues>
        -2.8724378347396851e-01 3.7856549024581909e-01</leafValues></_>
    <_>
      <internalNodes>
        0 -1 81587 -2.2996556945145130e-03</internalNodes>
      <leafValues>
        6.9723546504974365e-01 -1.1750006675720215e-01</leafValues></_>
    <_>
      <internalNodes>
        0 -1 143902 2.0186519250273705e-03</internalNodes>
      <leafValues>
        -2.2853286564350128e-01 3.4685686230659485e-01</leafValues></_>
    <_>
      <internalNodes>
        0 -1 85280 6.2193867051973939e-05</internalNodes>
      <leafValues>
        -2.7924057841300964e-01 2.8817230463027954e-01</leafValues></_>
    <_>
      <internalNodes>
        0 -1 5485 -6.3174235401675105e-04</internalNodes>
      <leafValues>
        3.4750753641128540e-01 -2.4432447552680969e-01</leafValues></_>
    <_>
      <internalNodes>
        0 -1 67432 1.0749924695119262e-03</internalNodes>
      <leafValues>
        -2.6217839121818542e-01 3.6158925294876099e-01</leafValues></_>
    <_>
      <internalNodes>
        0 -1 155085 3.5452107113087550e-05</internalNodes>
      <leafValues>
        -2.9382973909378052e-01 2.8356879949569702e-01</leafValues></_>
    <_>
      <internalNodes>
        0 -1 80629 -1.3715061359107494e-03</internalNodes>
      <leafValues>
        5.1166576147079468e-01 -1.6783370077610016e-01</leafValues></_>
    <_>
      <internalNodes>
        0 -1 106622 -6.8003851920366287e-03</internalNodes>
      <leafValues>
        5.4099893569946289e-01 -1.4375533163547516e-01</leafValues></_>
    <_>
      <internalNodes>
        0 -1 60144 8.8742803782224655e-03</internalNodes>
      <leafValues>
        -9.5625683665275574e-02 7.2714531421661377e-01</leafValues></_>
    <_>
      <internalNodes>
        0 -1 161153 1.6915011219680309e-03</internalNodes>
      <leafValues>
        1.9956800341606140e-01 -4.4629919528961182e-01</leafValues></_>
    <_>
      <internalNodes>
        0 -1 118249 -1.3091344044369180e-05</internalNodes>
      <leafValues>
        3.8820099830627441e-01 -2.2924283146858215e-01</leafValues></_>
    <_>
      <internalNodes>
        0 -1 142872 3.3377660438418388e-03</internalNodes>
      <leafValues>
        -2.0574073493480682e-01 3.7085941433906555e-01</leafValues></_>
    <_>
      <internalNodes>
        0 -1 60437 1.4309069956652820e-04</internalNodes>
      <leafValues>
        1.8727377057075500e-01 -3.9979568123817444e-01</leafValues></_>
    <_>
      <internalNodes>
        0 -1 72389 1.4375769533216953e-03</internalNodes>
      <leafValues>
        -1.5697433054447174e-01 5.6561648845672607e-01</leafValues></_></weakClassifiers></stage41>
</opencv_storage>
