<?xml version="1.0"?>
<opencv_storage>
<stage42>
  <maxWeakCount>16</maxWeakCount>
  <stageThreshold>-8.8330465555191040e-01</stageThreshold>
  <weakClassifiers>
    <_>
      <internalNodes>
        0 -1 6491 -1.4849574305117130e-02</internalNodes>
      <leafValues>
        -2.3404255509376526e-01 5.9223300218582153e-01</leafValues></_>
    <_>
      <internalNodes>
        0 -1 148120 3.5488768480718136e-04</internalNodes>
      <leafValues>
        -3.2113823294639587e-01 4.2712134122848511e-01</leafValues></_>
    <_>
      <internalNodes>
        0 -1 154946 6.1672693118453026e-04</internalNodes>
      <leafValues>
        -1.3185612857341766e-01 7.0108741521835327e-01</leafValues></_>
    <_>
      <internalNodes>
        0 -1 161577 -7.0630310801789165e-04</internalNodes>
      <leafValues>
        3.0490976572036743e-01 -3.0149221420288086e-01</leafValues></_>
    <_>
      <internalNodes>
        0 -1 74071 1.0203251242637634e-01</internalNodes>
      <leafValues>
        -9.6321843564510345e-02 8.8050574064254761e-01</leafValues></_>
    <_>
      <internalNodes>
        0 -1 140368 -2.4516132543794811e-04</internalNodes>
      <leafValues>
        3.5450088977813721e-01 -2.7008575201034546e-01</leafValues></_>
    <_>
      <internalNodes>
        0 -1 68248 8.1922747194766998e-03</internalNodes>
      <leafValues>
        -1.8181258440017700e-01 5.0366926193237305e-01</leafValues></_>
    <_>
      <internalNodes>
        0 -1 101135 2.9392238502623513e-05</internalNodes>
      <leafValues>
        -2.3553176224231720e-01 3.6839723587036133e-01</leafValues></_>
    <_>
      <internalNodes>
        0 -1 96256 -7.6673465082421899e-04</internalNodes>
      <leafValues>
        4.1291853785514832e-01 -2.2082504630088806e-01</leafValues></_>
    <_>
      <internalNodes>
        0 -1 156414 -1.2373734498396516e-03</internalNodes>
      <leafValues>
        7.7528554201126099e-01 -1.2533424794673920e-01</leafValues></_>
    <_>
      <internalNodes>
        0 -1 144038 -1.5241922810673714e-03</internalNodes>
      <leafValues>
        8.0776870250701904e-01 -9.2908985912799835e-02</leafValues></_>
    <_>
      <internalNodes>
        0 -1 47463 -2.5670451577752829e-03</internalNodes>
      <leafValues>
        5.5562967061996460e-01 -1.4092788100242615e-01</leafValues></_>
    <_>
      <internalNodes>
        0 -1 127993 5.9487581893336028e-05</internalNodes>
      <leafValues>
        -2.9535132646560669e-01 3.1224465370178223e-01</leafValues></_>
    <_>
      <internalNodes>
        0 -1 92443 1.7360609769821167e-01</internalNodes>
      <leafValues>
        -1.2197536230087280e-01 6.5112179517745972e-01</leafValues></_>
    <_>
      <internalNodes>
        0 -1 68915 1.1265221983194351e-03</internalNodes>
      <leafValues>
        -1.5429835021495819e-01 5.8348941802978516e-01</leafValues></_>
    <_>
      <internalNodes>
        0 -1 157013 1.1132971849292517e-03</internalNodes>
      <leafValues>
        -1.0534574836492538e-01 8.1296926736831665e-01</leafValues></_></weakClassifiers></stage42>
</opencv_storage>
