<?xml version="1.0"?>
<opencv_storage>
<stage48>
  <maxWeakCount>9</maxWeakCount>
  <stageThreshold>-7.7789944410324097e-01</stageThreshold>
  <weakClassifiers>
    <_>
      <internalNodes>
        0 -1 151248 2.3284293711185455e-02</internalNodes>
      <leafValues>
        6.0332870483398438e-01 -7.5418996810913086e-01</leafValues></_>
    <_>
      <internalNodes>
        0 -1 145238 -1.1394211091101170e-02</internalNodes>
      <leafValues>
        4.6763372421264648e-01 -4.5938071608543396e-01</leafValues></_>
    <_>
      <internalNodes>
        0 -1 37873 2.7655891608446836e-03</internalNodes>
      <leafValues>
        -2.6544207334518433e-01 5.8446508646011353e-01</leafValues></_>
    <_>
      <internalNodes>
        0 -1 23936 -1.0696204379200935e-02</internalNodes>
      <leafValues>
        -4.9244454503059387e-01 3.2875320315361023e-01</leafValues></_>
    <_>
      <internalNodes>
        0 -1 65735 1.0733194649219513e-02</internalNodes>
      <leafValues>
        -3.7948843836784363e-01 6.0601890087127686e-01</leafValues></_>
    <_>
      <internalNodes>
        0 -1 100245 -1.3927269726991653e-02</internalNodes>
      <leafValues>
        -6.7419159412384033e-01 2.3520576953887939e-01</leafValues></_>
    <_>
      <internalNodes>
        0 -1 155438 -8.3327316679060459e-04</internalNodes>
      <leafValues>
        6.6827923059463501e-01 -2.1162822842597961e-01</leafValues></_>
    <_>
      <internalNodes>
        0 -1 67236 1.9477957393974066e-03</internalNodes>
      <leafValues>
        -2.2291018068790436e-01 5.7552158832550049e-01</leafValues></_>
    <_>
      <internalNodes>
        0 -1 78994 1.5296426136046648e-04</internalNodes>
      <leafValues>
        -2.6741188764572144e-01 4.7435045242309570e-01</leafValues></_></weakClassifiers></stage48>
</opencv_storage>
