<?xml version="1.0"?>
<opencv_storage>
<stage49>
  <maxWeakCount>5</maxWeakCount>
  <stageThreshold>-2.6957711577415466e-01</stageThreshold>
  <weakClassifiers>
    <_>
      <internalNodes>
        0 -1 134368 3.4740157425403595e-02</internalNodes>
      <leafValues>
        5.2101910114288330e-01 -9.4782608747482300e-01</leafValues></_>
    <_>
      <internalNodes>
        0 -1 139227 -3.5086749121546745e-03</internalNodes>
      <leafValues>
        -6.8795377016067505e-01 2.4391320347785950e-01</leafValues></_>
    <_>
      <internalNodes>
        0 -1 67330 6.7746518179774284e-03</internalNodes>
      <leafValues>
        -4.1303491592407227e-01 3.1135016679763794e-01</leafValues></_>
    <_>
      <internalNodes>
        0 -1 36961 1.8253333400934935e-03</internalNodes>
      <leafValues>
        -2.1568015217781067e-01 6.2837845087051392e-01</leafValues></_>
    <_>
      <internalNodes>
        0 -1 156302 -6.3751619309186935e-03</internalNodes>
      <leafValues>
        5.6411814689636230e-01 -1.9831250607967377e-01</leafValues></_></weakClassifiers></stage49>
</opencv_storage>
