<?xml version="1.0"?>
<opencv_storage>
<stage45>
  <maxWeakCount>6</maxWeakCount>
  <stageThreshold>-1.1632155179977417e+00</stageThreshold>
  <weakClassifiers>
    <_>
      <internalNodes>
        0 -1 26045 -3.0703856609761715e-03</internalNodes>
      <leafValues>
        -6.0714286565780640e-01 6.4497041702270508e-01</leafValues></_>
    <_>
      <internalNodes>
        0 -1 13413 -4.1828909888863564e-03</internalNodes>
      <leafValues>
        -4.3851950764656067e-01 5.1506245136260986e-01</leafValues></_>
    <_>
      <internalNodes>
        0 -1 93246 -4.3136794120073318e-03</internalNodes>
      <leafValues>
        -6.7013847827911377e-01 2.7806511521339417e-01</leafValues></_>
    <_>
      <internalNodes>
        0 -1 68819 -3.5983897745609283e-02</internalNodes>
      <leafValues>
        -6.1757856607437134e-01 2.5779110193252563e-01</leafValues></_>
    <_>
      <internalNodes>
        0 -1 161868 -3.7558628246188164e-03</internalNodes>
      <leafValues>
        4.9841195344924927e-01 -2.9899904131889343e-01</leafValues></_>
    <_>
      <internalNodes>
        0 -1 114671 -1.2416323646903038e-02</internalNodes>
      <leafValues>
        5.1558095216751099e-01 -2.9767042398452759e-01</leafValues></_></weakClassifiers></stage45>
</opencv_storage>
