<?xml version="1.0"?>
<opencv_storage>
<stage46>
  <maxWeakCount>8</maxWeakCount>
  <stageThreshold>-1.0011423826217651e+00</stageThreshold>
  <weakClassifiers>
    <_>
      <internalNodes>
        0 -1 81353 -2.5695674121379852e-02</internalNodes>
      <leafValues>
        7.4621212482452393e-01 -2.5268816947937012e-01</leafValues></_>
    <_>
      <internalNodes>
        0 -1 82610 -6.4722910523414612e-02</internalNodes>
      <leafValues>
        6.1945456266403198e-01 -3.4746739268302917e-01</leafValues></_>
    <_>
      <internalNodes>
        0 -1 114660 -6.5727718174457550e-03</internalNodes>
      <leafValues>
        6.6255497932434082e-01 -2.6951625943183899e-01</leafValues></_>
    <_>
      <internalNodes>
        0 -1 1558 -1.0224363068118691e-03</internalNodes>
      <leafValues>
        -2.7700904011726379e-01 6.5392661094665527e-01</leafValues></_>
    <_>
      <internalNodes>
        0 -1 88420 -2.1885996684432030e-03</internalNodes>
      <leafValues>
        7.2766357660293579e-01 -1.8957388401031494e-01</leafValues></_>
    <_>
      <internalNodes>
        0 -1 12057 -4.3154843151569366e-02</internalNodes>
      <leafValues>
        6.1217081546783447e-01 -2.4201533198356628e-01</leafValues></_>
    <_>
      <internalNodes>
        0 -1 100056 4.1402593255043030e-02</internalNodes>
      <leafValues>
        -1.8959356844425201e-01 8.3862650394439697e-01</leafValues></_>
    <_>
      <internalNodes>
        0 -1 148314 1.5947808278724551e-03</internalNodes>
      <leafValues>
        -1.6421432793140411e-01 6.9142436981201172e-01</leafValues></_></weakClassifiers></stage46>
</opencv_storage>
