<?xml version="1.0"?>
<opencv_storage>
<stage47>
  <maxWeakCount>10</maxWeakCount>
  <stageThreshold>-9.0533322095870972e-01</stageThreshold>
  <weakClassifiers>
    <_>
      <internalNodes>
        0 -1 41434 -5.2321057766675949e-02</internalNodes>
      <leafValues>
        -9.0740740299224854e-01 5.0252526998519897e-01</leafValues></_>
    <_>
      <internalNodes>
        0 -1 107833 -3.9697727188467979e-03</internalNodes>
      <leafValues>
        4.2629751563072205e-01 -3.0671665072441101e-01</leafValues></_>
    <_>
      <internalNodes>
        0 -1 571 -3.1880117952823639e-02</internalNodes>
      <leafValues>
        -5.4850733280181885e-01 2.8859081864356995e-01</leafValues></_>
    <_>
      <internalNodes>
        0 -1 10889 2.9369802214205265e-03</internalNodes>
      <leafValues>
        -2.6901668310165405e-01 5.3291535377502441e-01</leafValues></_>
    <_>
      <internalNodes>
        0 -1 75949 5.5233791470527649e-02</internalNodes>
      <leafValues>
        -2.0598934590816498e-01 7.7481168508529663e-01</leafValues></_>
    <_>
      <internalNodes>
        0 -1 143228 -8.7660353165119886e-04</internalNodes>
      <leafValues>
        6.4384335279464722e-01 -1.7019248008728027e-01</leafValues></_>
    <_>
      <internalNodes>
        0 -1 47458 -3.1540859490633011e-03</internalNodes>
      <leafValues>
        8.4448742866516113e-01 -9.8052628338336945e-02</leafValues></_>
    <_>
      <internalNodes>
        0 -1 157974 -2.3852917365729809e-03</internalNodes>
      <leafValues>
        7.8546065092086792e-01 -1.1846797168254852e-01</leafValues></_>
    <_>
      <internalNodes>
        0 -1 129421 -9.8147231619805098e-04</internalNodes>
      <leafValues>
        3.5615876317024231e-01 -3.5339140892028809e-01</leafValues></_>
    <_>
      <internalNodes>
        0 -1 69262 7.7867734944447875e-04</internalNodes>
      <leafValues>
        -1.7462217807769775e-01 6.9599437713623047e-01</leafValues></_></weakClassifiers></stage47>
</opencv_storage>
