<?xml version="1.0"?>
<opencv_storage>
<stage26>
  <maxWeakCount>8</maxWeakCount>
  <stageThreshold>-6.9983947277069092e-01</stageThreshold>
  <weakClassifiers>
    <_>
      <internalNodes>
        0 -1 38639 -2.0136398077011108e-01</internalNodes>
      <leafValues>
        -7.1428573131561279e-01 4.7169810533523560e-01</leafValues></_>
    <_>
      <internalNodes>
        0 -1 119086 2.4471769575029612e-03</internalNodes>
      <leafValues>
        -3.4718805551528931e-01 4.9636873602867126e-01</leafValues></_>
    <_>
      <internalNodes>
        0 -1 9068 8.0550797283649445e-02</internalNodes>
      <leafValues>
        -3.1398582458496094e-01 7.8082305192947388e-01</leafValues></_>
    <_>
      <internalNodes>
        0 -1 96115 3.1890906393527985e-03</internalNodes>
      <leafValues>
        -3.8560858368873596e-01 4.6868449449539185e-01</leafValues></_>
    <_>
      <internalNodes>
        0 -1 154800 6.6930744796991348e-03</internalNodes>
      <leafValues>
        -2.7438926696777344e-01 6.5648370981216431e-01</leafValues></_>
    <_>
      <internalNodes>
        0 -1 60127 1.6379976877942681e-03</internalNodes>
      <leafValues>
        2.3750768601894379e-01 -7.8102809190750122e-01</leafValues></_>
    <_>
      <internalNodes>
        0 -1 13297 2.1411743364296854e-04</internalNodes>
      <leafValues>
        2.7797621488571167e-01 -5.9753608703613281e-01</leafValues></_>
    <_>
      <internalNodes>
        0 -1 18067 5.7518493849784136e-04</internalNodes>
      <leafValues>
        4.8321002721786499e-01 -4.4212290644645691e-01</leafValues></_></weakClassifiers></stage26>
</opencv_storage>
