<?xml version="1.0"?>
<opencv_storage>
<stage27>
  <maxWeakCount>7</maxWeakCount>
  <stageThreshold>-4.8194172978401184e-01</stageThreshold>
  <weakClassifiers>
    <_>
      <internalNodes>
        0 -1 126651 -1.2082180008292198e-02</internalNodes>
      <leafValues>
        -1. 4.6520146727561951e-01</leafValues></_>
    <_>
      <internalNodes>
        0 -1 32663 -1.1708516627550125e-02</internalNodes>
      <leafValues>
        6.6824436187744141e-01 -2.5421261787414551e-01</leafValues></_>
    <_>
      <internalNodes>
        0 -1 95759 -2.1534342318773270e-02</internalNodes>
      <leafValues>
        7.4590772390365601e-01 -3.0594018101692200e-01</leafValues></_>
    <_>
      <internalNodes>
        0 -1 124274 -1.5316294593503699e-05</internalNodes>
      <leafValues>
        4.5945894718170166e-01 -4.2548570036888123e-01</leafValues></_>
    <_>
      <internalNodes>
        0 -1 122049 -1.5882004518061876e-03</internalNodes>
      <leafValues>
        7.8080868721008301e-01 -2.7387571334838867e-01</leafValues></_>
    <_>
      <internalNodes>
        0 -1 111015 1.1319518089294434e-03</internalNodes>
      <leafValues>
        2.3876470327377319e-01 -8.0788439512252808e-01</leafValues></_>
    <_>
      <internalNodes>
        0 -1 2496 -5.2792578935623169e-03</internalNodes>
      <leafValues>
        -8.7963885068893433e-01 1.9779843091964722e-01</leafValues></_></weakClassifiers></stage27>
</opencv_storage>
