<?xml version="1.0"?>
<opencv_storage>
<stage30>
  <maxWeakCount>20</maxWeakCount>
  <stageThreshold>-6.7374145984649658e-01</stageThreshold>
  <weakClassifiers>
    <_>
      <internalNodes>
        0 -1 74128 -4.1904918849468231e-02</internalNodes>
      <leafValues>
        5.7333332300186157e-01 -2.6666666381061077e-03</leafValues></_>
    <_>
      <internalNodes>
        0 -1 48189 -6.6323038481641561e-05</internalNodes>
      <leafValues>
        3.5298693180084229e-01 -2.1233022212982178e-01</leafValues></_>
    <_>
      <internalNodes>
        0 -1 118988 -3.9156741695478559e-04</internalNodes>
      <leafValues>
        2.1104232966899872e-01 -4.1708970069885254e-01</leafValues></_>
    <_>
      <internalNodes>
        0 -1 73143 2.1110174711793661e-03</internalNodes>
      <leafValues>
        -1.9857600331306458e-01 3.6259368062019348e-01</leafValues></_>
    <_>
      <internalNodes>
        0 -1 82954 -1.1990331113338470e-03</internalNodes>
      <leafValues>
        4.6710076928138733e-01 -1.8201299011707306e-01</leafValues></_>
    <_>
      <internalNodes>
        0 -1 134714 -1.8454412929713726e-03</internalNodes>
      <leafValues>
        3.3804717659950256e-01 -2.1065017580986023e-01</leafValues></_>
    <_>
      <internalNodes>
        0 -1 13042 -2.2610696032643318e-03</internalNodes>
      <leafValues>
        -7.3477798700332642e-01 1.0563750565052032e-01</leafValues></_>
    <_>
      <internalNodes>
        0 -1 13404 -1.2898126151412725e-03</internalNodes>
      <leafValues>
        4.8205775022506714e-01 -1.7634229362010956e-01</leafValues></_>
    <_>
      <internalNodes>
        0 -1 85978 6.5374553203582764e-02</internalNodes>
      <leafValues>
        -6.6656902432441711e-02 9.7908389568328857e-01</leafValues></_>
    <_>
      <internalNodes>
        0 -1 95368 -4.1301228106021881e-02</internalNodes>
      <leafValues>
        2.8568592667579651e-01 -2.8991273045539856e-01</leafValues></_>
    <_>
      <internalNodes>
        0 -1 114371 2.4876854149624705e-04</internalNodes>
      <leafValues>
        -2.2770583629608154e-01 3.2218834757804871e-01</leafValues></_>
    <_>
      <internalNodes>
        0 -1 79074 2.1496996283531189e-02</internalNodes>
      <leafValues>
        -1.0630488395690918e-01 7.7518659830093384e-01</leafValues></_>
    <_>
      <internalNodes>
        0 -1 60529 -9.0800505131483078e-03</internalNodes>
      <leafValues>
        -4.9392697215080261e-01 1.6561856865882874e-01</leafValues></_>
    <_>
      <internalNodes>
        0 -1 89330 -7.6775751076638699e-03</internalNodes>
      <leafValues>
        6.9021081924438477e-01 -1.1467310041189194e-01</leafValues></_>
    <_>
      <internalNodes>
        0 -1 131515 -2.8486603696364909e-05</internalNodes>
      <leafValues>
        2.0617495477199554e-01 -4.1675347089767456e-01</leafValues></_>
    <_>
      <internalNodes>
        0 -1 124745 -4.6189990825951099e-03</internalNodes>
      <leafValues>
        -6.5734726190567017e-01 9.9511653184890747e-02</leafValues></_>
    <_>
      <internalNodes>
        0 -1 103658 -1.1824344983324409e-03</internalNodes>
      <leafValues>
        4.6142914891242981e-01 -1.7157287895679474e-01</leafValues></_>
    <_>
      <internalNodes>
        0 -1 32704 -8.1718293949961662e-03</internalNodes>
      <leafValues>
        3.6475792527198792e-01 -2.1283891797065735e-01</leafValues></_>
    <_>
      <internalNodes>
        0 -1 49301 -4.7831077245064080e-04</internalNodes>
      <leafValues>
        -4.7661307454109192e-01 1.5960493683815002e-01</leafValues></_>
    <_>
      <internalNodes>
        0 -1 124664 -5.8950200676918030e-02</internalNodes>
      <leafValues>
        -7.2885853052139282e-01 1.0916443914175034e-01</leafValues></_></weakClassifiers></stage30>
</opencv_storage>
