<?xml version="1.0"?>
<opencv_storage>
<stage34>
  <maxWeakCount>7</maxWeakCount>
  <stageThreshold>-4.4489353895187378e-01</stageThreshold>
  <weakClassifiers>
    <_>
      <internalNodes>
        0 -1 138942 -5.8995969593524933e-02</internalNodes>
      <leafValues>
        -1. 5.2091252803802490e-01</leafValues></_>
    <_>
      <internalNodes>
        0 -1 41766 1.6108747571706772e-02</internalNodes>
      <leafValues>
        -3.8798609375953674e-01 6.8855166435241699e-01</leafValues></_>
    <_>
      <internalNodes>
        0 -1 151208 -4.6000010333955288e-03</internalNodes>
      <leafValues>
        7.7927505970001221e-01 -2.9880091547966003e-01</leafValues></_>
    <_>
      <internalNodes>
        0 -1 58951 1.7495840787887573e-02</internalNodes>
      <leafValues>
        -3.3513712882995605e-01 8.9584422111511230e-01</leafValues></_>
    <_>
      <internalNodes>
        0 -1 139198 5.8055629779119045e-05</internalNodes>
      <leafValues>
        -3.2699564099311829e-01 6.1205416917800903e-01</leafValues></_>
    <_>
      <internalNodes>
        0 -1 123743 6.3765505328774452e-03</internalNodes>
      <leafValues>
        -2.1027226746082306e-01 9.3794816732406616e-01</leafValues></_>
    <_>
      <internalNodes>
        0 -1 33140 -6.3685432542115450e-04</internalNodes>
      <leafValues>
        -3.2977041602134705e-01 5.9338599443435669e-01</leafValues></_></weakClassifiers></stage34>
</opencv_storage>
