<?xml version="1.0"?>
<opencv_storage>
<stage30>
  <maxWeakCount>9</maxWeakCount>
  <stageThreshold>-3.9693698287010193e-01</stageThreshold>
  <weakClassifiers>
    <_>
      <internalNodes>
        0 -1 89922 -1.1466594412922859e-02</internalNodes>
      <leafValues>
        6.2921351194381714e-01 -9.8360657691955566e-02</leafValues></_>
    <_>
      <internalNodes>
        0 -1 134361 -6.6571432398632169e-04</internalNodes>
      <leafValues>
        6.0475838184356689e-01 -2.2304272651672363e-01</leafValues></_>
    <_>
      <internalNodes>
        0 -1 86287 8.6110569536685944e-03</internalNodes>
      <leafValues>
        -2.0037679374217987e-01 6.8281441926956177e-01</leafValues></_>
    <_>
      <internalNodes>
        0 -1 18839 2.0291311666369438e-03</internalNodes>
      <leafValues>
        -2.5755801796913147e-01 5.8429622650146484e-01</leafValues></_>
    <_>
      <internalNodes>
        0 -1 132491 -2.2134818136692047e-03</internalNodes>
      <leafValues>
        7.2853326797485352e-01 -2.4233274161815643e-01</leafValues></_>
    <_>
      <internalNodes>
        0 -1 4780 1.5283435583114624e-01</internalNodes>
      <leafValues>
        2.8977376222610474e-01 -5.3176075220108032e-01</leafValues></_>
    <_>
      <internalNodes>
        0 -1 162279 2.1622629719786346e-04</internalNodes>
      <leafValues>
        3.1496086716651917e-01 -4.8146834969520569e-01</leafValues></_>
    <_>
      <internalNodes>
        0 -1 82954 1.4512045308947563e-03</internalNodes>
      <leafValues>
        -2.0498697459697723e-01 8.1485080718994141e-01</leafValues></_>
    <_>
      <internalNodes>
        0 -1 82908 -3.7765791639685631e-03</internalNodes>
      <leafValues>
        -8.1623935699462891e-01 2.2498631477355957e-01</leafValues></_></weakClassifiers></stage30>
</opencv_storage>
