<?xml version="1.0"?>
<opencv_storage>
<stage43>
  <maxWeakCount>14</maxWeakCount>
  <stageThreshold>-5.7320898771286011e-01</stageThreshold>
  <weakClassifiers>
    <_>
      <internalNodes>
        0 -1 111884 -1.8838878022506833e-03</internalNodes>
      <leafValues>
        -2.3255813866853714e-02 6.0233920812606812e-01</leafValues></_>
    <_>
      <internalNodes>
        0 -1 118265 4.8951124772429466e-03</internalNodes>
      <leafValues>
        1.4921665191650391e-01 -8.7608927488327026e-01</leafValues></_>
    <_>
      <internalNodes>
        0 -1 95637 -1.0628243908286095e-03</internalNodes>
      <leafValues>
        5.8353513479232788e-01 -1.5739080309867859e-01</leafValues></_>
    <_>
      <internalNodes>
        0 -1 51384 -9.2650819569826126e-03</internalNodes>
      <leafValues>
        2.5115779042243958e-01 -3.3186683058738708e-01</leafValues></_>
    <_>
      <internalNodes>
        0 -1 62238 -3.6189261823892593e-02</internalNodes>
      <leafValues>
        -6.5133982896804810e-01 1.3417382538318634e-01</leafValues></_>
    <_>
      <internalNodes>
        0 -1 47453 -1.4384599635377526e-03</internalNodes>
      <leafValues>
        6.6179627180099487e-01 -1.3523197174072266e-01</leafValues></_>
    <_>
      <internalNodes>
        0 -1 127090 7.7290105400606990e-04</internalNodes>
      <leafValues>
        -1.2447611242532730e-01 6.6847681999206543e-01</leafValues></_>
    <_>
      <internalNodes>
        0 -1 121351 -1.3622187543660402e-03</internalNodes>
      <leafValues>
        6.7967903614044189e-01 -1.2065435200929642e-01</leafValues></_>
    <_>
      <internalNodes>
        0 -1 155185 1.5277155907824636e-03</internalNodes>
      <leafValues>
        1.8194121122360229e-01 -5.4846888780593872e-01</leafValues></_>
    <_>
      <internalNodes>
        0 -1 94799 2.3096546065062284e-03</internalNodes>
      <leafValues>
        -4.7063282132148743e-01 1.8569678068161011e-01</leafValues></_>
    <_>
      <internalNodes>
        0 -1 136204 -7.5721804751083255e-04</internalNodes>
      <leafValues>
        -5.7109576463699341e-01 1.5211318433284760e-01</leafValues></_>
    <_>
      <internalNodes>
        0 -1 138035 4.4910669326782227e-02</internalNodes>
      <leafValues>
        1.3805891573429108e-01 -7.0006084442138672e-01</leafValues></_>
    <_>
      <internalNodes>
        0 -1 90554 1.0257726535201073e-03</internalNodes>
      <leafValues>
        -1.4765690267086029e-01 7.3014581203460693e-01</leafValues></_>
    <_>
      <internalNodes>
        0 -1 147424 -3.3177365548908710e-03</internalNodes>
      <leafValues>
        4.6920472383499146e-01 -1.8371060490608215e-01</leafValues></_></weakClassifiers></stage43>
</opencv_storage>
