<?xml version="1.0"?>
<opencv_storage>
<stage5>
  <maxWeakCount>14</maxWeakCount>
  <stageThreshold>-6.1784732341766357e-01</stageThreshold>
  <weakClassifiers>
    <_>
      <internalNodes>
        0 -1 71411 -3.7891209125518799e-02</internalNodes>
      <leafValues>
        5.6454122066497803e-01 -2.4513618648052216e-01</leafValues></_>
    <_>
      <internalNodes>
        0 -1 133038 4.6531837433576584e-03</internalNodes>
      <leafValues>
        -2.2066597640514374e-01 5.2135276794433594e-01</leafValues></_>
    <_>
      <internalNodes>
        0 -1 76575 -1.7968317866325378e-01</internalNodes>
      <leafValues>
        6.2604790925979614e-01 -1.9298702478408813e-01</leafValues></_>
    <_>
      <internalNodes>
        0 -1 63715 1.2639711610972881e-02</internalNodes>
      <leafValues>
        -2.2801610827445984e-01 5.5073118209838867e-01</leafValues></_>
    <_>
      <internalNodes>
        0 -1 127119 -1.0796014685183764e-03</internalNodes>
      <leafValues>
        7.0789635181427002e-01 -1.7958927154541016e-01</leafValues></_>
    <_>
      <internalNodes>
        0 -1 6963 6.1582826077938080e-02</internalNodes>
      <leafValues>
        -1.6143050789833069e-01 6.5550678968429565e-01</leafValues></_>
    <_>
      <internalNodes>
        0 -1 127777 1.2059769360348582e-03</internalNodes>
      <leafValues>
        -2.5961637496948242e-01 5.0831109285354614e-01</leafValues></_>
    <_>
      <internalNodes>
        0 -1 54979 -6.5440754406154156e-03</internalNodes>
      <leafValues>
        7.7547091245651245e-01 -1.3040105998516083e-01</leafValues></_>
    <_>
      <internalNodes>
        0 -1 46088 -1.7291808035224676e-03</internalNodes>
      <leafValues>
        6.9600427150726318e-01 -1.7672803997993469e-01</leafValues></_>
    <_>
      <internalNodes>
        0 -1 23703 -9.0050213038921356e-03</internalNodes>
      <leafValues>
        5.4980838298797607e-01 -2.1718928217887878e-01</leafValues></_>
    <_>
      <internalNodes>
        0 -1 37630 -1.3614178169518709e-03</internalNodes>
      <leafValues>
        -6.6122370958328247e-01 1.9469055533409119e-01</leafValues></_>
    <_>
      <internalNodes>
        0 -1 150988 3.8093645125627518e-03</internalNodes>
      <leafValues>
        -1.5853881835937500e-01 7.8222501277923584e-01</leafValues></_>
    <_>
      <internalNodes>
        0 -1 121621 -6.4762622117996216e-02</internalNodes>
      <leafValues>
        -6.8769824504852295e-01 1.8070971965789795e-01</leafValues></_>
    <_>
      <internalNodes>
        0 -1 147408 -2.9261372983455658e-03</internalNodes>
      <leafValues>
        6.4433777332305908e-01 -1.8524803221225739e-01</leafValues></_></weakClassifiers></stage5>
</opencv_storage>
