<?xml version="1.0"?>
<opencv_storage>
<stage49>
  <maxWeakCount>7</maxWeakCount>
  <stageThreshold>-7.9953926801681519e-01</stageThreshold>
  <weakClassifiers>
    <_>
      <internalNodes>
        0 -1 146149 -4.0463037788867950e-02</internalNodes>
      <leafValues>
        -6.5957444906234741e-01 5.1778656244277954e-01</leafValues></_>
    <_>
      <internalNodes>
        0 -1 123205 -1.2353568337857723e-02</internalNodes>
      <leafValues>
        5.2374535799026489e-01 -3.7434202432632446e-01</leafValues></_>
    <_>
      <internalNodes>
        0 -1 98452 3.4398029092699289e-03</internalNodes>
      <leafValues>
        -2.6390689611434937e-01 5.6047606468200684e-01</leafValues></_>
    <_>
      <internalNodes>
        0 -1 78508 1.8023816868662834e-02</internalNodes>
      <leafValues>
        3.7972536683082581e-01 -5.5493968725204468e-01</leafValues></_>
    <_>
      <internalNodes>
        0 -1 126072 -7.4686564039438963e-04</internalNodes>
      <leafValues>
        6.3852196931838989e-01 -2.6946419477462769e-01</leafValues></_>
    <_>
      <internalNodes>
        0 -1 120995 2.2638419177383184e-03</internalNodes>
      <leafValues>
        -3.6127850413322449e-01 4.7917076945304871e-01</leafValues></_>
    <_>
      <internalNodes>
        0 -1 80698 -1.0614711791276932e-03</internalNodes>
      <leafValues>
        -4.2805957794189453e-01 4.1323578357696533e-01</leafValues></_></weakClassifiers></stage49>
</opencv_storage>
