<?xml version="1.0"?>
<opencv_storage>
<stage18>
  <maxWeakCount>14</maxWeakCount>
  <stageThreshold>-8.5913747549057007e-01</stageThreshold>
  <weakClassifiers>
    <_>
      <internalNodes>
        0 -1 101662 -1.5661785006523132e-01</internalNodes>
      <leafValues>
        -6.5789473056793213e-01 4.2475727200508118e-01</leafValues></_>
    <_>
      <internalNodes>
        0 -1 136412 -9.4198534497991204e-04</internalNodes>
      <leafValues>
        3.5952696204185486e-01 -4.1334724426269531e-01</leafValues></_>
    <_>
      <internalNodes>
        0 -1 82964 3.8664452731609344e-03</internalNodes>
      <leafValues>
        -3.0611240863800049e-01 3.9345258474349976e-01</leafValues></_>
    <_>
      <internalNodes>
        0 -1 87993 2.0038608461618423e-02</internalNodes>
      <leafValues>
        -1.5233895182609558e-01 7.3425245285034180e-01</leafValues></_>
    <_>
      <internalNodes>
        0 -1 113953 7.9224575310945511e-03</internalNodes>
      <leafValues>
        -2.9456743597984314e-01 5.5943661928176880e-01</leafValues></_>
    <_>
      <internalNodes>
        0 -1 39987 5.5020749568939209e-02</internalNodes>
      <leafValues>
        -1.0853040218353271e-01 7.3397862911224365e-01</leafValues></_>
    <_>
      <internalNodes>
        0 -1 161006 7.1959081105887890e-04</internalNodes>
      <leafValues>
        3.0297234654426575e-01 -3.3965510129928589e-01</leafValues></_>
    <_>
      <internalNodes>
        0 -1 38988 -6.1046197079122066e-03</internalNodes>
      <leafValues>
        5.5491179227828979e-01 -1.6184212267398834e-01</leafValues></_>
    <_>
      <internalNodes>
        0 -1 45001 3.9160363376140594e-03</internalNodes>
      <leafValues>
        -1.6532520949840546e-01 6.0480016469955444e-01</leafValues></_>
    <_>
      <internalNodes>
        0 -1 101167 -2.6939497329294682e-03</internalNodes>
      <leafValues>
        -6.4873170852661133e-01 1.7169128358364105e-01</leafValues></_>
    <_>
      <internalNodes>
        0 -1 140779 -3.3719115890562534e-03</internalNodes>
      <leafValues>
        4.3605533242225647e-01 -2.3333504796028137e-01</leafValues></_>
    <_>
      <internalNodes>
        0 -1 108305 -1.7139022238552570e-03</internalNodes>
      <leafValues>
        5.8536463975906372e-01 -1.6110871732234955e-01</leafValues></_>
    <_>
      <internalNodes>
        0 -1 114190 -1.5701332813478075e-05</internalNodes>
      <leafValues>
        3.4885472059249878e-01 -2.5450268387794495e-01</leafValues></_>
    <_>
      <internalNodes>
        0 -1 80755 -7.6518617570400238e-03</internalNodes>
      <leafValues>
        -5.5385863780975342e-01 1.9887226819992065e-01</leafValues></_></weakClassifiers></stage18>
</opencv_storage>
