<?xml version="1.0"?>
<opencv_storage>
<stage45>
  <maxWeakCount>15</maxWeakCount>
  <stageThreshold>-6.4279085397720337e-01</stageThreshold>
  <weakClassifiers>
    <_>
      <internalNodes>
        0 -1 15573 -2.0518562197685242e-01</internalNodes>
      <leafValues>
        -9.6491229534149170e-01 4.2111507058143616e-01</leafValues></_>
    <_>
      <internalNodes>
        0 -1 131105 7.5409114360809326e-02</internalNodes>
      <leafValues>
        1.7040702700614929e-01 -7.6908183097839355e-01</leafValues></_>
    <_>
      <internalNodes>
        0 -1 64918 -5.8911438100039959e-04</internalNodes>
      <leafValues>
        7.1808004379272461e-01 -1.3647137582302094e-01</leafValues></_>
    <_>
      <internalNodes>
        0 -1 112501 3.3163670450448990e-03</internalNodes>
      <leafValues>
        -2.1982784569263458e-01 4.4741943478584290e-01</leafValues></_>
    <_>
      <internalNodes>
        0 -1 919 -1.5150797367095947e-01</internalNodes>
      <leafValues>
        -5.9069955348968506e-01 2.1403387188911438e-01</leafValues></_>
    <_>
      <internalNodes>
        0 -1 74458 8.2269601989537477e-04</internalNodes>
      <leafValues>
        -2.0262737572193146e-01 6.3776582479476929e-01</leafValues></_>
    <_>
      <internalNodes>
        0 -1 53027 1.9737847149372101e-02</internalNodes>
      <leafValues>
        1.6658070683479309e-01 -7.6434046030044556e-01</leafValues></_>
    <_>
      <internalNodes>
        0 -1 97843 -4.4495485723018646e-02</internalNodes>
      <leafValues>
        6.5654540061950684e-01 -1.4162126183509827e-01</leafValues></_>
    <_>
      <internalNodes>
        0 -1 97166 -2.1519688889384270e-03</internalNodes>
      <leafValues>
        6.0927152633666992e-01 -1.2692052125930786e-01</leafValues></_>
    <_>
      <internalNodes>
        0 -1 122534 -4.7810275107622147e-02</internalNodes>
      <leafValues>
        -9.2225116491317749e-01 7.4403025209903717e-02</leafValues></_>
    <_>
      <internalNodes>
        0 -1 137887 -1.2394074350595474e-02</internalNodes>
      <leafValues>
        -8.0111145973205566e-01 7.4863098561763763e-02</leafValues></_>
    <_>
      <internalNodes>
        0 -1 30528 -7.6317079365253448e-03</internalNodes>
      <leafValues>
        -5.0109153985977173e-01 1.2922048568725586e-01</leafValues></_>
    <_>
      <internalNodes>
        0 -1 54945 -4.4319382868707180e-03</internalNodes>
      <leafValues>
        5.8763885498046875e-01 -1.3065691292285919e-01</leafValues></_>
    <_>
      <internalNodes>
        0 -1 127089 -1.0376767022535205e-03</internalNodes>
      <leafValues>
        5.9677356481552124e-01 -1.1710495501756668e-01</leafValues></_>
    <_>
      <internalNodes>
        0 -1 2352 -2.2524761036038399e-02</internalNodes>
      <leafValues>
        -8.1818389892578125e-01 1.1772766709327698e-01</leafValues></_></weakClassifiers></stage45>
</opencv_storage>
