<?xml version="1.0"?>
<opencv_storage>
<stage4>
  <maxWeakCount>8</maxWeakCount>
  <stageThreshold>-8.0094081163406372e-01</stageThreshold>
  <weakClassifiers>
    <_>
      <internalNodes>
        0 -1 4476 -9.2283654958009720e-03</internalNodes>
      <leafValues>
        7.3913043737411499e-01 -1.3669064640998840e-01</leafValues></_>
    <_>
      <internalNodes>
        0 -1 137412 -7.2902720421552658e-04</internalNodes>
      <leafValues>
        5.8128106594085693e-01 -3.7806794047355652e-01</leafValues></_>
    <_>
      <internalNodes>
        0 -1 61457 -2.3157289251685143e-02</internalNodes>
      <leafValues>
        6.8764913082122803e-01 -2.9597967863082886e-01</leafValues></_>
    <_>
      <internalNodes>
        0 -1 36697 -9.1615486890077591e-03</internalNodes>
      <leafValues>
        6.6832107305526733e-01 -3.5070639848709106e-01</leafValues></_>
    <_>
      <internalNodes>
        0 -1 160986 -9.1628439258784056e-04</internalNodes>
      <leafValues>
        6.5923988819122314e-01 -3.1420525908470154e-01</leafValues></_>
    <_>
      <internalNodes>
        0 -1 155447 2.7843590360134840e-03</internalNodes>
      <leafValues>
        -2.5546786189079285e-01 8.3811235427856445e-01</leafValues></_>
    <_>
      <internalNodes>
        0 -1 76901 -1.0295789688825607e-02</internalNodes>
      <leafValues>
        -7.5192129611968994e-01 3.0044487118721008e-01</leafValues></_>
    <_>
      <internalNodes>
        0 -1 8994 -7.7309450134634972e-03</internalNodes>
      <leafValues>
        6.2973207235336304e-01 -2.9579350352287292e-01</leafValues></_></weakClassifiers></stage4>
</opencv_storage>
