<?xml version="1.0"?>
<opencv_storage>
<stage38>
  <maxWeakCount>2</maxWeakCount>
  <stageThreshold>-2.7171218395233154e-01</stageThreshold>
  <weakClassifiers>
    <_>
      <internalNodes>
        0 -1 147338 -1.5118888579308987e-02</internalNodes>
      <leafValues>
        -9.6363633871078491e-01 6.2448978424072266e-01</leafValues></_>
    <_>
      <internalNodes>
        0 -1 65366 2.9902649112045765e-03</internalNodes>
      <leafValues>
        -3.3318284153938293e-01 6.9192421436309814e-01</leafValues></_></weakClassifiers></stage38>
</opencv_storage>
