<?xml version="1.0"?>
<opencv_storage>
<stage37>
  <maxWeakCount>6</maxWeakCount>
  <stageThreshold>-8.8440507650375366e-01</stageThreshold>
  <weakClassifiers>
    <_>
      <internalNodes>
        0 -1 151875 -2.7279779314994812e-03</internalNodes>
      <leafValues>
        -6.8965518474578857e-01 5.7851237058639526e-01</leafValues></_>
    <_>
      <internalNodes>
        0 -1 4549 -5.5390287190675735e-02</internalNodes>
      <leafValues>
        7.3526060581207275e-01 -2.7283561229705811e-01</leafValues></_>
    <_>
      <internalNodes>
        0 -1 157558 -1.5239682979881763e-03</internalNodes>
      <leafValues>
        -7.7473843097686768e-01 2.9375290870666504e-01</leafValues></_>
    <_>
      <internalNodes>
        0 -1 126008 -2.8805704787373543e-03</internalNodes>
      <leafValues>
        -5.9068888425827026e-01 3.2031142711639404e-01</leafValues></_>
    <_>
      <internalNodes>
        0 -1 503 1.3515535742044449e-02</internalNodes>
      <leafValues>
        3.4294101595878601e-01 -5.9830302000045776e-01</leafValues></_>
    <_>
      <internalNodes>
        0 -1 57775 -3.2112795859575272e-02</internalNodes>
      <leafValues>
        1. -2.9484283924102783e-01</leafValues></_></weakClassifiers></stage37>
</opencv_storage>
