<?xml version="1.0"?>
<opencv_storage>
<stage41>
  <maxWeakCount>26</maxWeakCount>
  <stageThreshold>-7.7565234899520874e-01</stageThreshold>
  <weakClassifiers>
    <_>
      <internalNodes>
        0 -1 109667 7.7787349000573158e-03</internalNodes>
      <leafValues>
        4.0023612976074219e-01 -7.3584908246994019e-01</leafValues></_>
    <_>
      <internalNodes>
        0 -1 45163 2.8246745467185974e-02</internalNodes>
      <leafValues>
        -6.9599181413650513e-02 7.7186030149459839e-01</leafValues></_>
    <_>
      <internalNodes>
        0 -1 143625 9.9529209546744823e-04</internalNodes>
      <leafValues>
        -1.2085359543561935e-01 6.5875488519668579e-01</leafValues></_>
    <_>
      <internalNodes>
        0 -1 138087 -9.8145427182316780e-04</internalNodes>
      <leafValues>
        4.8827806115150452e-01 -1.5103936195373535e-01</leafValues></_>
    <_>
      <internalNodes>
        0 -1 143360 1.7733576241880655e-03</internalNodes>
      <leafValues>
        -1.2722021341323853e-01 6.3203716278076172e-01</leafValues></_>
    <_>
      <internalNodes>
        0 -1 98664 -2.9204199090600014e-03</internalNodes>
      <leafValues>
        6.2726241350173950e-01 -1.0191158205270767e-01</leafValues></_>
    <_>
      <internalNodes>
        0 -1 80470 -9.7596249543130398e-04</internalNodes>
      <leafValues>
        7.2466057538986206e-01 -8.1193551421165466e-02</leafValues></_>
    <_>
      <internalNodes>
        0 -1 73897 6.5855100750923157e-02</internalNodes>
      <leafValues>
        9.0074151754379272e-02 -9.8400521278381348e-01</leafValues></_>
    <_>
      <internalNodes>
        0 -1 43009 -3.4419349394738674e-03</internalNodes>
      <leafValues>
        5.5930167436599731e-01 -1.4229904115200043e-01</leafValues></_>
    <_>
      <internalNodes>
        0 -1 79635 -3.1775203533470631e-03</internalNodes>
      <leafValues>
        8.4702152013778687e-01 -6.2201913446187973e-02</leafValues></_>
    <_>
      <internalNodes>
        0 -1 122005 -4.2233884334564209e-02</internalNodes>
      <leafValues>
        -8.7174940109252930e-01 8.9946553111076355e-02</leafValues></_>
    <_>
      <internalNodes>
        0 -1 45378 1.9556877668946981e-03</internalNodes>
      <leafValues>
        -2.2868032753467560e-01 2.9936566948890686e-01</leafValues></_>
    <_>
      <internalNodes>
        0 -1 89831 -3.8263672031462193e-03</internalNodes>
      <leafValues>
        8.5095649957656860e-01 -7.7049575746059418e-02</leafValues></_>
    <_>
      <internalNodes>
        0 -1 77097 -1.4601883292198181e-01</internalNodes>
      <leafValues>
        3.6161255836486816e-01 -1.7771703004837036e-01</leafValues></_>
    <_>
      <internalNodes>
        0 -1 154946 -1.1494823265820742e-03</internalNodes>
      <leafValues>
        8.6419308185577393e-01 -6.4638614654541016e-02</leafValues></_>
    <_>
      <internalNodes>
        0 -1 129819 -3.5361722111701965e-03</internalNodes>
      <leafValues>
        -4.6873778104782104e-01 1.5508653223514557e-01</leafValues></_>
    <_>
      <internalNodes>
        0 -1 13391 -1.2077225372195244e-02</internalNodes>
      <leafValues>
        -4.0966877341270447e-01 1.6338659822940826e-01</leafValues></_>
    <_>
      <internalNodes>
        0 -1 147696 2.2369362413883209e-03</internalNodes>
      <leafValues>
        -8.8776402175426483e-02 9.0011394023895264e-01</leafValues></_>
    <_>
      <internalNodes>
        0 -1 143031 -9.5020781736820936e-04</internalNodes>
      <leafValues>
        4.4311013817787170e-01 -1.3739740848541260e-01</leafValues></_>
    <_>
      <internalNodes>
        0 -1 65552 -1.5884238528087735e-03</internalNodes>
      <leafValues>
        6.8073338270187378e-01 -8.6577288806438446e-02</leafValues></_>
    <_>
      <internalNodes>
        0 -1 133526 -7.4663007399067283e-04</internalNodes>
      <leafValues>
        4.0962603688240051e-01 -1.6417975723743439e-01</leafValues></_>
    <_>
      <internalNodes>
        0 -1 28225 9.2509597539901733e-02</internalNodes>
      <leafValues>
        -1.3251852989196777e-01 5.2500683069229126e-01</leafValues></_>
    <_>
      <internalNodes>
        0 -1 87539 8.1634160596877337e-04</internalNodes>
      <leafValues>
        -1.3678216934204102e-01 4.9252086877822876e-01</leafValues></_>
    <_>
      <internalNodes>
        0 -1 47857 -3.6886320449411869e-03</internalNodes>
      <leafValues>
        6.5368348360061646e-01 -1.0616936534643173e-01</leafValues></_>
    <_>
      <internalNodes>
        0 -1 23711 -1.0432287119328976e-02</internalNodes>
      <leafValues>
        3.3324509859085083e-01 -2.3515021800994873e-01</leafValues></_>
    <_>
      <internalNodes>
        0 -1 110173 -6.8476833403110504e-03</internalNodes>
      <leafValues>
        -7.2849941253662109e-01 1.1597216874361038e-01</leafValues></_></weakClassifiers></stage41>
</opencv_storage>
