<?xml version="1.0"?>
<opencv_storage>
<stage42>
  <maxWeakCount>9</maxWeakCount>
  <stageThreshold>-6.5146577358245850e-01</stageThreshold>
  <weakClassifiers>
    <_>
      <internalNodes>
        0 -1 87553 5.8890897780656815e-03</internalNodes>
      <leafValues>
        5.9016394615173340e-01 -7.8571426868438721e-01</leafValues></_>
    <_>
      <internalNodes>
        0 -1 102774 -3.4131570719182491e-03</internalNodes>
      <leafValues>
        8.3036911487579346e-01 -2.3445253074169159e-01</leafValues></_>
    <_>
      <internalNodes>
        0 -1 141912 -1.2706397101283073e-03</internalNodes>
      <leafValues>
        6.9133853912353516e-01 -2.5613161921501160e-01</leafValues></_>
    <_>
      <internalNodes>
        0 -1 99346 -2.3944491113070399e-04</internalNodes>
      <leafValues>
        5.0651669502258301e-01 -3.7672448158264160e-01</leafValues></_>
    <_>
      <internalNodes>
        0 -1 52952 1.0941652581095695e-03</internalNodes>
      <leafValues>
        -2.6759934425354004e-01 6.5696012973785400e-01</leafValues></_>
    <_>
      <internalNodes>
        0 -1 130590 2.4867076426744461e-03</internalNodes>
      <leafValues>
        -2.4727134406566620e-01 7.3535829782485962e-01</leafValues></_>
    <_>
      <internalNodes>
        0 -1 159639 6.3210682128556073e-05</internalNodes>
      <leafValues>
        -2.8761553764343262e-01 6.6085851192474365e-01</leafValues></_>
    <_>
      <internalNodes>
        0 -1 154893 -4.2301304638385773e-03</internalNodes>
      <leafValues>
        8.3034807443618774e-01 -2.7293696999549866e-01</leafValues></_>
    <_>
      <internalNodes>
        0 -1 98601 1.7688572406768799e-03</internalNodes>
      <leafValues>
        -2.6463758945465088e-01 7.0110213756561279e-01</leafValues></_></weakClassifiers></stage42>
</opencv_storage>
