<?xml version="1.0"?>
<opencv_storage>
<stage11>
  <maxWeakCount>9</maxWeakCount>
  <stageThreshold>-6.8294256925582886e-01</stageThreshold>
  <weakClassifiers>
    <_>
      <internalNodes>
        0 -1 152063 1.5210870653390884e-02</internalNodes>
      <leafValues>
        5.2631579339504242e-02 8.1818181276321411e-01</leafValues></_>
    <_>
      <internalNodes>
        0 -1 68202 4.2503662407398224e-03</internalNodes>
      <leafValues>
        -1.9452257454395294e-01 6.5053957700729370e-01</leafValues></_>
    <_>
      <internalNodes>
        0 -1 121352 -3.1210058368742466e-03</internalNodes>
      <leafValues>
        7.8586351871490479e-01 -2.3290893435478210e-01</leafValues></_>
    <_>
      <internalNodes>
        0 -1 133596 1.5685090329498053e-03</internalNodes>
      <leafValues>
        -2.1322284638881683e-01 6.9155389070510864e-01</leafValues></_>
    <_>
      <internalNodes>
        0 -1 94117 -2.2044684737920761e-02</internalNodes>
      <leafValues>
        5.6179934740066528e-01 -3.0601665377616882e-01</leafValues></_>
    <_>
      <internalNodes>
        0 -1 49331 -4.1948975995182991e-03</internalNodes>
      <leafValues>
        9.1613739728927612e-01 -1.8711116909980774e-01</leafValues></_>
    <_>
      <internalNodes>
        0 -1 62919 -2.6464038528501987e-03</internalNodes>
      <leafValues>
        7.6139330863952637e-01 -1.7568336427211761e-01</leafValues></_>
    <_>
      <internalNodes>
        0 -1 98640 4.0274817729368806e-04</internalNodes>
      <leafValues>
        3.3997878432273865e-01 -5.7686817646026611e-01</leafValues></_>
    <_>
      <internalNodes>
        0 -1 129842 7.3547721840441227e-03</internalNodes>
      <leafValues>
        2.3391264677047729e-01 -8.6561024188995361e-01</leafValues></_></weakClassifiers></stage11>
</opencv_storage>
