<?xml version="1.0"?>
<opencv_storage>
<stage17>
  <maxWeakCount>13</maxWeakCount>
  <stageThreshold>-9.4079548120498657e-01</stageThreshold>
  <weakClassifiers>
    <_>
      <internalNodes>
        0 -1 81332 -2.0426724106073380e-02</internalNodes>
      <leafValues>
        6.2657094001770020e-01 -1.4285714924335480e-01</leafValues></_>
    <_>
      <internalNodes>
        0 -1 77795 3.4577512997202575e-04</internalNodes>
      <leafValues>
        -2.2530886530876160e-01 5.8788394927978516e-01</leafValues></_>
    <_>
      <internalNodes>
        0 -1 147591 -9.0250693028792739e-04</internalNodes>
      <leafValues>
        4.9722784757614136e-01 -3.1938555836677551e-01</leafValues></_>
    <_>
      <internalNodes>
        0 -1 85873 1.0073149576783180e-02</internalNodes>
      <leafValues>
        -3.8408607244491577e-01 4.0353637933731079e-01</leafValues></_>
    <_>
      <internalNodes>
        0 -1 131516 -1.3947913430456538e-05</internalNodes>
      <leafValues>
        4.5585066080093384e-01 -2.8674486279487610e-01</leafValues></_>
    <_>
      <internalNodes>
        0 -1 121146 1.5532705583609641e-04</internalNodes>
      <leafValues>
        -2.1804566681385040e-01 5.1448470354080200e-01</leafValues></_>
    <_>
      <internalNodes>
        0 -1 4487 1.8506724387407303e-02</internalNodes>
      <leafValues>
        1.7159900069236755e-01 -7.3551476001739502e-01</leafValues></_>
    <_>
      <internalNodes>
        0 -1 74142 -1.1472778022289276e-01</internalNodes>
      <leafValues>
        5.2924549579620361e-01 -2.4443945288658142e-01</leafValues></_>
    <_>
      <internalNodes>
        0 -1 92531 2.5218124501407146e-03</internalNodes>
      <leafValues>
        1.4310172200202942e-01 -8.0765426158905029e-01</leafValues></_>
    <_>
      <internalNodes>
        0 -1 36660 -4.1275192052125931e-03</internalNodes>
      <leafValues>
        5.0604647397994995e-01 -2.3540894687175751e-01</leafValues></_>
    <_>
      <internalNodes>
        0 -1 114291 1.5237081242958084e-05</internalNodes>
      <leafValues>
        -3.1301301717758179e-01 3.4761527180671692e-01</leafValues></_>
    <_>
      <internalNodes>
        0 -1 69570 -3.2750663813203573e-03</internalNodes>
      <leafValues>
        6.8744283914566040e-01 -1.4760720729827881e-01</leafValues></_>
    <_>
      <internalNodes>
        0 -1 1967 4.2384848929941654e-03</internalNodes>
      <leafValues>
        -1.8685019016265869e-01 5.2300590276718140e-01</leafValues></_></weakClassifiers></stage17>
</opencv_storage>
