<?xml version="1.0"?>
<opencv_storage>
<stage39>
  <maxWeakCount>14</maxWeakCount>
  <stageThreshold>-6.7087984085083008e-01</stageThreshold>
  <weakClassifiers>
    <_>
      <internalNodes>
        0 -1 52724 2.5123310089111328e-01</internalNodes>
      <leafValues>
        4.4945189356803894e-01 -8.7341773509979248e-01</leafValues></_>
    <_>
      <internalNodes>
        0 -1 100339 -6.6195830702781677e-02</internalNodes>
      <leafValues>
        4.5140919089317322e-01 -3.6055675148963928e-01</leafValues></_>
    <_>
      <internalNodes>
        0 -1 140095 -1.0508323088288307e-02</internalNodes>
      <leafValues>
        2.4911426007747650e-01 -4.1510963439941406e-01</leafValues></_>
    <_>
      <internalNodes>
        0 -1 68258 -3.0185241252183914e-02</internalNodes>
      <leafValues>
        6.4186620712280273e-01 -1.6890552639961243e-01</leafValues></_>
    <_>
      <internalNodes>
        0 -1 48343 -2.2253634408116341e-02</internalNodes>
      <leafValues>
        -6.6145640611648560e-01 1.3269636034965515e-01</leafValues></_>
    <_>
      <internalNodes>
        0 -1 95699 1.7364535480737686e-02</internalNodes>
      <leafValues>
        1.8639750778675079e-01 -6.0147207975387573e-01</leafValues></_>
    <_>
      <internalNodes>
        0 -1 24172 -2.5730324909090996e-02</internalNodes>
      <leafValues>
        4.5709344744682312e-01 -2.1545895934104919e-01</leafValues></_>
    <_>
      <internalNodes>
        0 -1 133604 1.2650353601202369e-03</internalNodes>
      <leafValues>
        -2.4657648801803589e-01 4.0819102525711060e-01</leafValues></_>
    <_>
      <internalNodes>
        0 -1 149679 5.3934054449200630e-03</internalNodes>
      <leafValues>
        -1.4579351246356964e-01 5.1273751258850098e-01</leafValues></_>
    <_>
      <internalNodes>
        0 -1 33865 -8.4572828200180084e-05</internalNodes>
      <leafValues>
        2.7619257569313049e-01 -2.7442598342895508e-01</leafValues></_>
    <_>
      <internalNodes>
        0 -1 152478 -2.7894924860447645e-03</internalNodes>
      <leafValues>
        4.3002054095268250e-01 -1.9444233179092407e-01</leafValues></_>
    <_>
      <internalNodes>
        0 -1 96465 1.3782950118184090e-03</internalNodes>
      <leafValues>
        -1.6040945053100586e-01 5.0491034984588623e-01</leafValues></_>
    <_>
      <internalNodes>
        0 -1 143357 4.0736084338277578e-04</internalNodes>
      <leafValues>
        -1.6293425858020782e-01 4.6110087633132935e-01</leafValues></_>
    <_>
      <internalNodes>
        0 -1 143634 1.9442364573478699e-03</internalNodes>
      <leafValues>
        -1.6406166553497314e-01 5.4507106542587280e-01</leafValues></_></weakClassifiers></stage39>
</opencv_storage>
