<?xml version="1.0"?>
<opencv_storage>
<stage27>
  <maxWeakCount>14</maxWeakCount>
  <stageThreshold>-8.7973988056182861e-01</stageThreshold>
  <weakClassifiers>
    <_>
      <internalNodes>
        0 -1 160595 -1.2057628482580185e-02</internalNodes>
      <leafValues>
        -3.9644971489906311e-01 5.0205200910568237e-01</leafValues></_>
    <_>
      <internalNodes>
        0 -1 77322 2.7849010075442493e-04</internalNodes>
      <leafValues>
        -2.7244549989700317e-01 4.6812370419502258e-01</leafValues></_>
    <_>
      <internalNodes>
        0 -1 53687 -7.0416452363133430e-03</internalNodes>
      <leafValues>
        3.7842920422554016e-01 -2.4091358482837677e-01</leafValues></_>
    <_>
      <internalNodes>
        0 -1 127930 7.5474299956113100e-04</internalNodes>
      <leafValues>
        -2.4595579504966736e-01 3.6582127213478088e-01</leafValues></_>
    <_>
      <internalNodes>
        0 -1 108355 -1.8514667171984911e-03</internalNodes>
      <leafValues>
        3.6861643195152283e-01 -2.4921603500843048e-01</leafValues></_>
    <_>
      <internalNodes>
        0 -1 106566 8.8742945808917284e-04</internalNodes>
      <leafValues>
        -1.5482553839683533e-01 7.5701999664306641e-01</leafValues></_>
    <_>
      <internalNodes>
        0 -1 102800 2.2066386882215738e-03</internalNodes>
      <leafValues>
        -3.0955755710601807e-01 3.2025352120399475e-01</leafValues></_>
    <_>
      <internalNodes>
        0 -1 77494 -5.7809405028820038e-02</internalNodes>
      <leafValues>
        5.8114713430404663e-01 -1.8297752737998962e-01</leafValues></_>
    <_>
      <internalNodes>
        0 -1 157671 1.3806436210870743e-02</internalNodes>
      <leafValues>
        -1.0936883091926575e-01 8.3211457729339600e-01</leafValues></_>
    <_>
      <internalNodes>
        0 -1 117764 2.3432627320289612e-02</internalNodes>
      <leafValues>
        -3.3236643671989441e-01 3.0840122699737549e-01</leafValues></_>
    <_>
      <internalNodes>
        0 -1 155299 1.2957230210304260e-03</internalNodes>
      <leafValues>
        -2.4797226488590240e-01 3.4576547145843506e-01</leafValues></_>
    <_>
      <internalNodes>
        0 -1 56143 -1.7462035175412893e-03</internalNodes>
      <leafValues>
        6.4503997564315796e-01 -1.4354793727397919e-01</leafValues></_>
    <_>
      <internalNodes>
        0 -1 91961 1.7935315845534205e-03</internalNodes>
      <leafValues>
        -7.9698711633682251e-02 8.2356899976730347e-01</leafValues></_>
    <_>
      <internalNodes>
        0 -1 29573 -1.3536853715777397e-02</internalNodes>
      <leafValues>
        7.6523911952972412e-01 -8.3524897694587708e-02</leafValues></_></weakClassifiers></stage27>
</opencv_storage>
