<?xml version="1.0"?>
<opencv_storage>
<stage40>
  <maxWeakCount>22</maxWeakCount>
  <stageThreshold>-6.9379138946533203e-01</stageThreshold>
  <weakClassifiers>
    <_>
      <internalNodes>
        0 -1 115247 2.2980305366218090e-03</internalNodes>
      <leafValues>
        4.2150804400444031e-01 -4.5054945349693298e-01</leafValues></_>
    <_>
      <internalNodes>
        0 -1 122484 -1.2810037005692720e-03</internalNodes>
      <leafValues>
        4.2898574471473694e-01 -1.7131933569908142e-01</leafValues></_>
    <_>
      <internalNodes>
        0 -1 122098 -1.2462774291634560e-02</internalNodes>
      <leafValues>
        1.8961557745933533e-01 -4.1262948513031006e-01</leafValues></_>
    <_>
      <internalNodes>
        0 -1 69267 -3.3515272662043571e-03</internalNodes>
      <leafValues>
        5.0139349699020386e-01 -1.2897908687591553e-01</leafValues></_>
    <_>
      <internalNodes>
        0 -1 37061 4.2638746090233326e-03</internalNodes>
      <leafValues>
        1.0002680867910385e-01 -6.7316728830337524e-01</leafValues></_>
    <_>
      <internalNodes>
        0 -1 143523 -5.4307524114847183e-03</internalNodes>
      <leafValues>
        6.4400023221969604e-01 -1.1407546699047089e-01</leafValues></_>
    <_>
      <internalNodes>
        0 -1 37898 1.6299738490488380e-05</internalNodes>
      <leafValues>
        -2.1881239116191864e-01 2.7122753858566284e-01</leafValues></_>
    <_>
      <internalNodes>
        0 -1 5020 -6.8679661490023136e-03</internalNodes>
      <leafValues>
        6.2884074449539185e-01 -1.1134691536426544e-01</leafValues></_>
    <_>
      <internalNodes>
        0 -1 82334 -6.4556747674942017e-03</internalNodes>
      <leafValues>
        -4.4857370853424072e-01 1.5638549625873566e-01</leafValues></_>
    <_>
      <internalNodes>
        0 -1 127611 -1.0863682255148888e-03</internalNodes>
      <leafValues>
        4.3775305151939392e-01 -1.6060416400432587e-01</leafValues></_>
    <_>
      <internalNodes>
        0 -1 125609 -2.8178207576274872e-03</internalNodes>
      <leafValues>
        -8.1555002927780151e-01 9.6558369696140289e-02</leafValues></_>
    <_>
      <internalNodes>
        0 -1 12867 -4.9867960624396801e-03</internalNodes>
      <leafValues>
        -9.4162213802337646e-01 6.0161124914884567e-02</leafValues></_>
    <_>
      <internalNodes>
        0 -1 96505 -1.7429029103368521e-03</internalNodes>
      <leafValues>
        4.3430405855178833e-01 -1.8319568037986755e-01</leafValues></_>
    <_>
      <internalNodes>
        0 -1 66239 -1.5805026050657034e-03</internalNodes>
      <leafValues>
        3.0958285927772522e-01 -1.8924914300441742e-01</leafValues></_>
    <_>
      <internalNodes>
        0 -1 116882 -7.4466271325945854e-03</internalNodes>
      <leafValues>
        -6.8883103132247925e-01 9.9655844271183014e-02</leafValues></_>
    <_>
      <internalNodes>
        0 -1 28391 2.7606749534606934e-01</internalNodes>
      <leafValues>
        6.5271742641925812e-02 -8.6918073892593384e-01</leafValues></_>
    <_>
      <internalNodes>
        0 -1 162333 -3.1790932553121820e-05</internalNodes>
      <leafValues>
        2.6019233465194702e-01 -2.4857893586158752e-01</leafValues></_>
    <_>
      <internalNodes>
        0 -1 140368 -1.0359211592003703e-03</internalNodes>
      <leafValues>
        4.4175952672958374e-01 -1.4622275531291962e-01</leafValues></_>
    <_>
      <internalNodes>
        0 -1 98398 1.3056438183411956e-04</internalNodes>
      <leafValues>
        -2.1091289818286896e-01 2.8807339072227478e-01</leafValues></_>
    <_>
      <internalNodes>
        0 -1 156850 -7.9693377483636141e-04</internalNodes>
      <leafValues>
        -3.6410465836524963e-01 2.0485958456993103e-01</leafValues></_>
    <_>
      <internalNodes>
        0 -1 117888 -2.8810878284275532e-03</internalNodes>
      <leafValues>
        -6.4437735080718994e-01 9.9360726773738861e-02</leafValues></_>
    <_>
      <internalNodes>
        0 -1 148136 1.0440817102789879e-02</internalNodes>
      <leafValues>
        -9.5504835247993469e-02 7.2783631086349487e-01</leafValues></_></weakClassifiers></stage40>
</opencv_storage>
