<?xml version="1.0"?>
<opencv_storage>
<stage43>
  <maxWeakCount>8</maxWeakCount>
  <stageThreshold>-5.2987951040267944e-01</stageThreshold>
  <weakClassifiers>
    <_>
      <internalNodes>
        0 -1 121513 2.0172777585685253e-03</internalNodes>
      <leafValues>
        -2.2471910342574120e-02 8.5245901346206665e-01</leafValues></_>
    <_>
      <internalNodes>
        0 -1 64817 3.2501928508281708e-02</internalNodes>
      <leafValues>
        -2.7468296885490417e-01 6.0019528865814209e-01</leafValues></_>
    <_>
      <internalNodes>
        0 -1 22710 4.1430231067351997e-04</internalNodes>
      <leafValues>
        4.4326213002204895e-01 -4.0877327322959900e-01</leafValues></_>
    <_>
      <internalNodes>
        0 -1 139158 1.3077619951218367e-04</internalNodes>
      <leafValues>
        -4.6750938892364502e-01 4.2941620945930481e-01</leafValues></_>
    <_>
      <internalNodes>
        0 -1 105401 8.3580950740724802e-04</internalNodes>
      <leafValues>
        -3.0223643779754639e-01 7.0571029186248779e-01</leafValues></_>
    <_>
      <internalNodes>
        0 -1 108692 -2.2935342043638229e-02</internalNodes>
      <leafValues>
        -7.6327353715896606e-01 2.6313641667366028e-01</leafValues></_>
    <_>
      <internalNodes>
        0 -1 65558 -1.5987521037459373e-03</internalNodes>
      <leafValues>
        7.7339047193527222e-01 -2.5634437799453735e-01</leafValues></_>
    <_>
      <internalNodes>
        0 -1 157560 -2.0725270733237267e-03</internalNodes>
      <leafValues>
        -8.0995857715606689e-01 2.3986345529556274e-01</leafValues></_></weakClassifiers></stage43>
</opencv_storage>
