<?xml version="1.0"?>
<opencv_storage>
<stage36>
  <maxWeakCount>12</maxWeakCount>
  <stageThreshold>-1.0484707355499268e+00</stageThreshold>
  <weakClassifiers>
    <_>
      <internalNodes>
        0 -1 26622 -2.3501854389905930e-02</internalNodes>
      <leafValues>
        -3.1034481525421143e-01 6.3934427499771118e-01</leafValues></_>
    <_>
      <internalNodes>
        0 -1 84306 8.6886668577790260e-04</internalNodes>
      <leafValues>
        -4.2720693349838257e-01 3.0662786960601807e-01</leafValues></_>
    <_>
      <internalNodes>
        0 -1 63905 -5.9529314748942852e-03</internalNodes>
      <leafValues>
        4.8988071084022522e-01 -2.4459673464298248e-01</leafValues></_>
    <_>
      <internalNodes>
        0 -1 40710 -5.3412336856126785e-03</internalNodes>
      <leafValues>
        7.9979711771011353e-01 -1.2596230208873749e-01</leafValues></_>
    <_>
      <internalNodes>
        0 -1 88915 -8.2524493336677551e-03</internalNodes>
      <leafValues>
        4.5427432656288147e-01 -2.5824901461601257e-01</leafValues></_>
    <_>
      <internalNodes>
        0 -1 68910 3.6962796002626419e-04</internalNodes>
      <leafValues>
        -1.6683429479598999e-01 6.4303261041641235e-01</leafValues></_>
    <_>
      <internalNodes>
        0 -1 68127 8.0095557495951653e-04</internalNodes>
      <leafValues>
        -2.3354277014732361e-01 4.9644133448600769e-01</leafValues></_>
    <_>
      <internalNodes>
        0 -1 46589 3.2568420283496380e-03</internalNodes>
      <leafValues>
        -1.0686973482370377e-01 8.5719060897827148e-01</leafValues></_>
    <_>
      <internalNodes>
        0 -1 143031 -1.5944885089993477e-03</internalNodes>
      <leafValues>
        7.1729457378387451e-01 -1.0531417280435562e-01</leafValues></_>
    <_>
      <internalNodes>
        0 -1 145340 -5.5495242122560740e-04</internalNodes>
      <leafValues>
        6.6281789541244507e-01 -1.6465291380882263e-01</leafValues></_>
    <_>
      <internalNodes>
        0 -1 153055 -2.7337130159139633e-02</internalNodes>
      <leafValues>
        -7.7318823337554932e-01 1.5256634354591370e-01</leafValues></_>
    <_>
      <internalNodes>
        0 -1 88658 -4.5609660446643829e-02</internalNodes>
      <leafValues>
        -7.4098724126815796e-01 1.3865512609481812e-01</leafValues></_></weakClassifiers></stage36>
</opencv_storage>
