<?xml version="1.0"?>
<opencv_storage>
<stage41>
  <maxWeakCount>9</maxWeakCount>
  <stageThreshold>-4.7342070937156677e-01</stageThreshold>
  <weakClassifiers>
    <_>
      <internalNodes>
        0 -1 116187 -8.8834688067436218e-03</internalNodes>
      <leafValues>
        -3.3333334326744080e-01 5.2136754989624023e-01</leafValues></_>
    <_>
      <internalNodes>
        0 -1 45675 5.1149141043424606e-02</internalNodes>
      <leafValues>
        -1.3536955416202545e-01 9.6572107076644897e-01</leafValues></_>
    <_>
      <internalNodes>
        0 -1 149432 6.9567393511533737e-03</internalNodes>
      <leafValues>
        -3.2151767611503601e-01 4.8119100928306580e-01</leafValues></_>
    <_>
      <internalNodes>
        0 -1 157103 -1.6429201423306949e-05</internalNodes>
      <leafValues>
        5.8031177520751953e-01 -2.4840220808982849e-01</leafValues></_>
    <_>
      <internalNodes>
        0 -1 49413 1.4592395164072514e-03</internalNodes>
      <leafValues>
        2.5433069467544556e-01 -6.7849093675613403e-01</leafValues></_>
    <_>
      <internalNodes>
        0 -1 57687 -2.8434239793568850e-03</internalNodes>
      <leafValues>
        7.5657540559768677e-01 -2.5284051895141602e-01</leafValues></_>
    <_>
      <internalNodes>
        0 -1 88018 9.0448034461587667e-04</internalNodes>
      <leafValues>
        -2.6757445931434631e-01 5.4235750436782837e-01</leafValues></_>
    <_>
      <internalNodes>
        0 -1 127998 1.3802399626001716e-03</internalNodes>
      <leafValues>
        -2.5953641533851624e-01 6.7676180601119995e-01</leafValues></_>
    <_>
      <internalNodes>
        0 -1 84772 -7.1061449125409126e-04</internalNodes>
      <leafValues>
        -5.7381004095077515e-01 3.0133932828903198e-01</leafValues></_></weakClassifiers></stage41>
</opencv_storage>
