<?xml version="1.0"?>
<opencv_storage>
<stage48>
  <maxWeakCount>17</maxWeakCount>
  <stageThreshold>-6.7133969068527222e-01</stageThreshold>
  <weakClassifiers>
    <_>
      <internalNodes>
        0 -1 36 1.1075581423938274e-02</internalNodes>
      <leafValues>
        4.6113988757133484e-01 -4.3750000000000000e-01</leafValues></_>
    <_>
      <internalNodes>
        0 -1 95772 1.7439778894186020e-03</internalNodes>
      <leafValues>
        -1.8616239726543427e-01 5.8475559949874878e-01</leafValues></_>
    <_>
      <internalNodes>
        0 -1 72155 -6.1980646103620529e-02</internalNodes>
      <leafValues>
        4.1503056883811951e-01 -2.3311589658260345e-01</leafValues></_>
    <_>
      <internalNodes>
        0 -1 58206 -1.7248895019292831e-02</internalNodes>
      <leafValues>
        5.3117102384567261e-01 -2.0106087625026703e-01</leafValues></_>
    <_>
      <internalNodes>
        0 -1 13297 2.3969008179847151e-04</internalNodes>
      <leafValues>
        2.0911075174808502e-01 -4.8264145851135254e-01</leafValues></_>
    <_>
      <internalNodes>
        0 -1 112533 1.3878648169338703e-03</internalNodes>
      <leafValues>
        -1.8414559960365295e-01 5.4227858781814575e-01</leafValues></_>
    <_>
      <internalNodes>
        0 -1 127317 -7.6108193024992943e-03</internalNodes>
      <leafValues>
        7.2023242712020874e-01 -1.3857178390026093e-01</leafValues></_>
    <_>
      <internalNodes>
        0 -1 9411 7.9083606600761414e-02</internalNodes>
      <leafValues>
        -1.6788612306118011e-01 5.3243380784988403e-01</leafValues></_>
    <_>
      <internalNodes>
        0 -1 62077 2.0004115067422390e-03</internalNodes>
      <leafValues>
        -1.0762223601341248e-01 7.0181506872177124e-01</leafValues></_>
    <_>
      <internalNodes>
        0 -1 83426 -6.8886585533618927e-02</internalNodes>
      <leafValues>
        5.9158021211624146e-01 -1.3925431668758392e-01</leafValues></_>
    <_>
      <internalNodes>
        0 -1 79639 -3.0719491187483072e-03</internalNodes>
      <leafValues>
        7.1353417634963989e-01 -7.8278258442878723e-02</leafValues></_>
    <_>
      <internalNodes>
        0 -1 86 -3.5615619271993637e-03</internalNodes>
      <leafValues>
        -6.0755574703216553e-01 1.6413423418998718e-01</leafValues></_>
    <_>
      <internalNodes>
        0 -1 129026 2.1795821376144886e-03</internalNodes>
      <leafValues>
        -1.5916046500205994e-01 6.9439089298248291e-01</leafValues></_>
    <_>
      <internalNodes>
        0 -1 32 -2.7394192293286324e-03</internalNodes>
      <leafValues>
        5.6156212091445923e-01 -1.1491785198450089e-01</leafValues></_>
    <_>
      <internalNodes>
        0 -1 107059 -6.3743358477950096e-03</internalNodes>
      <leafValues>
        2.9709246754646301e-01 -2.6429590582847595e-01</leafValues></_>
    <_>
      <internalNodes>
        0 -1 126356 3.4266612492501736e-03</internalNodes>
      <leafValues>
        -1.5893667936325073e-01 4.4867789745330811e-01</leafValues></_>
    <_>
      <internalNodes>
        0 -1 105129 1.1430340819060802e-02</internalNodes>
      <leafValues>
        -1.0454805940389633e-01 9.0785092115402222e-01</leafValues></_></weakClassifiers></stage48>
</opencv_storage>
