<?xml version="1.0"?>
<opencv_storage>
<stage0>
  <maxWeakCount>6</maxWeakCount>
  <stageThreshold>-4.6431356668472290e-01</stageThreshold>
  <weakClassifiers>
    <_>
      <internalNodes>
        0 -1 71266 -3.6137878894805908e-02</internalNodes>
      <leafValues>
        8.4469699859619141e-01 -3.9247313141822815e-01</leafValues></_>
    <_>
      <internalNodes>
        0 -1 103356 -1.8745260313153267e-02</internalNodes>
      <leafValues>
        5.9365171194076538e-01 -5.5756145715713501e-01</leafValues></_>
    <_>
      <internalNodes>
        0 -1 56609 2.8429936617612839e-02</internalNodes>
      <leafValues>
        -4.8579055070877075e-01 6.1477321386337280e-01</leafValues></_>
    <_>
      <internalNodes>
        0 -1 127693 5.3449133411049843e-03</internalNodes>
      <leafValues>
        -3.5954555869102478e-01 7.7905577421188354e-01</leafValues></_>
    <_>
      <internalNodes>
        0 -1 53028 1.2422422878444195e-02</internalNodes>
      <leafValues>
        -3.5349228978157043e-01 7.1421402692794800e-01</leafValues></_>
    <_>
      <internalNodes>
        0 -1 134067 9.4886263832449913e-03</internalNodes>
      <leafValues>
        -3.8393041491508484e-01 5.8398562669754028e-01</leafValues></_></weakClassifiers></stage0>
</opencv_storage>
