<?xml version="1.0"?>
<opencv_storage>
<stage46>
  <maxWeakCount>18</maxWeakCount>
  <stageThreshold>-6.2473577260971069e-01</stageThreshold>
  <weakClassifiers>
    <_>
      <internalNodes>
        0 -1 122094 9.4694390892982483e-02</internalNodes>
      <leafValues>
        4.5052084326744080e-01 -3.4848484396934509e-01</leafValues></_>
    <_>
      <internalNodes>
        0 -1 83028 1.9621171522885561e-03</internalNodes>
      <leafValues>
        -2.5531396269798279e-01 3.4046104550361633e-01</leafValues></_>
    <_>
      <internalNodes>
        0 -1 78425 -2.2883710917085409e-03</internalNodes>
      <leafValues>
        5.0018095970153809e-01 -1.7521415650844574e-01</leafValues></_>
    <_>
      <internalNodes>
        0 -1 26400 6.4576022326946259e-02</internalNodes>
      <leafValues>
        -2.4677637219429016e-01 3.1644004583358765e-01</leafValues></_>
    <_>
      <internalNodes>
        0 -1 126476 1.0601167567074299e-02</internalNodes>
      <leafValues>
        -1.5568402409553528e-01 3.8405811786651611e-01</leafValues></_>
    <_>
      <internalNodes>
        0 -1 103414 -2.0384928584098816e-01</internalNodes>
      <leafValues>
        4.6084886789321899e-01 -1.7263668775558472e-01</leafValues></_>
    <_>
      <internalNodes>
        0 -1 35837 7.1252562338486314e-04</internalNodes>
      <leafValues>
        -8.3898529410362244e-02 6.2275898456573486e-01</leafValues></_>
    <_>
      <internalNodes>
        0 -1 91354 3.0720597133040428e-02</internalNodes>
      <leafValues>
        1.1825320869684219e-01 -6.2292772531509399e-01</leafValues></_>
    <_>
      <internalNodes>
        0 -1 89466 -7.5390706770122051e-03</internalNodes>
      <leafValues>
        7.9291677474975586e-01 -9.8201870918273926e-02</leafValues></_>
    <_>
      <internalNodes>
        0 -1 50468 -1.1392507702112198e-02</internalNodes>
      <leafValues>
        -5.3457462787628174e-01 1.4184693992137909e-01</leafValues></_>
    <_>
      <internalNodes>
        0 -1 62736 -2.0870605483651161e-02</internalNodes>
      <leafValues>
        2.3979806900024414e-01 -2.7427834272384644e-01</leafValues></_>
    <_>
      <internalNodes>
        0 -1 490 4.1738498955965042e-02</internalNodes>
      <leafValues>
        9.0438634157180786e-02 -7.6984339952468872e-01</leafValues></_>
    <_>
      <internalNodes>
        0 -1 58816 -1.0062681138515472e-01</internalNodes>
      <leafValues>
        -8.5309731960296631e-01 5.6307539343833923e-02</leafValues></_>
    <_>
      <internalNodes>
        0 -1 161181 1.7583051521796733e-04</internalNodes>
      <leafValues>
        1.8095657229423523e-01 -3.5755056142807007e-01</leafValues></_>
    <_>
      <internalNodes>
        0 -1 86521 -2.0465938374400139e-02</internalNodes>
      <leafValues>
        7.1164482831954956e-01 -8.1157915294170380e-02</leafValues></_>
    <_>
      <internalNodes>
        0 -1 104059 -7.0510315708816051e-04</internalNodes>
      <leafValues>
        5.0871354341506958e-01 -1.2766337394714355e-01</leafValues></_>
    <_>
      <internalNodes>
        0 -1 140363 -2.7162290643900633e-04</internalNodes>
      <leafValues>
        4.1409862041473389e-01 -1.4777956902980804e-01</leafValues></_>
    <_>
      <internalNodes>
        0 -1 127848 -6.2370166415348649e-04</internalNodes>
      <leafValues>
        5.5175065994262695e-01 -1.2218877673149109e-01</leafValues></_></weakClassifiers></stage46>
</opencv_storage>
