<?xml version="1.0"?>
<opencv_storage>
<stage28>
  <maxWeakCount>12</maxWeakCount>
  <stageThreshold>-8.3684015274047852e-01</stageThreshold>
  <weakClassifiers>
    <_>
      <internalNodes>
        0 -1 22374 -1.6635304316878319e-02</internalNodes>
      <leafValues>
        -2.8301885724067688e-01 5.9055119752883911e-01</leafValues></_>
    <_>
      <internalNodes>
        0 -1 26655 -9.5002599060535431e-02</internalNodes>
      <leafValues>
        4.4025346636772156e-01 -2.5998798012733459e-01</leafValues></_>
    <_>
      <internalNodes>
        0 -1 139012 1.6633257473586127e-05</internalNodes>
      <leafValues>
        -3.8887643814086914e-01 3.2200822234153748e-01</leafValues></_>
    <_>
      <internalNodes>
        0 -1 64287 7.8467521816492081e-03</internalNodes>
      <leafValues>
        -1.3991984724998474e-01 8.0366837978363037e-01</leafValues></_>
    <_>
      <internalNodes>
        0 -1 86388 1.8080443143844604e-02</internalNodes>
      <leafValues>
        -2.0798349380493164e-01 5.6145566701889038e-01</leafValues></_>
    <_>
      <internalNodes>
        0 -1 142153 -6.6555076045915484e-05</internalNodes>
      <leafValues>
        3.6554220318794250e-01 -3.1973931193351746e-01</leafValues></_>
    <_>
      <internalNodes>
        0 -1 13082 3.8570691831409931e-03</internalNodes>
      <leafValues>
        -2.0489895343780518e-01 5.1260906457901001e-01</leafValues></_>
    <_>
      <internalNodes>
        0 -1 87913 1.7152780201286077e-03</internalNodes>
      <leafValues>
        -8.4846876561641693e-02 9.3271088600158691e-01</leafValues></_>
    <_>
      <internalNodes>
        0 -1 143621 -8.2890165504068136e-04</internalNodes>
      <leafValues>
        6.6417545080184937e-01 -1.7870005965232849e-01</leafValues></_>
    <_>
      <internalNodes>
        0 -1 135801 6.1665213434025645e-04</internalNodes>
      <leafValues>
        2.2920401394367218e-01 -5.3771191835403442e-01</leafValues></_>
    <_>
      <internalNodes>
        0 -1 17377 -3.9839837700128555e-04</internalNodes>
      <leafValues>
        3.2541191577911377e-01 -3.4391537308692932e-01</leafValues></_>
    <_>
      <internalNodes>
        0 -1 55576 -6.5795355476438999e-03</internalNodes>
      <leafValues>
        6.2041437625885010e-01 -1.5697728097438812e-01</leafValues></_></weakClassifiers></stage28>
</opencv_storage>
