<?xml version="1.0"?>
<opencv_storage>
<stage17>
  <maxWeakCount>8</maxWeakCount>
  <stageThreshold>-4.3172821402549744e-01</stageThreshold>
  <weakClassifiers>
    <_>
      <internalNodes>
        0 -1 116066 -2.4078129790723324e-03</internalNodes>
      <leafValues>
        -5.6521737575531006e-01 4.9606299400329590e-01</leafValues></_>
    <_>
      <internalNodes>
        0 -1 133178 1.0941285640001297e-02</internalNodes>
      <leafValues>
        -2.2776913642883301e-01 7.6803135871887207e-01</leafValues></_>
    <_>
      <internalNodes>
        0 -1 132235 -1.1661811731755733e-04</internalNodes>
      <leafValues>
        -5.1932007074356079e-01 3.7779682874679565e-01</leafValues></_>
    <_>
      <internalNodes>
        0 -1 56755 -8.2457624375820160e-03</internalNodes>
      <leafValues>
        9.5082032680511475e-01 -1.7912055552005768e-01</leafValues></_>
    <_>
      <internalNodes>
        0 -1 72535 2.5214231573045254e-03</internalNodes>
      <leafValues>
        -2.0355141162872314e-01 7.7296358346939087e-01</leafValues></_>
    <_>
      <internalNodes>
        0 -1 719 -8.1534847617149353e-02</internalNodes>
      <leafValues>
        8.7820178270339966e-01 -1.7494992911815643e-01</leafValues></_>
    <_>
      <internalNodes>
        0 -1 144053 3.6119753494858742e-03</internalNodes>
      <leafValues>
        -1.4426560699939728e-01 9.4290149211883545e-01</leafValues></_>
    <_>
      <internalNodes>
        0 -1 157656 2.2109388373792171e-03</internalNodes>
      <leafValues>
        -2.8131642937660217e-01 5.2118545770645142e-01</leafValues></_></weakClassifiers></stage17>
</opencv_storage>
