<?xml version="1.0"?>
<opencv_storage>
<stage21>
  <maxWeakCount>11</maxWeakCount>
  <stageThreshold>-5.4265129566192627e-01</stageThreshold>
  <weakClassifiers>
    <_>
      <internalNodes>
        0 -1 26532 -1.9788170233368874e-02</internalNodes>
      <leafValues>
        -4.0350878238677979e-01 5.0617283582687378e-01</leafValues></_>
    <_>
      <internalNodes>
        0 -1 39313 -8.0376863479614258e-03</internalNodes>
      <leafValues>
        4.1112071275711060e-01 -3.8747382164001465e-01</leafValues></_>
    <_>
      <internalNodes>
        0 -1 98423 -1.5690226573497057e-03</internalNodes>
      <leafValues>
        8.1766194105148315e-01 -2.2739033401012421e-01</leafValues></_>
    <_>
      <internalNodes>
        0 -1 137361 -1.3427312296698801e-05</internalNodes>
      <leafValues>
        3.4670516848564148e-01 -4.4489684700965881e-01</leafValues></_>
    <_>
      <internalNodes>
        0 -1 22834 -1.7921372782438993e-03</internalNodes>
      <leafValues>
        5.8550333976745605e-01 -2.2273866832256317e-01</leafValues></_>
    <_>
      <internalNodes>
        0 -1 13188 -3.9022610872052610e-04</internalNodes>
      <leafValues>
        -5.6286180019378662e-01 2.8343126177787781e-01</leafValues></_>
    <_>
      <internalNodes>
        0 -1 55542 -2.9292076942510903e-04</internalNodes>
      <leafValues>
        6.4379453659057617e-01 -2.7363660931587219e-01</leafValues></_>
    <_>
      <internalNodes>
        0 -1 114294 -1.6785650223027915e-04</internalNodes>
      <leafValues>
        6.0900741815567017e-01 -2.3699405789375305e-01</leafValues></_>
    <_>
      <internalNodes>
        0 -1 138006 5.7667419314384460e-03</internalNodes>
      <leafValues>
        -2.8150781989097595e-01 5.3573179244995117e-01</leafValues></_>
    <_>
      <internalNodes>
        0 -1 6194 -8.5522904992103577e-03</internalNodes>
      <leafValues>
        5.0091189146041870e-01 -3.8374072313308716e-01</leafValues></_>
    <_>
      <internalNodes>
        0 -1 126098 5.0056935288012028e-04</internalNodes>
      <leafValues>
        3.3452150225639343e-01 -5.2826213836669922e-01</leafValues></_></weakClassifiers></stage21>
</opencv_storage>
