<?xml version="1.0"?>
<opencv_storage>
<stage32>
  <maxWeakCount>6</maxWeakCount>
  <stageThreshold>-4.4588050246238708e-01</stageThreshold>
  <weakClassifiers>
    <_>
      <internalNodes>
        0 -1 100639 -9.5978416502475739e-03</internalNodes>
      <leafValues>
        -7.7142858505249023e-01 4.7924527525901794e-01</leafValues></_>
    <_>
      <internalNodes>
        0 -1 98264 4.1549984365701675e-02</internalNodes>
      <leafValues>
        -1.9699417054653168e-01 7.6448005437850952e-01</leafValues></_>
    <_>
      <internalNodes>
        0 -1 150659 -1.6041663911892101e-05</internalNodes>
      <leafValues>
        6.2475419044494629e-01 -2.9475897550582886e-01</leafValues></_>
    <_>
      <internalNodes>
        0 -1 133839 -7.3109776712954044e-04</internalNodes>
      <leafValues>
        7.6488214731216431e-01 -2.4435810744762421e-01</leafValues></_>
    <_>
      <internalNodes>
        0 -1 569 -1.7690705135464668e-02</internalNodes>
      <leafValues>
        5.7358890771865845e-01 -3.3673819899559021e-01</leafValues></_>
    <_>
      <internalNodes>
        0 -1 5049 1.6569685249123722e-04</internalNodes>
      <leafValues>
        3.8915723562240601e-01 -4.4197714328765869e-01</leafValues></_></weakClassifiers></stage32>
</opencv_storage>
