<?xml version="1.0"?>
<opencv_storage>
<stage11>
  <maxWeakCount>13</maxWeakCount>
  <stageThreshold>-6.7621016502380371e-01</stageThreshold>
  <weakClassifiers>
    <_>
      <internalNodes>
        0 -1 29237 -4.6380730345845222e-03</internalNodes>
      <leafValues>
        6.2075132131576538e-01 -1.3782991468906403e-01</leafValues></_>
    <_>
      <internalNodes>
        0 -1 148321 -4.2963540181517601e-03</internalNodes>
      <leafValues>
        3.7623152136802673e-01 -3.2626509666442871e-01</leafValues></_>
    <_>
      <internalNodes>
        0 -1 65038 4.5877596130594611e-04</internalNodes>
      <leafValues>
        -3.3138385415077209e-01 2.7843949198722839e-01</leafValues></_>
    <_>
      <internalNodes>
        0 -1 122932 -3.5695787519216537e-03</internalNodes>
      <leafValues>
        -8.0030858516693115e-01 1.1197236180305481e-01</leafValues></_>
    <_>
      <internalNodes>
        0 -1 80483 1.1407244019210339e-03</internalNodes>
      <leafValues>
        -1.7571318149566650e-01 5.7670080661773682e-01</leafValues></_>
    <_>
      <internalNodes>
        0 -1 10683 -9.1457143425941467e-03</internalNodes>
      <leafValues>
        3.4308052062988281e-01 -2.7928873896598816e-01</leafValues></_>
    <_>
      <internalNodes>
        0 -1 69008 -1.5442848671227694e-03</internalNodes>
      <leafValues>
        6.1143738031387329e-01 -1.2558524310588837e-01</leafValues></_>
    <_>
      <internalNodes>
        0 -1 138766 5.7848729193210602e-04</internalNodes>
      <leafValues>
        -1.6612775623798370e-01 5.5773997306823730e-01</leafValues></_>
    <_>
      <internalNodes>
        0 -1 53681 -8.8255945593118668e-04</internalNodes>
      <leafValues>
        4.6161162853240967e-01 -1.8115000426769257e-01</leafValues></_>
    <_>
      <internalNodes>
        0 -1 122485 -5.9801602037623525e-04</internalNodes>
      <leafValues>
        4.3751397728919983e-01 -2.1916912496089935e-01</leafValues></_>
    <_>
      <internalNodes>
        0 -1 147900 -9.2989094555377960e-03</internalNodes>
      <leafValues>
        4.2341491580009460e-01 -2.1690961718559265e-01</leafValues></_>
    <_>
      <internalNodes>
        0 -1 142311 4.4672843068838120e-03</internalNodes>
      <leafValues>
        2.0563513040542603e-01 -5.3265082836151123e-01</leafValues></_>
    <_>
      <internalNodes>
        0 -1 91341 2.2257965058088303e-02</internalNodes>
      <leafValues>
        1.2302255630493164e-01 -7.8703963756561279e-01</leafValues></_></weakClassifiers></stage11>
</opencv_storage>
