<?xml version="1.0"?>
<opencv_storage>
<stage31>
  <maxWeakCount>10</maxWeakCount>
  <stageThreshold>-9.5598000288009644e-01</stageThreshold>
  <weakClassifiers>
    <_>
      <internalNodes>
        0 -1 137331 1.1700369417667389e-02</internalNodes>
      <leafValues>
        -4.0540538728237152e-02 6.9736844301223755e-01</leafValues></_>
    <_>
      <internalNodes>
        0 -1 47968 -9.0398509055376053e-03</internalNodes>
      <leafValues>
        6.5771323442459106e-01 -1.9197805225849152e-01</leafValues></_>
    <_>
      <internalNodes>
        0 -1 133606 -2.2556204348802567e-03</internalNodes>
      <leafValues>
        8.7203580141067505e-01 -1.3129156827926636e-01</leafValues></_>
    <_>
      <internalNodes>
        0 -1 98570 4.5291208662092686e-03</internalNodes>
      <leafValues>
        -1.8092028796672821e-01 8.0415177345275879e-01</leafValues></_>
    <_>
      <internalNodes>
        0 -1 117870 -6.7991612013429403e-05</internalNodes>
      <leafValues>
        4.0570005774497986e-01 -3.4590294957160950e-01</leafValues></_>
    <_>
      <internalNodes>
        0 -1 151882 -1.3231909833848476e-03</internalNodes>
      <leafValues>
        -4.6633937954902649e-01 3.0765950679779053e-01</leafValues></_>
    <_>
      <internalNodes>
        0 -1 152016 -1.4800982549786568e-02</internalNodes>
      <leafValues>
        9.0616583824157715e-01 -1.6962739825248718e-01</leafValues></_>
    <_>
      <internalNodes>
        0 -1 123333 -2.1573505364358425e-03</internalNodes>
      <leafValues>
        4.4984394311904907e-01 -3.1710365414619446e-01</leafValues></_>
    <_>
      <internalNodes>
        0 -1 120362 -1.3712094187212642e-05</internalNodes>
      <leafValues>
        4.8013779520988464e-01 -3.3003327250480652e-01</leafValues></_>
    <_>
      <internalNodes>
        0 -1 50702 -2.0198248326778412e-02</internalNodes>
      <leafValues>
        4.4375821948051453e-01 -3.7694060802459717e-01</leafValues></_></weakClassifiers></stage31>
</opencv_storage>
