<?xml version="1.0"?>
<opencv_storage>
<stage49>
  <maxWeakCount>17</maxWeakCount>
  <stageThreshold>-6.6475147008895874e-01</stageThreshold>
  <weakClassifiers>
    <_>
      <internalNodes>
        0 -1 136791 -1.2715030461549759e-03</internalNodes>
      <leafValues>
        -5.4545456171035767e-01 4.2857143282890320e-01</leafValues></_>
    <_>
      <internalNodes>
        0 -1 84063 3.0954582616686821e-02</internalNodes>
      <leafValues>
        -3.4633606672286987e-01 3.2682779431343079e-01</leafValues></_>
    <_>
      <internalNodes>
        0 -1 154973 -1.9749682396650314e-03</internalNodes>
      <leafValues>
        3.9636284112930298e-01 -2.6199388504028320e-01</leafValues></_>
    <_>
      <internalNodes>
        0 -1 66795 -2.6624186430126429e-03</internalNodes>
      <leafValues>
        3.5163336992263794e-01 -2.2902731597423553e-01</leafValues></_>
    <_>
      <internalNodes>
        0 -1 128852 -6.5849244594573975e-02</internalNodes>
      <leafValues>
        2.8683814406394958e-01 -2.6863604784011841e-01</leafValues></_>
    <_>
      <internalNodes>
        0 -1 96425 7.7647739090025425e-04</internalNodes>
      <leafValues>
        -1.6944648325443268e-01 5.1543581485748291e-01</leafValues></_>
    <_>
      <internalNodes>
        0 -1 130294 -1.8942377064377069e-03</internalNodes>
      <leafValues>
        -6.2477982044219971e-01 1.5464313328266144e-01</leafValues></_>
    <_>
      <internalNodes>
        0 -1 96794 1.2423465959727764e-03</internalNodes>
      <leafValues>
        -3.1029787659645081e-01 2.7887630462646484e-01</leafValues></_>
    <_>
      <internalNodes>
        0 -1 157886 -2.1559286862611771e-02</internalNodes>
      <leafValues>
        4.8199623823165894e-01 -1.6159005463123322e-01</leafValues></_>
    <_>
      <internalNodes>
        0 -1 96789 4.6953599667176604e-04</internalNodes>
      <leafValues>
        -1.6967962682247162e-01 4.1796466708183289e-01</leafValues></_>
    <_>
      <internalNodes>
        0 -1 104828 -3.1036633299663663e-04</internalNodes>
      <leafValues>
        3.7128716707229614e-01 -2.1842855215072632e-01</leafValues></_>
    <_>
      <internalNodes>
        0 -1 49019 1.6098272055387497e-02</internalNodes>
      <leafValues>
        -1.1833039671182632e-01 6.9274026155471802e-01</leafValues></_>
    <_>
      <internalNodes>
        0 -1 6742 1.9647683948278427e-02</internalNodes>
      <leafValues>
        -1.0939104855060577e-01 5.8301025629043579e-01</leafValues></_>
    <_>
      <internalNodes>
        0 -1 30353 -2.2482238709926605e-03</internalNodes>
      <leafValues>
        6.4436841011047363e-01 -1.4011089503765106e-01</leafValues></_>
    <_>
      <internalNodes>
        0 -1 133267 -6.7952845711261034e-04</internalNodes>
      <leafValues>
        7.2006404399871826e-01 -1.0395807027816772e-01</leafValues></_>
    <_>
      <internalNodes>
        0 -1 10549 1.4859494566917419e-01</internalNodes>
      <leafValues>
        -1.0678352415561676e-01 6.3204610347747803e-01</leafValues></_>
    <_>
      <internalNodes>
        0 -1 48336 -2.7565844357013702e-03</internalNodes>
      <leafValues>
        3.8323056697845459e-01 -1.9131527841091156e-01</leafValues></_></weakClassifiers></stage49>
</opencv_storage>
