<?xml version="1.0"?>
<opencv_storage>
<stage42>
  <maxWeakCount>18</maxWeakCount>
  <stageThreshold>-6.4569532871246338e-01</stageThreshold>
  <weakClassifiers>
    <_>
      <internalNodes>
        0 -1 85883 -1.6829334199428558e-03</internalNodes>
      <leafValues>
        -6.6666668653488159e-01 4.1247001290321350e-01</leafValues></_>
    <_>
      <internalNodes>
        0 -1 31178 -8.5900945123285055e-05</internalNodes>
      <leafValues>
        3.7167906761169434e-01 -2.4145662784576416e-01</leafValues></_>
    <_>
      <internalNodes>
        0 -1 63453 -1.3655799441039562e-02</internalNodes>
      <leafValues>
        2.2804957628250122e-01 -3.4229564666748047e-01</leafValues></_>
    <_>
      <internalNodes>
        0 -1 68928 -7.3531987145543098e-03</internalNodes>
      <leafValues>
        7.4606287479400635e-01 -1.3647422194480896e-01</leafValues></_>
    <_>
      <internalNodes>
        0 -1 68338 -3.1728591769933701e-02</internalNodes>
      <leafValues>
        3.9889669418334961e-01 -2.6420220732688904e-01</leafValues></_>
    <_>
      <internalNodes>
        0 -1 132682 -1.7696376744424924e-05</internalNodes>
      <leafValues>
        2.8113108873367310e-01 -3.1352046132087708e-01</leafValues></_>
    <_>
      <internalNodes>
        0 -1 63571 5.8508396614342928e-04</internalNodes>
      <leafValues>
        -1.9188019633293152e-01 4.2478090524673462e-01</leafValues></_>
    <_>
      <internalNodes>
        0 -1 117474 -2.5262520648539066e-03</internalNodes>
      <leafValues>
        2.4915792047977448e-01 -3.1122052669525146e-01</leafValues></_>
    <_>
      <internalNodes>
        0 -1 63067 4.5168284326791763e-02</internalNodes>
      <leafValues>
        -1.0206384211778641e-01 7.4908339977264404e-01</leafValues></_>
    <_>
      <internalNodes>
        0 -1 150274 1.3753532432019711e-02</internalNodes>
      <leafValues>
        1.2618099153041840e-01 -6.8650603294372559e-01</leafValues></_>
    <_>
      <internalNodes>
        0 -1 147553 -5.9327902272343636e-04</internalNodes>
      <leafValues>
        4.7381928563117981e-01 -1.7414280772209167e-01</leafValues></_>
    <_>
      <internalNodes>
        0 -1 87467 3.3297371119260788e-03</internalNodes>
      <leafValues>
        -1.5372964739799500e-01 4.8269379138946533e-01</leafValues></_>
    <_>
      <internalNodes>
        0 -1 67417 -9.0161457657814026e-02</internalNodes>
      <leafValues>
        6.3646143674850464e-01 -1.2379369884729385e-01</leafValues></_>
    <_>
      <internalNodes>
        0 -1 115138 2.2771363146603107e-03</internalNodes>
      <leafValues>
        -1.4027446508407593e-01 5.1846170425415039e-01</leafValues></_>
    <_>
      <internalNodes>
        0 -1 82283 -2.5420514866709709e-03</internalNodes>
      <leafValues>
        5.1152861118316650e-01 -1.2978085875511169e-01</leafValues></_>
    <_>
      <internalNodes>
        0 -1 147233 -2.5222203694283962e-03</internalNodes>
      <leafValues>
        6.7904913425445557e-01 -9.7365029156208038e-02</leafValues></_>
    <_>
      <internalNodes>
        0 -1 51280 -8.7207388132810593e-03</internalNodes>
      <leafValues>
        5.0370192527770996e-01 -1.2072380632162094e-01</leafValues></_>
    <_>
      <internalNodes>
        0 -1 58141 1.0084935929626226e-03</internalNodes>
      <leafValues>
        -2.2359851002693176e-01 3.7809532880783081e-01</leafValues></_></weakClassifiers></stage42>
</opencv_storage>
