<?xml version="1.0"?>
<opencv_storage>
<stage44>
  <maxWeakCount>14</maxWeakCount>
  <stageThreshold>-7.8839194774627686e-01</stageThreshold>
  <weakClassifiers>
    <_>
      <internalNodes>
        0 -1 134052 5.6140534579753876e-03</internalNodes>
      <leafValues>
        5.5832034349441528e-01 -2.2957198321819305e-01</leafValues></_>
    <_>
      <internalNodes>
        0 -1 134018 -3.2967559993267059e-02</internalNodes>
      <leafValues>
        2.9902422428131104e-01 -3.6599102616310120e-01</leafValues></_>
    <_>
      <internalNodes>
        0 -1 157599 4.7332793474197388e-04</internalNodes>
      <leafValues>
        2.6352271437644958e-01 -4.1595828533172607e-01</leafValues></_>
    <_>
      <internalNodes>
        0 -1 68901 7.4829027056694031e-02</internalNodes>
      <leafValues>
        1.2869466841220856e-01 -8.1920933723449707e-01</leafValues></_>
    <_>
      <internalNodes>
        0 -1 53084 1.2732699979096651e-03</internalNodes>
      <leafValues>
        -2.8802123665809631e-01 3.1221947073936462e-01</leafValues></_>
    <_>
      <internalNodes>
        0 -1 125748 -6.6315755248069763e-05</internalNodes>
      <leafValues>
        1.8691182136535645e-01 -5.1087015867233276e-01</leafValues></_>
    <_>
      <internalNodes>
        0 -1 86982 -2.0441299676895142e-01</internalNodes>
      <leafValues>
        9.8237311840057373e-01 -1.2313484400510788e-01</leafValues></_>
    <_>
      <internalNodes>
        0 -1 88242 -4.6468898653984070e-03</internalNodes>
      <leafValues>
        4.3118730187416077e-01 -1.7906619608402252e-01</leafValues></_>
    <_>
      <internalNodes>
        0 -1 125075 -2.4999626912176609e-03</internalNodes>
      <leafValues>
        -5.0233787298202515e-01 1.8436896800994873e-01</leafValues></_>
    <_>
      <internalNodes>
        0 -1 70716 -1.7537124222144485e-04</internalNodes>
      <leafValues>
        4.6098113059997559e-01 -2.2819857299327850e-01</leafValues></_>
    <_>
      <internalNodes>
        0 -1 48830 -5.4726023226976395e-02</internalNodes>
      <leafValues>
        8.6505460739135742e-01 -9.5653034746646881e-02</leafValues></_>
    <_>
      <internalNodes>
        0 -1 12887 -1.0293625295162201e-02</internalNodes>
      <leafValues>
        6.6919875144958496e-01 -1.1967460066080093e-01</leafValues></_>
    <_>
      <internalNodes>
        0 -1 1813 -1.2165032094344497e-03</internalNodes>
      <leafValues>
        2.6852187514305115e-01 -3.5779446363449097e-01</leafValues></_>
    <_>
      <internalNodes>
        0 -1 138384 -2.0560970529913902e-02</internalNodes>
      <leafValues>
        5.9725695848464966e-01 -1.6502490639686584e-01</leafValues></_></weakClassifiers></stage44>
</opencv_storage>
