<?xml version="1.0"?>
<opencv_storage>
<stage47>
  <maxWeakCount>13</maxWeakCount>
  <stageThreshold>-6.1253809928894043e-01</stageThreshold>
  <weakClassifiers>
    <_>
      <internalNodes>
        0 -1 139127 7.5130555778741837e-03</internalNodes>
      <leafValues>
        4.7836834192276001e-01 -9.5604395866394043e-01</leafValues></_>
    <_>
      <internalNodes>
        0 -1 68205 1.1613108217716217e-03</internalNodes>
      <leafValues>
        -2.5656676292419434e-01 3.4480959177017212e-01</leafValues></_>
    <_>
      <internalNodes>
        0 -1 136788 3.1588238198310137e-04</internalNodes>
      <leafValues>
        1.2628495693206787e-01 -6.6303807497024536e-01</leafValues></_>
    <_>
      <internalNodes>
        0 -1 105086 1.6913353465497494e-03</internalNodes>
      <leafValues>
        -2.6902824640274048e-01 3.5101395845413208e-01</leafValues></_>
    <_>
      <internalNodes>
        0 -1 141512 -6.6432696767151356e-03</internalNodes>
      <leafValues>
        -5.8967381715774536e-01 1.1516314744949341e-01</leafValues></_>
    <_>
      <internalNodes>
        0 -1 89506 3.3807740546762943e-03</internalNodes>
      <leafValues>
        -2.2453248500823975e-01 4.3980482220649719e-01</leafValues></_>
    <_>
      <internalNodes>
        0 -1 87593 1.9303895533084869e-02</internalNodes>
      <leafValues>
        1.3234116137027740e-01 -7.0834046602249146e-01</leafValues></_>
    <_>
      <internalNodes>
        0 -1 127463 -1.2012943625450134e-03</internalNodes>
      <leafValues>
        5.2679932117462158e-01 -2.0310808718204498e-01</leafValues></_>
    <_>
      <internalNodes>
        0 -1 155752 -3.8886133115738630e-03</internalNodes>
      <leafValues>
        9.1789329051971436e-01 -1.0035834461450577e-01</leafValues></_>
    <_>
      <internalNodes>
        0 -1 125109 -2.8251498006284237e-03</internalNodes>
      <leafValues>
        5.2019214630126953e-01 -1.0053570568561554e-01</leafValues></_>
    <_>
      <internalNodes>
        0 -1 118698 -1.0103760287165642e-02</internalNodes>
      <leafValues>
        -6.1353629827499390e-01 1.4699591696262360e-01</leafValues></_>
    <_>
      <internalNodes>
        0 -1 70063 -3.2967419829219580e-03</internalNodes>
      <leafValues>
        9.2224436998367310e-01 -1.4737169444561005e-01</leafValues></_>
    <_>
      <internalNodes>
        0 -1 3145 -3.9433538913726807e-03</internalNodes>
      <leafValues>
        -5.3911888599395752e-01 1.8793702125549316e-01</leafValues></_></weakClassifiers></stage47>
</opencv_storage>
