<?xml version="1.0"?>
<opencv_storage>
<stage14>
  <maxWeakCount>16</maxWeakCount>
  <stageThreshold>-8.1793433427810669e-01</stageThreshold>
  <weakClassifiers>
    <_>
      <internalNodes>
        0 -1 30770 1.3415770372375846e-03</internalNodes>
      <leafValues>
        5.1617437601089478e-01 -3.5449734330177307e-01</leafValues></_>
    <_>
      <internalNodes>
        0 -1 71712 -2.5476058945059776e-02</internalNodes>
      <leafValues>
        4.3905955553054810e-01 -2.9895079135894775e-01</leafValues></_>
    <_>
      <internalNodes>
        0 -1 86498 -9.7838327288627625e-02</internalNodes>
      <leafValues>
        5.7278555631637573e-01 -1.7192959785461426e-01</leafValues></_>
    <_>
      <internalNodes>
        0 -1 29735 -6.6373003646731377e-03</internalNodes>
      <leafValues>
        4.1666668653488159e-01 -3.0049303174018860e-01</leafValues></_>
    <_>
      <internalNodes>
        0 -1 142264 8.5185449570417404e-03</internalNodes>
      <leafValues>
        -1.7194145917892456e-01 5.1301860809326172e-01</leafValues></_>
    <_>
      <internalNodes>
        0 -1 139412 -8.7146107107400894e-03</internalNodes>
      <leafValues>
        2.8681898117065430e-01 -3.4162718057632446e-01</leafValues></_>
    <_>
      <internalNodes>
        0 -1 48311 1.9661948084831238e-02</internalNodes>
      <leafValues>
        -1.5348671376705170e-01 5.7789713144302368e-01</leafValues></_>
    <_>
      <internalNodes>
        0 -1 37523 -2.3676589131355286e-02</internalNodes>
      <leafValues>
        8.2612931728363037e-01 -1.3499744236469269e-01</leafValues></_>
    <_>
      <internalNodes>
        0 -1 110604 -1.1849682778120041e-03</internalNodes>
      <leafValues>
        -5.7785969972610474e-01 2.0952026546001434e-01</leafValues></_>
    <_>
      <internalNodes>
        0 -1 141158 5.6452783755958080e-03</internalNodes>
      <leafValues>
        1.5220703184604645e-01 -6.3520783185958862e-01</leafValues></_>
    <_>
      <internalNodes>
        0 -1 43059 -9.6318274736404419e-03</internalNodes>
      <leafValues>
        6.0042196512222290e-01 -1.7184469103813171e-01</leafValues></_>
    <_>
      <internalNodes>
        0 -1 25879 -6.4706485718488693e-03</internalNodes>
      <leafValues>
        6.2357592582702637e-01 -1.8254660069942474e-01</leafValues></_>
    <_>
      <internalNodes>
        0 -1 70701 3.1667502480559051e-04</internalNodes>
      <leafValues>
        2.4373909831047058e-01 -4.4411522150039673e-01</leafValues></_>
    <_>
      <internalNodes>
        0 -1 35541 9.7174689173698425e-02</internalNodes>
      <leafValues>
        -1.4674153923988342e-01 7.5977402925491333e-01</leafValues></_>
    <_>
      <internalNodes>
        0 -1 99701 -3.1625758856534958e-03</internalNodes>
      <leafValues>
        6.4127641916275024e-01 -1.3679720461368561e-01</leafValues></_>
    <_>
      <internalNodes>
        0 -1 82757 -1.8591264262795448e-02</internalNodes>
      <leafValues>
        4.1504231095314026e-01 -2.7389100193977356e-01</leafValues></_></weakClassifiers></stage14>
</opencv_storage>
