<?xml version="1.0"?>
<opencv_storage>
<stage26>
  <maxWeakCount>12</maxWeakCount>
  <stageThreshold>-7.5613218545913696e-01</stageThreshold>
  <weakClassifiers>
    <_>
      <internalNodes>
        0 -1 85901 -3.9961509406566620e-02</internalNodes>
      <leafValues>
        -9.2857140302658081e-01 4.1706159710884094e-01</leafValues></_>
    <_>
      <internalNodes>
        0 -1 125053 -3.2459909562021494e-04</internalNodes>
      <leafValues>
        3.5087445378303528e-01 -3.7539952993392944e-01</leafValues></_>
    <_>
      <internalNodes>
        0 -1 113849 1.0183862410485744e-02</internalNodes>
      <leafValues>
        -2.6894241571426392e-01 5.1565456390380859e-01</leafValues></_>
    <_>
      <internalNodes>
        0 -1 104910 1.6161426901817322e-02</internalNodes>
      <leafValues>
        -1.8892948329448700e-01 6.4370310306549072e-01</leafValues></_>
    <_>
      <internalNodes>
        0 -1 12695 1.1177975684404373e-02</internalNodes>
      <leafValues>
        -2.7804750204086304e-01 4.4926121830940247e-01</leafValues></_>
    <_>
      <internalNodes>
        0 -1 100365 -3.2833493314683437e-03</internalNodes>
      <leafValues>
        5.0433593988418579e-01 -2.4118621647357941e-01</leafValues></_>
    <_>
      <internalNodes>
        0 -1 33876 -8.2388371229171753e-03</internalNodes>
      <leafValues>
        4.9076679348945618e-01 -2.1014568209648132e-01</leafValues></_>
    <_>
      <internalNodes>
        0 -1 105366 6.6454359330236912e-04</internalNodes>
      <leafValues>
        -1.9106040894985199e-01 5.8389800786972046e-01</leafValues></_>
    <_>
      <internalNodes>
        0 -1 13042 4.1038470226339996e-04</internalNodes>
      <leafValues>
        2.7373221516609192e-01 -4.0790361166000366e-01</leafValues></_>
    <_>
      <internalNodes>
        0 -1 67685 6.6274125128984451e-04</internalNodes>
      <leafValues>
        -1.4620842039585114e-01 6.9577980041503906e-01</leafValues></_>
    <_>
      <internalNodes>
        0 -1 144874 -5.1136843860149384e-02</internalNodes>
      <leafValues>
        -8.9974635839462280e-01 1.3990968465805054e-01</leafValues></_>
    <_>
      <internalNodes>
        0 -1 63484 -4.8534441739320755e-03</internalNodes>
      <leafValues>
        3.1308397650718689e-01 -3.9794227480888367e-01</leafValues></_></weakClassifiers></stage26>
</opencv_storage>
