<?xml version="1.0"?>
<opencv_storage>
<stage23>
  <maxWeakCount>9</maxWeakCount>
  <stageThreshold>-7.3183137178421021e-01</stageThreshold>
  <weakClassifiers>
    <_>
      <internalNodes>
        0 -1 130558 -3.1815210822969675e-03</internalNodes>
      <leafValues>
        -6.4102566242218018e-01 4.7892719507217407e-01</leafValues></_>
    <_>
      <internalNodes>
        0 -1 13881 -1.4459583908319473e-02</internalNodes>
      <leafValues>
        7.3291802406311035e-01 -2.6955920457839966e-01</leafValues></_>
    <_>
      <internalNodes>
        0 -1 6407 -1.2294644489884377e-02</internalNodes>
      <leafValues>
        6.0550004243850708e-01 -3.1105408072471619e-01</leafValues></_>
    <_>
      <internalNodes>
        0 -1 151376 -1.3986151316203177e-04</internalNodes>
      <leafValues>
        5.2768075466156006e-01 -3.1650465726852417e-01</leafValues></_>
    <_>
      <internalNodes>
        0 -1 144920 -7.1812346577644348e-03</internalNodes>
      <leafValues>
        5.0839763879776001e-01 -3.2036796212196350e-01</leafValues></_>
    <_>
      <internalNodes>
        0 -1 151778 -4.9748294986784458e-04</internalNodes>
      <leafValues>
        -4.6764287352561951e-01 3.6442846059799194e-01</leafValues></_>
    <_>
      <internalNodes>
        0 -1 77903 3.5387245006859303e-03</internalNodes>
      <leafValues>
        -4.0774974226951599e-01 3.9582690596580505e-01</leafValues></_>
    <_>
      <internalNodes>
        0 -1 119646 1.7845532856881618e-03</internalNodes>
      <leafValues>
        -3.3686128258705139e-01 5.0673884153366089e-01</leafValues></_>
    <_>
      <internalNodes>
        0 -1 96236 5.7661230675876141e-03</internalNodes>
      <leafValues>
        4.1540455818176270e-01 -4.3112707138061523e-01</leafValues></_></weakClassifiers></stage23>
</opencv_storage>
