<?xml version="1.0"?>
<opencv_storage>
<stage35>
  <maxWeakCount>12</maxWeakCount>
  <stageThreshold>-5.9564936161041260e-01</stageThreshold>
  <weakClassifiers>
    <_>
      <internalNodes>
        0 -1 112096 1.2401868402957916e-01</internalNodes>
      <leafValues>
        4.3130227923393250e-01 -9.6825397014617920e-01</leafValues></_>
    <_>
      <internalNodes>
        0 -1 78345 1.9165300764143467e-03</internalNodes>
      <leafValues>
        -1.5003015100955963e-01 6.8573164939880371e-01</leafValues></_>
    <_>
      <internalNodes>
        0 -1 83023 2.1530920639634132e-03</internalNodes>
      <leafValues>
        -1.5658444166183472e-01 6.9536757469177246e-01</leafValues></_>
    <_>
      <internalNodes>
        0 -1 81451 1.3102625496685505e-02</internalNodes>
      <leafValues>
        -2.6201966404914856e-01 5.2656710147857666e-01</leafValues></_>
    <_>
      <internalNodes>
        0 -1 48973 3.3006363082677126e-04</internalNodes>
      <leafValues>
        1.9436290860176086e-01 -5.8006161451339722e-01</leafValues></_>
    <_>
      <internalNodes>
        0 -1 87913 5.5985350627452135e-04</internalNodes>
      <leafValues>
        -2.5780913233757019e-01 4.7819820046424866e-01</leafValues></_>
    <_>
      <internalNodes>
        0 -1 78640 -2.7928547933697701e-04</internalNodes>
      <leafValues>
        5.1880890130996704e-01 -1.8632909655570984e-01</leafValues></_>
    <_>
      <internalNodes>
        0 -1 60121 2.4144668714143336e-04</internalNodes>
      <leafValues>
        2.6634502410888672e-01 -3.9181575179100037e-01</leafValues></_>
    <_>
      <internalNodes>
        0 -1 5869 6.4196507446467876e-04</internalNodes>
      <leafValues>
        -2.3235698044300079e-01 5.2102845907211304e-01</leafValues></_>
    <_>
      <internalNodes>
        0 -1 142832 1.2069283984601498e-03</internalNodes>
      <leafValues>
        -2.9551655054092407e-01 3.7773638963699341e-01</leafValues></_>
    <_>
      <internalNodes>
        0 -1 66744 1.1831887066364288e-02</internalNodes>
      <leafValues>
        -1.3871161639690399e-01 6.8775814771652222e-01</leafValues></_>
    <_>
      <internalNodes>
        0 -1 26319 8.0683892592787743e-03</internalNodes>
      <leafValues>
        1.7660591006278992e-01 -5.7105094194412231e-01</leafValues></_></weakClassifiers></stage35>
</opencv_storage>
