<?xml version="1.0"?>
<opencv_storage>
<stage47>
  <maxWeakCount>7</maxWeakCount>
  <stageThreshold>-6.8358564376831055e-01</stageThreshold>
  <weakClassifiers>
    <_>
      <internalNodes>
        0 -1 37750 1.0185238718986511e-01</internalNodes>
      <leafValues>
        5.6349205970764160e-01 -8.7500000000000000e-01</leafValues></_>
    <_>
      <internalNodes>
        0 -1 15236 9.9944062530994415e-02</internalNodes>
      <leafValues>
        -3.2154631614685059e-01 6.9274330139160156e-01</leafValues></_>
    <_>
      <internalNodes>
        0 -1 149823 8.0868210643529892e-03</internalNodes>
      <leafValues>
        3.9631858468055725e-01 -5.6873583793640137e-01</leafValues></_>
    <_>
      <internalNodes>
        0 -1 147859 4.0262313559651375e-03</internalNodes>
      <leafValues>
        -2.6188784837722778e-01 7.0359981060028076e-01</leafValues></_>
    <_>
      <internalNodes>
        0 -1 132217 -1.1271249502897263e-02</internalNodes>
      <leafValues>
        6.5764719247817993e-01 -2.6906123757362366e-01</leafValues></_>
    <_>
      <internalNodes>
        0 -1 136143 -5.1821643864968792e-05</internalNodes>
      <leafValues>
        4.9132111668586731e-01 -3.5240879654884338e-01</leafValues></_>
    <_>
      <internalNodes>
        0 -1 9208 1.5873827040195465e-02</internalNodes>
      <leafValues>
        -1.5278285741806030e-01 1.</leafValues></_></weakClassifiers></stage47>
</opencv_storage>
