<?xml version="1.0"?>
<opencv_storage>
<stage44>
  <maxWeakCount>6</maxWeakCount>
  <stageThreshold>-3.3082360029220581e-01</stageThreshold>
  <weakClassifiers>
    <_>
      <internalNodes>
        0 -1 120222 -7.0132777094841003e-02</internalNodes>
      <leafValues>
        -7.7358490228652954e-01 5.7085019350051880e-01</leafValues></_>
    <_>
      <internalNodes>
        0 -1 99770 -2.3482127115130424e-02</internalNodes>
      <leafValues>
        6.2154012918472290e-01 -3.5807403922080994e-01</leafValues></_>
    <_>
      <internalNodes>
        0 -1 112995 -2.1597468294203281e-03</internalNodes>
      <leafValues>
        6.2285268306732178e-01 -2.8062120079994202e-01</leafValues></_>
    <_>
      <internalNodes>
        0 -1 98410 -1.6827252693474293e-03</internalNodes>
      <leafValues>
        9.5857018232345581e-01 -1.6028551757335663e-01</leafValues></_>
    <_>
      <internalNodes>
        0 -1 46411 1.1282098479568958e-02</internalNodes>
      <leafValues>
        -1.7734792828559875e-01 8.6474674940109253e-01</leafValues></_>
    <_>
      <internalNodes>
        0 -1 88036 5.5536884814500809e-02</internalNodes>
      <leafValues>
        2.4760223925113678e-01 -8.2881903648376465e-01</leafValues></_></weakClassifiers></stage44>
</opencv_storage>
