<?xml version="1.0"?>
<opencv_storage>
<stage40>
  <maxWeakCount>9</maxWeakCount>
  <stageThreshold>-2.0265112817287445e-01</stageThreshold>
  <weakClassifiers>
    <_>
      <internalNodes>
        0 -1 109757 -4.1902378201484680e-02</internalNodes>
      <leafValues>
        -9.2307692766189575e-01 4.5255473256111145e-01</leafValues></_>
    <_>
      <internalNodes>
        0 -1 52254 -4.2743487283587456e-03</internalNodes>
      <leafValues>
        4.5433118939399719e-01 -3.8633018732070923e-01</leafValues></_>
    <_>
      <internalNodes>
        0 -1 82954 -1.4969839248806238e-03</internalNodes>
      <leafValues>
        1. -2.1235087513923645e-01</leafValues></_>
    <_>
      <internalNodes>
        0 -1 82351 1.9117835909128189e-03</internalNodes>
      <leafValues>
        -2.0884157717227936e-01 7.7776229381561279e-01</leafValues></_>
    <_>
      <internalNodes>
        0 -1 161163 1.2694024007942062e-05</internalNodes>
      <leafValues>
        -3.4333303570747375e-01 4.8324581980705261e-01</leafValues></_>
    <_>
      <internalNodes>
        0 -1 46158 9.0603865683078766e-03</internalNodes>
      <leafValues>
        2.7424368262290955e-01 -5.5250900983810425e-01</leafValues></_>
    <_>
      <internalNodes>
        0 -1 21667 2.5170339271426201e-02</internalNodes>
      <leafValues>
        -1.6139781475067139e-01 9.5103579759597778e-01</leafValues></_>
    <_>
      <internalNodes>
        0 -1 25908 -6.2385238707065582e-03</internalNodes>
      <leafValues>
        6.6469353437423706e-01 -2.0570494234561920e-01</leafValues></_>
    <_>
      <internalNodes>
        0 -1 157111 6.8189867306500673e-04</internalNodes>
      <leafValues>
        -2.3806995153427124e-01 5.9415149688720703e-01</leafValues></_></weakClassifiers></stage40>
</opencv_storage>
