<?xml version="1.0"?>
<opencv_storage>
<stage46>
  <maxWeakCount>6</maxWeakCount>
  <stageThreshold>-6.2170993536710739e-02</stageThreshold>
  <weakClassifiers>
    <_>
      <internalNodes>
        0 -1 121748 1.1670540273189545e-01</internalNodes>
      <leafValues>
        6.3063061237335205e-01 -5.1282054185867310e-01</leafValues></_>
    <_>
      <internalNodes>
        0 -1 79196 -3.3005356788635254e-02</internalNodes>
      <leafValues>
        8.6010640859603882e-01 -2.6667186617851257e-01</leafValues></_>
    <_>
      <internalNodes>
        0 -1 62981 -3.6338246427476406e-03</internalNodes>
      <leafValues>
        7.4908339977264404e-01 -3.0026865005493164e-01</leafValues></_>
    <_>
      <internalNodes>
        0 -1 143409 7.9713913146406412e-04</internalNodes>
      <leafValues>
        6.5039646625518799e-01 -3.5772243142127991e-01</leafValues></_>
    <_>
      <internalNodes>
        0 -1 10778 5.3427387028932571e-03</internalNodes>
      <leafValues>
        -3.0752009153366089e-01 7.7353388071060181e-01</leafValues></_>
    <_>
      <internalNodes>
        0 -1 37511 -3.4332666546106339e-03</internalNodes>
      <leafValues>
        6.3348048925399780e-01 -3.6188697814941406e-01</leafValues></_></weakClassifiers></stage46>
</opencv_storage>
