<?xml version="1.0"?>
<opencv_storage>
<stage48>
  <maxWeakCount>2</maxWeakCount>
  <stageThreshold>-3.0521833896636963e-01</stageThreshold>
  <weakClassifiers>
    <_>
      <internalNodes>
        0 -1 38301 6.5040634945034981e-03</internalNodes>
      <leafValues>
        6.8510639667510986e-01 -9.3846154212951660e-01</leafValues></_>
    <_>
      <internalNodes>
        0 -1 122323 -9.9357943981885910e-03</internalNodes>
      <leafValues>
        6.3324320316314697e-01 -4.5167842507362366e-01</leafValues></_></weakClassifiers></stage48>
</opencv_storage>
