<?xml version="1.0"?>
<opencv_storage>
<stage45>
  <maxWeakCount>9</maxWeakCount>
  <stageThreshold>-6.6701376438140869e-01</stageThreshold>
  <weakClassifiers>
    <_>
      <internalNodes>
        0 -1 16457 -3.2586395740509033e-02</internalNodes>
      <leafValues>
        -4.8051947355270386e-01 6.1434978246688843e-01</leafValues></_>
    <_>
      <internalNodes>
        0 -1 57227 -5.4952725768089294e-03</internalNodes>
      <leafValues>
        1. -1.3422423601150513e-01</leafValues></_>
    <_>
      <internalNodes>
        0 -1 33463 -2.1754056797362864e-04</internalNodes>
      <leafValues>
        -4.1670897603034973e-01 4.9582219123840332e-01</leafValues></_>
    <_>
      <internalNodes>
        0 -1 59809 -2.8000142425298691e-02</internalNodes>
      <leafValues>
        8.7357300519943237e-01 -1.5692842006683350e-01</leafValues></_>
    <_>
      <internalNodes>
        0 -1 76387 -2.9588732868432999e-03</internalNodes>
      <leafValues>
        8.3162760734558105e-01 -2.1722207963466644e-01</leafValues></_>
    <_>
      <internalNodes>
        0 -1 20506 -3.9698891341686249e-02</internalNodes>
      <leafValues>
        7.8955030441284180e-01 -2.5344315171241760e-01</leafValues></_>
    <_>
      <internalNodes>
        0 -1 151378 -8.6441621533595026e-05</internalNodes>
      <leafValues>
        6.0932910442352295e-01 -2.5814303755760193e-01</leafValues></_>
    <_>
      <internalNodes>
        0 -1 121245 -8.1100151874125004e-04</internalNodes>
      <leafValues>
        6.9232666492462158e-01 -2.9457327723503113e-01</leafValues></_>
    <_>
      <internalNodes>
        0 -1 156920 -5.7653628755360842e-04</internalNodes>
      <leafValues>
        6.9442790746688843e-01 -2.3525443673133850e-01</leafValues></_></weakClassifiers></stage45>
</opencv_storage>
