<?xml version="1.0"?>
<opencv_storage>
<stage35>
  <maxWeakCount>8</maxWeakCount>
  <stageThreshold>-3.2659274339675903e-01</stageThreshold>
  <weakClassifiers>
    <_>
      <internalNodes>
        0 -1 127691 1.6921418718993664e-03</internalNodes>
      <leafValues>
        -1.7142856493592262e-02 8.2400000095367432e-01</leafValues></_>
    <_>
      <internalNodes>
        0 -1 156686 -6.5082870423793793e-04</internalNodes>
      <leafValues>
        -3.2129883766174316e-01 5.7220554351806641e-01</leafValues></_>
    <_>
      <internalNodes>
        0 -1 59696 -1.8568811938166618e-03</internalNodes>
      <leafValues>
        6.6917777061462402e-01 -2.7854600548744202e-01</leafValues></_>
    <_>
      <internalNodes>
        0 -1 149906 -4.7616045922040939e-03</internalNodes>
      <leafValues>
        9.6486383676528931e-01 -1.5789532661437988e-01</leafValues></_>
    <_>
      <internalNodes>
        0 -1 6912 6.5318793058395386e-02</internalNodes>
      <leafValues>
        -1.5491692721843719e-01 9.3856537342071533e-01</leafValues></_>
    <_>
      <internalNodes>
        0 -1 118256 2.6869861176237464e-04</internalNodes>
      <leafValues>
        -2.8788924217224121e-01 5.8785420656204224e-01</leafValues></_>
    <_>
      <internalNodes>
        0 -1 98469 2.1321999374777079e-03</internalNodes>
      <leafValues>
        -2.7091708779335022e-01 7.3804408311843872e-01</leafValues></_>
    <_>
      <internalNodes>
        0 -1 38310 -2.6914179325103760e-02</internalNodes>
      <leafValues>
        -7.5249117612838745e-01 3.2087063789367676e-01</leafValues></_></weakClassifiers></stage35>
</opencv_storage>
