<?xml version="1.0"?>
<opencv_storage>
<stage36>
  <maxWeakCount>8</maxWeakCount>
  <stageThreshold>-7.0309680700302124e-01</stageThreshold>
  <weakClassifiers>
    <_>
      <internalNodes>
        0 -1 73703 1.0199473798274994e-01</internalNodes>
      <leafValues>
        -1.1235955171287060e-02 8.3606559038162231e-01</leafValues></_>
    <_>
      <internalNodes>
        0 -1 53697 -6.0213617980480194e-03</internalNodes>
      <leafValues>
        6.2317717075347900e-01 -2.5491014122962952e-01</leafValues></_>
    <_>
      <internalNodes>
        0 -1 112956 -2.4148677475750446e-03</internalNodes>
      <leafValues>
        3.6208736896514893e-01 -4.6337592601776123e-01</leafValues></_>
    <_>
      <internalNodes>
        0 -1 136687 -1.1365154059603810e-03</internalNodes>
      <leafValues>
        -5.5855923891067505e-01 2.6252791285514832e-01</leafValues></_>
    <_>
      <internalNodes>
        0 -1 131205 -1.7608630514587276e-05</internalNodes>
      <leafValues>
        5.8489173650741577e-01 -3.1263414025306702e-01</leafValues></_>
    <_>
      <internalNodes>
        0 -1 149217 2.7388669550418854e-03</internalNodes>
      <leafValues>
        -2.2659100592136383e-01 7.7087885141372681e-01</leafValues></_>
    <_>
      <internalNodes>
        0 -1 155229 3.2389722764492035e-03</internalNodes>
      <leafValues>
        2.5235694646835327e-01 -9.0756380558013916e-01</leafValues></_>
    <_>
      <internalNodes>
        0 -1 134794 -6.1757648363709450e-03</internalNodes>
      <leafValues>
        -4.6207854151725769e-01 4.4305047392845154e-01</leafValues></_></weakClassifiers></stage36>
</opencv_storage>
