<?xml version="1.0"?>
<opencv_storage>
<stage32>
  <maxWeakCount>5</maxWeakCount>
  <stageThreshold>-6.6930758953094482e-01</stageThreshold>
  <weakClassifiers>
    <_>
      <internalNodes>
        0 -1 140994 -2.4840876460075378e-02</internalNodes>
      <leafValues>
        -7.2093021869659424e-01 5.0972759723663330e-01</leafValues></_>
    <_>
      <internalNodes>
        0 -1 65012 -1.4972540549933910e-02</internalNodes>
      <leafValues>
        -6.2783747911453247e-01 3.5915964841842651e-01</leafValues></_>
    <_>
      <internalNodes>
        0 -1 33101 6.7216446623206139e-03</internalNodes>
      <leafValues>
        -3.1073185801506042e-01 6.1198568344116211e-01</leafValues></_>
    <_>
      <internalNodes>
        0 -1 140517 -1.5751479659229517e-03</internalNodes>
      <leafValues>
        -5.2406132221221924e-01 2.7608281373977661e-01</leafValues></_>
    <_>
      <internalNodes>
        0 -1 90636 1.4784614322707057e-03</internalNodes>
      <leafValues>
        -2.7288797497749329e-01 5.2137225866317749e-01</leafValues></_></weakClassifiers></stage32>
</opencv_storage>
