<?xml version="1.0"?>
<opencv_storage>
<stage38>
  <maxWeakCount>8</maxWeakCount>
  <stageThreshold>-5.4994362592697144e-01</stageThreshold>
  <weakClassifiers>
    <_>
      <internalNodes>
        0 -1 134865 -4.7261215746402740e-02</internalNodes>
      <leafValues>
        -4.6564885973930359e-01 5.5650317668914795e-01</leafValues></_>
    <_>
      <internalNodes>
        0 -1 147940 -2.7192598208785057e-03</internalNodes>
      <leafValues>
        7.3720437288284302e-01 -1.8121923506259918e-01</leafValues></_>
    <_>
      <internalNodes>
        0 -1 86738 -1.4403136447072029e-03</internalNodes>
      <leafValues>
        7.3570317029953003e-01 -1.7447224259376526e-01</leafValues></_>
    <_>
      <internalNodes>
        0 -1 150399 -2.0871032029390335e-03</internalNodes>
      <leafValues>
        -4.8053547739982605e-01 2.8558364510536194e-01</leafValues></_>
    <_>
      <internalNodes>
        0 -1 87390 1.6718388069421053e-03</internalNodes>
      <leafValues>
        -2.2758097946643829e-01 5.6874382495880127e-01</leafValues></_>
    <_>
      <internalNodes>
        0 -1 123466 1.3149951118975878e-03</internalNodes>
      <leafValues>
        6.1568182706832886e-01 -2.4528025090694427e-01</leafValues></_>
    <_>
      <internalNodes>
        0 -1 154201 -2.6152374222874641e-02</internalNodes>
      <leafValues>
        8.3624273538589478e-01 -1.3593398034572601e-01</leafValues></_>
    <_>
      <internalNodes>
        0 -1 62161 -1.6173364594578743e-02</internalNodes>
      <leafValues>
        5.9460824728012085e-01 -1.9324585795402527e-01</leafValues></_></weakClassifiers></stage38>
</opencv_storage>
