<?xml version="1.0"?>
<opencv_storage>
<stage36>
  <maxWeakCount>11</maxWeakCount>
  <stageThreshold>-5.3382980823516846e-01</stageThreshold>
  <weakClassifiers>
    <_>
      <internalNodes>
        0 -1 15304 -3.9971399307250977e-01</internalNodes>
      <leafValues>
        -9.0909093618392944e-01 4.8689138889312744e-01</leafValues></_>
    <_>
      <internalNodes>
        0 -1 72520 9.0796574950218201e-03</internalNodes>
      <leafValues>
        -3.3790820837020874e-01 4.7893416881561279e-01</leafValues></_>
    <_>
      <internalNodes>
        0 -1 9444 -3.6371828173287213e-04</internalNodes>
      <leafValues>
        -4.6440047025680542e-01 3.4058859944343567e-01</leafValues></_>
    <_>
      <internalNodes>
        0 -1 61513 -3.0889564659446478e-03</internalNodes>
      <leafValues>
        6.3389670848846436e-01 -2.6226699352264404e-01</leafValues></_>
    <_>
      <internalNodes>
        0 -1 109125 1.5295552657335065e-05</internalNodes>
      <leafValues>
        -3.1716504693031311e-01 4.8629945516586304e-01</leafValues></_>
    <_>
      <internalNodes>
        0 -1 115158 -4.1584554128348827e-03</internalNodes>
      <leafValues>
        2.8940990567207336e-01 -4.3021419644355774e-01</leafValues></_>
    <_>
      <internalNodes>
        0 -1 80689 3.3115946280304343e-05</internalNodes>
      <leafValues>
        -2.6465597748756409e-01 4.8344868421554565e-01</leafValues></_>
    <_>
      <internalNodes>
        0 -1 58518 3.3559370785951614e-03</internalNodes>
      <leafValues>
        -1.9184654951095581e-01 7.8825092315673828e-01</leafValues></_>
    <_>
      <internalNodes>
        0 -1 13215 1.2923486065119505e-03</internalNodes>
      <leafValues>
        2.3847399652004242e-01 -6.1151748895645142e-01</leafValues></_>
    <_>
      <internalNodes>
        0 -1 147936 3.7144409725442529e-04</internalNodes>
      <leafValues>
        -2.1075133979320526e-01 7.1868169307708740e-01</leafValues></_>
    <_>
      <internalNodes>
        0 -1 157671 4.2791040614247322e-03</internalNodes>
      <leafValues>
        -2.4335736036300659e-01 5.0038951635360718e-01</leafValues></_></weakClassifiers></stage36>
</opencv_storage>
