<?xml version="1.0"?>
<opencv_storage>
<stage35>
  <maxWeakCount>10</maxWeakCount>
  <stageThreshold>-9.9130821228027344e-01</stageThreshold>
  <weakClassifiers>
    <_>
      <internalNodes>
        0 -1 142994 -9.3819648027420044e-03</internalNodes>
      <leafValues>
        -5.6818181276321411e-01 4.8828125000000000e-01</leafValues></_>
    <_>
      <internalNodes>
        0 -1 133695 -1.5734266489744186e-03</internalNodes>
      <leafValues>
        5.4468905925750732e-01 -2.4534574151039124e-01</leafValues></_>
    <_>
      <internalNodes>
        0 -1 162179 2.5308765470981598e-03</internalNodes>
      <leafValues>
        3.0123287439346313e-01 -4.8416116833686829e-01</leafValues></_>
    <_>
      <internalNodes>
        0 -1 47067 -2.7394006028771400e-03</internalNodes>
      <leafValues>
        6.0631859302520752e-01 -2.3444464802742004e-01</leafValues></_>
    <_>
      <internalNodes>
        0 -1 82278 1.2212712317705154e-03</internalNodes>
      <leafValues>
        -2.0016069710254669e-01 7.1584516763687134e-01</leafValues></_>
    <_>
      <internalNodes>
        0 -1 90555 9.8077952861785889e-04</internalNodes>
      <leafValues>
        -1.6068159043788910e-01 7.4137336015701294e-01</leafValues></_>
    <_>
      <internalNodes>
        0 -1 162064 -1.4360997738549486e-05</internalNodes>
      <leafValues>
        3.9955258369445801e-01 -3.0952727794647217e-01</leafValues></_>
    <_>
      <internalNodes>
        0 -1 147934 3.3417018130421638e-04</internalNodes>
      <leafValues>
        -1.9342750310897827e-01 6.3480722904205322e-01</leafValues></_>
    <_>
      <internalNodes>
        0 -1 157229 1.9426201470196247e-03</internalNodes>
      <leafValues>
        -2.3109202086925507e-01 5.3178596496582031e-01</leafValues></_>
    <_>
      <internalNodes>
        0 -1 96916 -3.1547740101814270e-02</internalNodes>
      <leafValues>
        5.7091391086578369e-01 -2.4898359179496765e-01</leafValues></_></weakClassifiers></stage35>
</opencv_storage>
