<?xml version="1.0"?>
<opencv_storage>
<stage37>
  <maxWeakCount>4</maxWeakCount>
  <stageThreshold>-7.6517152786254883e-01</stageThreshold>
  <weakClassifiers>
    <_>
      <internalNodes>
        0 -1 161795 2.4134926497936249e-03</internalNodes>
      <leafValues>
        6.8141591548919678e-01 -7.2972971200942993e-01</leafValues></_>
    <_>
      <internalNodes>
        0 -1 76836 -8.7409710977226496e-04</internalNodes>
      <leafValues>
        -4.7225973010063171e-01 5.3924316167831421e-01</leafValues></_>
    <_>
      <internalNodes>
        0 -1 70310 -1.8313489854335785e-02</internalNodes>
      <leafValues>
        1. -1.7207087576389313e-01</leafValues></_>
    <_>
      <internalNodes>
        0 -1 10271 1.4584553427994251e-03</internalNodes>
      <leafValues>
        -3.4656330943107605e-01 6.0888880491256714e-01</leafValues></_></weakClassifiers></stage37>
</opencv_storage>
