<?xml version="1.0"?>
<opencv_storage>
<stage30>
  <maxWeakCount>15</maxWeakCount>
  <stageThreshold>-6.5107208490371704e-01</stageThreshold>
  <weakClassifiers>
    <_>
      <internalNodes>
        0 -1 110021 3.8561902940273285e-02</internalNodes>
      <leafValues>
        -3.8167938590049744e-02 6.2130177021026611e-01</leafValues></_>
    <_>
      <internalNodes>
        0 -1 143980 3.2518673106096685e-04</internalNodes>
      <leafValues>
        -2.6730969548225403e-01 3.8430011272430420e-01</leafValues></_>
    <_>
      <internalNodes>
        0 -1 98523 -1.4250439126044512e-03</internalNodes>
      <leafValues>
        7.8464448451995850e-01 -1.4138613641262054e-01</leafValues></_>
    <_>
      <internalNodes>
        0 -1 89701 3.2571936026215553e-03</internalNodes>
      <leafValues>
        -1.5232932567596436e-01 7.2792774438858032e-01</leafValues></_>
    <_>
      <internalNodes>
        0 -1 100632 3.3292323350906372e-03</internalNodes>
      <leafValues>
        1.4622986316680908e-01 -7.6522201299667358e-01</leafValues></_>
    <_>
      <internalNodes>
        0 -1 113006 -4.7311414033174515e-02</internalNodes>
      <leafValues>
        9.2767214775085449e-01 -1.1974145472049713e-01</leafValues></_>
    <_>
      <internalNodes>
        0 -1 52187 6.0332757420837879e-03</internalNodes>
      <leafValues>
        -1.5569075942039490e-01 5.6868714094161987e-01</leafValues></_>
    <_>
      <internalNodes>
        0 -1 87918 2.9568169265985489e-03</internalNodes>
      <leafValues>
        -1.4076966047286987e-01 5.8882474899291992e-01</leafValues></_>
    <_>
      <internalNodes>
        0 -1 120727 -7.3996908031404018e-04</internalNodes>
      <leafValues>
        3.6593368649482727e-01 -2.7206680178642273e-01</leafValues></_>
    <_>
      <internalNodes>
        0 -1 155859 5.7034287601709366e-04</internalNodes>
      <leafValues>
        -2.3182563483715057e-01 4.3305754661560059e-01</leafValues></_>
    <_>
      <internalNodes>
        0 -1 128042 2.0776046440005302e-03</internalNodes>
      <leafValues>
        -8.3325237035751343e-02 9.5131188631057739e-01</leafValues></_>
    <_>
      <internalNodes>
        0 -1 34998 -8.8573740795254707e-03</internalNodes>
      <leafValues>
        7.1915054321289063e-01 -1.0158384591341019e-01</leafValues></_>
    <_>
      <internalNodes>
        0 -1 4608 -5.6662559509277344e-03</internalNodes>
      <leafValues>
        2.3717810213565826e-01 -4.2337116599082947e-01</leafValues></_>
    <_>
      <internalNodes>
        0 -1 110123 -7.3330075247213244e-04</internalNodes>
      <leafValues>
        -6.4268934726715088e-01 1.5553687512874603e-01</leafValues></_>
    <_>
      <internalNodes>
        0 -1 106757 3.3436091616749763e-03</internalNodes>
      <leafValues>
        -1.4529013633728027e-01 7.8244692087173462e-01</leafValues></_></weakClassifiers></stage30>
</opencv_storage>
