<?xml version="1.0"?>
<opencv_storage>
<stage39>
  <maxWeakCount>2</maxWeakCount>
  <stageThreshold>-2.7242133021354675e-01</stageThreshold>
  <weakClassifiers>
    <_>
      <internalNodes>
        0 -1 107283 2.6864951848983765e-01</internalNodes>
      <leafValues>
        6.8898487091064453e-01 -8.6861312389373779e-01</leafValues></_>
    <_>
      <internalNodes>
        0 -1 15277 -1.4725318178534508e-02</internalNodes>
      <leafValues>
        5.9619182348251343e-01 -5.2025437355041504e-01</leafValues></_></weakClassifiers></stage39>
</opencv_storage>
