<?xml version="1.0"?>
<opencv_storage>
<stage31>
  <maxWeakCount>14</maxWeakCount>
  <stageThreshold>-7.1416229009628296e-01</stageThreshold>
  <weakClassifiers>
    <_>
      <internalNodes>
        0 -1 130892 2.1163420751690865e-03</internalNodes>
      <leafValues>
        4.4547134637832642e-01 -6.9491523504257202e-01</leafValues></_>
    <_>
      <internalNodes>
        0 -1 98538 -3.3497381955385208e-03</internalNodes>
      <leafValues>
        9.2033690214157104e-01 -8.9222654700279236e-02</leafValues></_>
    <_>
      <internalNodes>
        0 -1 92662 2.7372684329748154e-02</internalNodes>
      <leafValues>
        -1.8274946510791779e-01 6.6910761594772339e-01</leafValues></_>
    <_>
      <internalNodes>
        0 -1 121269 1.2546947225928307e-02</internalNodes>
      <leafValues>
        -1.3958445191383362e-01 8.5732054710388184e-01</leafValues></_>
    <_>
      <internalNodes>
        0 -1 145175 2.4318695068359375e-03</internalNodes>
      <leafValues>
        -1.3632829487323761e-01 7.0866137742996216e-01</leafValues></_>
    <_>
      <internalNodes>
        0 -1 131414 -2.4408096447587013e-02</internalNodes>
      <leafValues>
        7.9232263565063477e-01 -1.2954115867614746e-01</leafValues></_>
    <_>
      <internalNodes>
        0 -1 151267 -7.0223333314061165e-03</internalNodes>
      <leafValues>
        6.1739218235015869e-01 -1.3618168234825134e-01</leafValues></_>
    <_>
      <internalNodes>
        0 -1 113279 -9.4214670360088348e-02</internalNodes>
      <leafValues>
        -9.3121963739395142e-01 1.6410955786705017e-01</leafValues></_>
    <_>
      <internalNodes>
        0 -1 119225 2.2261001169681549e-02</internalNodes>
      <leafValues>
        -2.8872334957122803e-01 3.8929080963134766e-01</leafValues></_>
    <_>
      <internalNodes>
        0 -1 62919 -2.8773136436939240e-03</internalNodes>
      <leafValues>
        6.2958663702011108e-01 -1.2977626919746399e-01</leafValues></_>
    <_>
      <internalNodes>
        0 -1 18144 -9.5443520694971085e-03</internalNodes>
      <leafValues>
        7.1627599000930786e-01 -1.5506233274936676e-01</leafValues></_>
    <_>
      <internalNodes>
        0 -1 49143 -3.2803410431370139e-04</internalNodes>
      <leafValues>
        -4.6500325202941895e-01 2.6065993309020996e-01</leafValues></_>
    <_>
      <internalNodes>
        0 -1 82351 2.3106385488063097e-03</internalNodes>
      <leafValues>
        -2.2061604261398315e-01 5.4456919431686401e-01</leafValues></_>
    <_>
      <internalNodes>
        0 -1 162203 -7.8180637210607529e-03</internalNodes>
      <leafValues>
        4.9018925428390503e-01 -1.7281810939311981e-01</leafValues></_></weakClassifiers></stage31>
</opencv_storage>
