<?xml version="1.0"?>
<opencv_storage>
<stage33>
  <maxWeakCount>9</maxWeakCount>
  <stageThreshold>-4.2842507362365723e-01</stageThreshold>
  <weakClassifiers>
    <_>
      <internalNodes>
        0 -1 157553 1.9620664417743683e-02</internalNodes>
      <leafValues>
        4.8872181773185730e-01 -8.8235294818878174e-01</leafValues></_>
    <_>
      <internalNodes>
        0 -1 151729 1.3028721150476485e-04</internalNodes>
      <leafValues>
        -3.3947125077247620e-01 5.0834327936172485e-01</leafValues></_>
    <_>
      <internalNodes>
        0 -1 115624 -1.1387958191335201e-02</internalNodes>
      <leafValues>
        -5.7074540853500366e-01 2.6671600341796875e-01</leafValues></_>
    <_>
      <internalNodes>
        0 -1 154526 1.1152781080454588e-03</internalNodes>
      <leafValues>
        -2.0022295415401459e-01 8.8139963150024414e-01</leafValues></_>
    <_>
      <internalNodes>
        0 -1 53689 5.2001262083649635e-03</internalNodes>
      <leafValues>
        -2.3867554962635040e-01 5.6519573926925659e-01</leafValues></_>
    <_>
      <internalNodes>
        0 -1 58173 -1.0409248992800713e-02</internalNodes>
      <leafValues>
        7.4460184574127197e-01 -1.8340504169464111e-01</leafValues></_>
    <_>
      <internalNodes>
        0 -1 7288 7.3379017412662506e-02</internalNodes>
      <leafValues>
        -2.3134642839431763e-01 4.7118368744850159e-01</leafValues></_>
    <_>
      <internalNodes>
        0 -1 141624 -1.3653394489665516e-05</internalNodes>
      <leafValues>
        3.6104083061218262e-01 -3.8837298750877380e-01</leafValues></_>
    <_>
      <internalNodes>
        0 -1 143628 -4.9327337183058262e-04</internalNodes>
      <leafValues>
        5.4882484674453735e-01 -2.7130869030952454e-01</leafValues></_></weakClassifiers></stage33>
</opencv_storage>
