<?xml version="1.0"?>
<opencv_storage>
<cascade>
  <stageType>BOOST</stageType>
  <featureType>HAAR</featureType>
  <height>24</height>
  <width>24</width>
  <stageParams>
    <boostType>GAB</boostType>
    <minHitRate>9.9500000476837158e-01</minHitRate>
    <maxFalseAlarm>5.0000000000000000e-01</maxFalseAlarm>
    <weightTrimRate>9.4999999999999996e-01</weightTrimRate>
    <maxDepth>1</maxDepth>
    <maxWeakCount>100</maxWeakCount></stageParams>
  <featureParams>
    <maxCatCount>0</maxCatCount>
    <featSize>1</featSize>
    <mode>BASIC</mode></featureParams>
  <stageNum>10</stageNum>
  <stages>
    <!-- stage 0 -->
    <_>
      <maxWeakCount>7</maxWeakCount>
      <stageThreshold>-7.8399193286895752e-01</stageThreshold>
      <weakClassifiers>
        <_>
          <internalNodes>
            0 -1 46 3.5885259509086609e-02</internalNodes>
          <leafValues>
            -2.8985506296157837e-01 8.6419755220413208e-01</leafValues></_>
        <_>
          <internalNodes>
            0 -1 88 -3.9412289857864380e-02</internalNodes>
          <leafValues>
            7.2085076570510864e-01 -3.1675416231155396e-01</leafValues></_>
        <_>
          <internalNodes>
            0 -1 86 8.5722783114761114e-04</internalNodes>
          <leafValues>
            -3.1170234084129333e-01 7.6652324199676514e-01</leafValues></_>
        <_>
          <internalNodes>
            0 -1 43 -1.5261374413967133e-02</internalNodes>
          <leafValues>
            6.5999245643615723e-01 -3.9574617147445679e-01</leafValues></_>
        <_>
          <internalNodes>
            0 -1 62 -3.0141223687678576e-03</internalNodes>
          <leafValues>
            -9.5791125297546387e-01 2.8207740187644958e-01</leafValues></_>
        <_>
          <internalNodes>
            0 -1 26 6.0743093490600586e-03</internalNodes>
          <leafValues>
            -3.7199518084526062e-01 7.6322662830352783e-01</leafValues></_>
        <_>
          <internalNodes>
            0 -1 53 -6.0923849232494831e-03</internalNodes>
          <leafValues>
            6.1998361349105835e-01 -3.7529623508453369e-01</leafValues></_></weakClassifiers></_>
    <!-- stage 1 -->
    <_>
      <maxWeakCount>9</maxWeakCount>
      <stageThreshold>-9.4828778505325317e-01</stageThreshold>
      <weakClassifiers>
        <_>
          <internalNodes>
            0 -1 43 -1.3194853439927101e-02</internalNodes>
          <leafValues>
            7.9008746147155762e-01 -2.7626457810401917e-01</leafValues></_>
        <_>
          <internalNodes>
            0 -1 84 4.9187969416379929e-03</internalNodes>
          <leafValues>
            -2.5231599807739258e-01 7.8709995746612549e-01</leafValues></_>
        <_>
          <internalNodes>
            0 -1 51 -2.0257456228137016e-02</internalNodes>
          <leafValues>
            5.6896406412124634e-01 -3.8839030265808105e-01</leafValues></_>
        <_>
          <internalNodes>
            0 -1 22 3.0552145093679428e-02</internalNodes>
          <leafValues>
            -3.3069089055061340e-01 6.5080261230468750e-01</leafValues></_>
        <_>
          <internalNodes>
            0 -1 85 1.5333816409111023e-03</internalNodes>
          <leafValues>
            -2.0414303243160248e-01 7.1500724554061890e-01</leafValues></_>
        <_>
          <internalNodes>
            0 -1 66 -1.7313563730567694e-03</internalNodes>
          <leafValues>
            5.8335471153259277e-01 -2.9060566425323486e-01</leafValues></_>
        <_>
          <internalNodes>
            0 -1 10 -1.5565802343189716e-02</internalNodes>
          <leafValues>
            7.2943389415740967e-01 -2.6806616783142090e-01</leafValues></_>
        <_>
          <internalNodes>
            0 -1 36 -4.6278662048280239e-03</internalNodes>
          <leafValues>
            5.4589766263961792e-01 -3.0156284570693970e-01</leafValues></_>
        <_>
          <internalNodes>
            0 -1 65 -1.1710937542375177e-04</internalNodes>
          <leafValues>
            5.1629114151000977e-01 -3.5232970118522644e-01</leafValues></_></weakClassifiers></_>
    <!-- stage 2 -->
    <_>
      <maxWeakCount>9</maxWeakCount>
      <stageThreshold>-5.3253841400146484e-01</stageThreshold>
      <weakClassifiers>
        <_>
          <internalNodes>
            0 -1 2 -1.0461034253239632e-02</internalNodes>
          <leafValues>
            7.2173911333084106e-01 -1.9215686619281769e-01</leafValues></_>
        <_>
          <internalNodes>
            0 -1 59 2.4051280692219734e-02</internalNodes>
          <leafValues>
            -2.5872603058815002e-01 7.5335544347763062e-01</leafValues></_>
        <_>
          <internalNodes>
            0 -1 79 -1.8704248359426856e-03</internalNodes>
          <leafValues>
            6.1312043666839600e-01 -2.7405184507369995e-01</leafValues></_>
        <_>
          <internalNodes>
            0 -1 92 -8.4995701909065247e-03</internalNodes>
          <leafValues>
            6.2661397457122803e-01 -2.6713308691978455e-01</leafValues></_>
        <_>
          <internalNodes>
            0 -1 14 -1.4468317851424217e-02</internalNodes>
          <leafValues>
            5.3150999546051025e-01 -2.8691267967224121e-01</leafValues></_>
        <_>
          <internalNodes>
            0 -1 52 -2.5652302429080009e-03</internalNodes>
          <leafValues>
            -7.5645333528518677e-01 2.2105963528156281e-01</leafValues></_>
        <_>
          <internalNodes>
            0 -1 38 7.3837931267917156e-04</internalNodes>
          <leafValues>
            -2.2858063876628876e-01 6.4982563257217407e-01</leafValues></_>
        <_>
          <internalNodes>
            0 -1 39 -1.7338700126856565e-03</internalNodes>
          <leafValues>
            8.2147979736328125e-01 -1.8730019032955170e-01</leafValues></_>
        <_>
          <internalNodes>
            0 -1 61 -6.6850511357188225e-03</internalNodes>
          <leafValues>
            -7.7178490161895752e-01 2.0660650730133057e-01</leafValues></_></weakClassifiers></_>
    <!-- stage 3 -->
    <_>
      <maxWeakCount>9</maxWeakCount>
      <stageThreshold>-5.4137516021728516e-01</stageThreshold>
      <weakClassifiers>
        <_>
          <internalNodes>
            0 -1 6 -9.8839607089757919e-03</internalNodes>
          <leafValues>
            6.4986735582351685e-01 -2.0179371535778046e-01</leafValues></_>
        <_>
          <internalNodes>
            0 -1 8 1.4053244888782501e-01</internalNodes>
          <leafValues>
            -2.3821467161178589e-01 6.4294439554214478e-01</leafValues></_>
        <_>
          <internalNodes>
            0 -1 21 -1.0618777945637703e-02</internalNodes>
          <leafValues>
            6.8617236614227295e-01 -2.0565301179885864e-01</leafValues></_>
        <_>
          <internalNodes>
            0 -1 76 -2.5381981395184994e-03</internalNodes>
          <leafValues>
            4.5982682704925537e-01 -3.9300894737243652e-01</leafValues></_>
        <_>
          <internalNodes>
            0 -1 30 -3.8895763456821442e-02</internalNodes>
          <leafValues>
            4.5950487256050110e-01 -3.3717271685600281e-01</leafValues></_>
        <_>
          <internalNodes>
            0 -1 90 -2.8648891020566225e-03</internalNodes>
          <leafValues>
            4.3070176243782043e-01 -3.2474720478057861e-01</leafValues></_>
        <_>
          <internalNodes>
            0 -1 35 -1.1652316898107529e-02</internalNodes>
          <leafValues>
            8.1675320863723755e-01 -1.1915220320224762e-01</leafValues></_>
        <_>
          <internalNodes>
            0 -1 73 -1.8074521794915199e-03</internalNodes>
          <leafValues>
            7.9741537570953369e-01 -1.7280779778957367e-01</leafValues></_>
        <_>
          <internalNodes>
            0 -1 27 6.3672225223854184e-04</internalNodes>
          <leafValues>
            -1.5710961818695068e-01 7.8335362672805786e-01</leafValues></_></weakClassifiers></_>
    <!-- stage 4 -->
    <_>
      <maxWeakCount>14</maxWeakCount>
      <stageThreshold>-6.0835623741149902e-01</stageThreshold>
      <weakClassifiers>
        <_>
          <internalNodes>
            0 -1 32 5.6423261761665344e-02</internalNodes>
          <leafValues>
            -9.7222223877906799e-02 7.3076921701431274e-01</leafValues></_>
        <_>
          <internalNodes>
            0 -1 29 -3.3269403502345085e-03</internalNodes>
          <leafValues>
            6.1259061098098755e-01 -2.4606375396251678e-01</leafValues></_>
        <_>
          <internalNodes>
            0 -1 87 2.4562299950048327e-04</internalNodes>
          <leafValues>
            -3.2375276088714600e-01 5.2971911430358887e-01</leafValues></_>
        <_>
          <internalNodes>
            0 -1 68 -7.6495289802551270e-02</internalNodes>
          <leafValues>
            5.3548479080200195e-01 -2.8931236267089844e-01</leafValues></_>
        <_>
          <internalNodes>
            0 -1 44 -1.7536429688334465e-02</internalNodes>
          <leafValues>
            -5.3891223669052124e-01 2.2423706948757172e-01</leafValues></_>
        <_>
          <internalNodes>
            0 -1 82 1.6335353720933199e-03</internalNodes>
          <leafValues>
            -3.1100443005561829e-01 4.1079735755920410e-01</leafValues></_>
        <_>
          <internalNodes>
            0 -1 89 1.5929064247757196e-03</internalNodes>
          <leafValues>
            -2.0140296220779419e-01 6.1917543411254883e-01</leafValues></_>
        <_>
          <internalNodes>
            0 -1 83 -8.1059727817773819e-03</internalNodes>
          <leafValues>
            4.4859334826469421e-01 -3.0089226365089417e-01</leafValues></_>
        <_>
          <internalNodes>
            0 -1 1 -6.8787328898906708e-02</internalNodes>
          <leafValues>
            4.3460080027580261e-01 -2.8977298736572266e-01</leafValues></_>
        <_>
          <internalNodes>
            0 -1 15 -3.9991042576730251e-03</internalNodes>
          <leafValues>
            5.8141088485717773e-01 -2.2052496671676636e-01</leafValues></_>
        <_>
          <internalNodes>
            0 -1 80 2.2776852711103857e-04</internalNodes>
          <leafValues>
            2.2785939276218414e-01 -5.8107656240463257e-01</leafValues></_>
        <_>
          <internalNodes>
            0 -1 74 1.6687778756022453e-02</internalNodes>
          <leafValues>
            1.3498742878437042e-01 -7.6730775833129883e-01</leafValues></_>
        <_>
          <internalNodes>
            0 -1 105 -9.7705109510570765e-04</internalNodes>
          <leafValues>
            6.0221797227859497e-01 -2.3152343928813934e-01</leafValues></_>
        <_>
          <internalNodes>
            0 -1 78 3.4328515175729990e-03</internalNodes>
          <leafValues>
            -1.7498378455638885e-01 5.9423023462295532e-01</leafValues></_></weakClassifiers></_>
    <!-- stage 5 -->
    <_>
      <maxWeakCount>13</maxWeakCount>
      <stageThreshold>-5.5137342214584351e-01</stageThreshold>
      <weakClassifiers>
        <_>
          <internalNodes>
            0 -1 72 -8.0623409303370863e-05</internalNodes>
          <leafValues>
            5.4545456171035767e-01 -2.5000000000000000e-01</leafValues></_>
        <_>
          <internalNodes>
            0 -1 37 -1.7936030402779579e-02</internalNodes>
          <leafValues>
            4.8603788018226624e-01 -2.9793033003807068e-01</leafValues></_>
        <_>
          <internalNodes>
            0 -1 59 2.2056914865970612e-02</internalNodes>
          <leafValues>
            -2.9669675230979919e-01 5.0054019689559937e-01</leafValues></_>
        <_>
          <internalNodes>
            0 -1 28 -1.6602873802185059e-03</internalNodes>
          <leafValues>
            8.2530128955841064e-01 -1.3562074303627014e-01</leafValues></_>
        <_>
          <internalNodes>
            0 -1 36 -1.6788577660918236e-02</internalNodes>
          <leafValues>
            8.0500876903533936e-01 -1.5278790891170502e-01</leafValues></_>
        <_>
          <internalNodes>
            0 -1 25 -3.3573526889085770e-02</internalNodes>
          <leafValues>
            5.0711548328399658e-01 -2.3840434849262238e-01</leafValues></_>
        <_>
          <internalNodes>
            0 -1 3 5.6072447448968887e-02</internalNodes>
          <leafValues>
            -1.7147529125213623e-01 6.3652342557907104e-01</leafValues></_>
        <_>
          <internalNodes>
            0 -1 7 -2.2988034412264824e-02</internalNodes>
          <leafValues>
            6.0841041803359985e-01 -2.1387095749378204e-01</leafValues></_>
        <_>
          <internalNodes>
            0 -1 63 -1.2527822982519865e-03</internalNodes>
          <leafValues>
            -4.2185851931571960e-01 3.4267982840538025e-01</leafValues></_>
        <_>
          <internalNodes>
            0 -1 99 -7.2574667865410447e-04</internalNodes>
          <leafValues>
            5.9591454267501831e-01 -2.3894584178924561e-01</leafValues></_>
        <_>
          <internalNodes>
            0 -1 93 -6.8574678152799606e-04</internalNodes>
          <leafValues>
            6.9115537405014038e-01 -1.5838862955570221e-01</leafValues></_>
        <_>
          <internalNodes>
            0 -1 9 -2.4078190326690674e-02</internalNodes>
          <leafValues>
            8.3655542135238647e-01 -1.0989013314247131e-01</leafValues></_>
        <_>
          <internalNodes>
            0 -1 101 1.9075212767347693e-03</internalNodes>
          <leafValues>
            -1.7101663351058960e-01 6.1964714527130127e-01</leafValues></_></weakClassifiers></_>
    <!-- stage 6 -->
    <_>
      <maxWeakCount>11</maxWeakCount>
      <stageThreshold>-7.4206745624542236e-01</stageThreshold>
      <weakClassifiers>
        <_>
          <internalNodes>
            0 -1 60 -2.1925631444901228e-03</internalNodes>
          <leafValues>
            6.8666666746139526e-01 -1.9999999552965164e-02</leafValues></_>
        <_>
          <internalNodes>
            0 -1 86 8.7986554717645049e-04</internalNodes>
          <leafValues>
            -2.7625066041946411e-01 4.6109497547149658e-01</leafValues></_>
        <_>
          <internalNodes>
            0 -1 77 -3.9847154170274734e-02</internalNodes>
          <leafValues>
            3.3834511041641235e-01 -3.7260779738426208e-01</leafValues></_>
        <_>
          <internalNodes>
            0 -1 108 -2.5373131036758423e-02</internalNodes>
          <leafValues>
            -7.6683562994003296e-01 1.7855596542358398e-01</leafValues></_>
        <_>
          <internalNodes>
            0 -1 20 5.9813866391777992e-03</internalNodes>
          <leafValues>
            -2.5990843772888184e-01 5.7208532094955444e-01</leafValues></_>
        <_>
          <internalNodes>
            0 -1 45 5.6785363703966141e-03</internalNodes>
          <leafValues>
            -2.2621046006679535e-01 5.4357486963272095e-01</leafValues></_>
        <_>
          <internalNodes>
            0 -1 47 -1.0164919309318066e-02</internalNodes>
          <leafValues>
            5.7611769437789917e-01 -2.2127224504947662e-01</leafValues></_>
        <_>
          <internalNodes>
            0 -1 41 3.4188642166554928e-03</internalNodes>
          <leafValues>
            -1.5591724216938019e-01 6.6575527191162109e-01</leafValues></_>
        <_>
          <internalNodes>
            0 -1 70 -5.6212237104773521e-03</internalNodes>
          <leafValues>
            6.2749731540679932e-01 -1.9682151079177856e-01</leafValues></_>
        <_>
          <internalNodes>
            0 -1 106 1.2573036365211010e-03</internalNodes>
          <leafValues>
            -1.3091088831424713e-01 7.5709491968154907e-01</leafValues></_>
        <_>
          <internalNodes>
            0 -1 91 8.7245265021920204e-03</internalNodes>
          <leafValues>
            1.6949048638343811e-01 -6.9894820451736450e-01</leafValues></_></weakClassifiers></_>
    <!-- stage 7 -->
    <_>
      <maxWeakCount>13</maxWeakCount>
      <stageThreshold>-5.9422355890274048e-01</stageThreshold>
      <weakClassifiers>
        <_>
          <internalNodes>
            0 -1 94 -2.0714510232210159e-02</internalNodes>
          <leafValues>
            6.0204082727432251e-01 -1.7307692766189575e-01</leafValues></_>
        <_>
          <internalNodes>
            0 -1 17 -1.8932290375232697e-02</internalNodes>
          <leafValues>
            6.0095882415771484e-01 -1.6893184185028076e-01</leafValues></_>
        <_>
          <internalNodes>
            0 -1 40 -1.7819006461650133e-03</internalNodes>
          <leafValues>
            7.6458734273910522e-01 -1.3022924959659576e-01</leafValues></_>
        <_>
          <internalNodes>
            0 -1 4 1.7230771481990814e-02</internalNodes>
          <leafValues>
            -1.6447043418884277e-01 8.5698807239532471e-01</leafValues></_>
        <_>
          <internalNodes>
            0 -1 104 2.6118820533156395e-03</internalNodes>
          <leafValues>
            -1.5517576038837433e-01 6.2247145175933838e-01</leafValues></_>
        <_>
          <internalNodes>
            0 -1 48 1.2321180292929057e-05</internalNodes>
          <leafValues>
            -3.2414698600769043e-01 3.9922937750816345e-01</leafValues></_>
        <_>
          <internalNodes>
            0 -1 0 -2.3043610155582428e-02</internalNodes>
          <leafValues>
            6.8201339244842529e-01 -1.8995620310306549e-01</leafValues></_>
        <_>
          <internalNodes>
            0 -1 102 2.1344902925193310e-03</internalNodes>
          <leafValues>
            -1.9111438095569611e-01 6.1325240135192871e-01</leafValues></_>
        <_>
          <internalNodes>
            0 -1 97 -3.3023080322891474e-03</internalNodes>
          <leafValues>
            7.3647040128707886e-01 -1.5033671259880066e-01</leafValues></_>
        <_>
          <internalNodes>
            0 -1 69 9.5604569651186466e-05</internalNodes>
          <leafValues>
            -3.2916447520256042e-01 4.1115403175354004e-01</leafValues></_>
        <_>
          <internalNodes>
            0 -1 58 -4.2321933433413506e-03</internalNodes>
          <leafValues>
            5.0627058744430542e-01 -2.2204799950122833e-01</leafValues></_>
        <_>
          <internalNodes>
            0 -1 103 9.5582427456974983e-03</internalNodes>
          <leafValues>
            -2.3472760617733002e-01 5.9710866212844849e-01</leafValues></_>
        <_>
          <internalNodes>
            0 -1 11 -2.6196737308055162e-03</internalNodes>
          <leafValues>
            4.2370256781578064e-01 -3.5285836458206177e-01</leafValues></_></weakClassifiers></_>
    <!-- stage 8 -->
    <_>
      <maxWeakCount>13</maxWeakCount>
      <stageThreshold>-6.3267636299133301e-01</stageThreshold>
      <weakClassifiers>
        <_>
          <internalNodes>
            0 -1 24 -8.8506080210208893e-03</internalNodes>
          <leafValues>
            -1.4042553305625916e-01 6.3835614919662476e-01</leafValues></_>
        <_>
          <internalNodes>
            0 -1 31 2.8083603829145432e-02</internalNodes>
          <leafValues>
            -1.1240970343351364e-01 8.9642381668090820e-01</leafValues></_>
        <_>
          <internalNodes>
            0 -1 55 -9.5740687102079391e-03</internalNodes>
          <leafValues>
            5.7853275537490845e-01 -2.0589964091777802e-01</leafValues></_>
        <_>
          <internalNodes>
            0 -1 75 -5.8578588068485260e-03</internalNodes>
          <leafValues>
            5.7184582948684692e-01 -2.8432279825210571e-01</leafValues></_>
        <_>
          <internalNodes>
            0 -1 100 9.3000102788209915e-03</internalNodes>
          <leafValues>
            -3.2076472043991089e-01 4.5576015114784241e-01</leafValues></_>
        <_>
          <internalNodes>
            0 -1 33 -3.8350417744368315e-03</internalNodes>
          <leafValues>
            5.9451746940612793e-01 -2.3204471170902252e-01</leafValues></_>
        <_>
          <internalNodes>
            0 -1 12 5.7685808278620243e-03</internalNodes>
          <leafValues>
            -1.6278982162475586e-01 7.1731746196746826e-01</leafValues></_>
        <_>
          <internalNodes>
            0 -1 50 3.2461993396282196e-03</internalNodes>
          <leafValues>
            -1.8527163565158844e-01 6.1755126714706421e-01</leafValues></_>
        <_>
          <internalNodes>
            0 -1 42 2.2027010098099709e-02</internalNodes>
          <leafValues>
            -1.5728685259819031e-01 7.7319443225860596e-01</leafValues></_>
        <_>
          <internalNodes>
            0 -1 95 3.6448535975068808e-03</internalNodes>
          <leafValues>
            2.8870311379432678e-01 -5.0845354795455933e-01</leafValues></_>
        <_>
          <internalNodes>
            0 -1 5 -1.3694688677787781e-02</internalNodes>
          <leafValues>
            4.8743709921836853e-01 -2.6432654261589050e-01</leafValues></_>
        <_>
          <internalNodes>
            0 -1 67 -1.2387599563226104e-03</internalNodes>
          <leafValues>
            -5.7241290807723999e-01 2.2432909905910492e-01</leafValues></_>
        <_>
          <internalNodes>
            0 -1 56 -3.5417554900050163e-03</internalNodes>
          <leafValues>
            -8.7234187126159668e-01 1.4330855011940002e-01</leafValues></_></weakClassifiers></_>
    <!-- stage 9 -->
    <_>
      <maxWeakCount>15</maxWeakCount>
      <stageThreshold>-9.3458282947540283e-01</stageThreshold>
      <weakClassifiers>
        <_>
          <internalNodes>
            0 -1 49 4.3049402534961700e-02</internalNodes>
          <leafValues>
            1.1818181723356247e-01 9.2500001192092896e-01</leafValues></_>
        <_>
          <internalNodes>
            0 -1 16 8.9327525347471237e-03</internalNodes>
          <leafValues>
            -1.7474476993083954e-01 5.8276283740997314e-01</leafValues></_>
        <_>
          <internalNodes>
            0 -1 81 4.4422477483749390e-02</internalNodes>
          <leafValues>
            -2.1700888872146606e-01 6.1277085542678833e-01</leafValues></_>
        <_>
          <internalNodes>
            0 -1 13 6.2924525700509548e-03</internalNodes>
          <leafValues>
            -1.2545666098594666e-01 7.5061058998107910e-01</leafValues></_>
        <_>
          <internalNodes>
            0 -1 18 -6.4037265256047249e-03</internalNodes>
          <leafValues>
            7.2209113836288452e-01 -1.4132271707057953e-01</leafValues></_>
        <_>
          <internalNodes>
            0 -1 19 6.8946187384426594e-03</internalNodes>
          <leafValues>
            -1.8157936632633209e-01 6.4623963832855225e-01</leafValues></_>
        <_>
          <internalNodes>
            0 -1 71 -9.0797804296016693e-03</internalNodes>
          <leafValues>
            3.2415446639060974e-01 -3.7780672311782837e-01</leafValues></_>
        <_>
          <internalNodes>
            0 -1 64 -4.4836764573119581e-05</internalNodes>
          <leafValues>
            3.8835677504539490e-01 -3.4908974170684814e-01</leafValues></_>
        <_>
          <internalNodes>
            0 -1 96 -3.3189426176249981e-03</internalNodes>
          <leafValues>
            4.3508940935134888e-01 -3.4479483962059021e-01</leafValues></_>
        <_>
          <internalNodes>
            0 -1 107 2.2711562924087048e-03</internalNodes>
          <leafValues>
            1.4653027057647705e-01 -8.5360372066497803e-01</leafValues></_>
        <_>
          <internalNodes>
            0 -1 98 -3.8968566805124283e-03</internalNodes>
          <leafValues>
            6.0589486360549927e-01 -2.2065629065036774e-01</leafValues></_>
        <_>
          <internalNodes>
            0 -1 34 5.9592761099338531e-03</internalNodes>
          <leafValues>
            -3.0077612400054932e-01 4.0325695276260376e-01</leafValues></_>
        <_>
          <internalNodes>
            0 -1 23 5.7208454236388206e-03</internalNodes>
          <leafValues>
            -1.9868670403957367e-01 6.3825285434722900e-01</leafValues></_>
        <_>
          <internalNodes>
            0 -1 54 -2.2483575157821178e-03</internalNodes>
          <leafValues>
            6.9079971313476563e-01 -1.8528448045253754e-01</leafValues></_>
        <_>
          <internalNodes>
            0 -1 57 -3.2917328178882599e-02</internalNodes>
          <leafValues>
            -8.6242789030075073e-01 1.7850467562675476e-01</leafValues></_></weakClassifiers></_></stages>
  <features>
    <_>
      <rects>
        <_>
          0 0 18 4 -1.</_>
        <_>
          0 0 9 2 2.</_>
        <_>
          9 2 9 2 2.</_></rects>
      <tilted>0</tilted></_>
    <_>
      <rects>
        <_>
          0 2 24 4 -1.</_>
        <_>
          8 2 8 4 3.</_></rects>
      <tilted>0</tilted></_>
    <_>
      <rects>
        <_>
          0 4 12 2 -1.</_>
        <_>
          6 4 6 2 2.</_></rects>
      <tilted>0</tilted></_>
    <_>
      <rects>
        <_>
          0 9 15 5 -1.</_>
        <_>
          5 9 5 5 3.</_></rects>
      <tilted>0</tilted></_>
    <_>
      <rects>
        <_>
          0 10 15 1 -1.</_>
        <_>
          5 10 5 1 3.</_></rects>
      <tilted>0</tilted></_>
    <_>
      <rects>
        <_>
          0 17 12 6 -1.</_>
        <_>
          0 17 6 3 2.</_>
        <_>
          6 20 6 3 2.</_></rects>
      <tilted>0</tilted></_>
    <_>
      <rects>
        <_>
          1 3 14 2 -1.</_>
        <_>
          8 3 7 2 2.</_></rects>
      <tilted>0</tilted></_>
    <_>
      <rects>
        <_>
          1 9 12 3 -1.</_>
        <_>
          5 9 4 3 3.</_></rects>
      <tilted>0</tilted></_>
    <_>
      <rects>
        <_>
          1 9 18 10 -1.</_>
        <_>
          7 9 6 10 3.</_></rects>
      <tilted>0</tilted></_>
    <_>
      <rects>
        <_>
          1 14 20 1 -1.</_>
        <_>
          11 14 10 1 2.</_></rects>
      <tilted>0</tilted></_>
    <_>
      <rects>
        <_>
          1 16 8 8 -1.</_>
        <_>
          1 16 4 4 2.</_>
        <_>
          5 20 4 4 2.</_></rects>
      <tilted>0</tilted></_>
    <_>
      <rects>
        <_>
          2 2 12 2 -1.</_>
        <_>
          2 3 12 1 2.</_></rects>
      <tilted>0</tilted></_>
    <_>
      <rects>
        <_>
          2 5 3 15 -1.</_>
        <_>
          3 5 1 15 3.</_></rects>
      <tilted>0</tilted></_>
    <_>
      <rects>
        <_>
          2 11 3 12 -1.</_>
        <_>
          3 11 1 12 3.</_></rects>
      <tilted>0</tilted></_>
    <_>
      <rects>
        <_>
          2 16 21 6 -1.</_>
        <_>
          2 18 21 2 3.</_></rects>
      <tilted>0</tilted></_>
    <_>
      <rects>
        <_>
          2 17 6 4 -1.</_>
        <_>
          2 17 3 2 2.</_>
        <_>
          5 19 3 2 2.</_></rects>
      <tilted>0</tilted></_>
    <_>
      <rects>
        <_>
          2 20 16 4 -1.</_>
        <_>
          2 20 8 2 2.</_>
        <_>
          10 22 8 2 2.</_></rects>
      <tilted>0</tilted></_>
    <_>
      <rects>
        <_>
          3 2 8 3 -1.</_>
        <_>
          7 2 4 3 2.</_></rects>
      <tilted>0</tilted></_>
    <_>
      <rects>
        <_>
          3 3 3 12 -1.</_>
        <_>
          4 3 1 12 3.</_></rects>
      <tilted>0</tilted></_>
    <_>
      <rects>
        <_>
          3 3 3 16 -1.</_>
        <_>
          4 3 1 16 3.</_></rects>
      <tilted>0</tilted></_>
    <_>
      <rects>
        <_>
          3 6 4 6 -1.</_>
        <_>
          3 6 2 3 2.</_>
        <_>
          5 9 2 3 2.</_></rects>
      <tilted>0</tilted></_>
    <_>
      <rects>
        <_>
          3 7 4 6 -1.</_>
        <_>
          5 7 2 6 2.</_></rects>
      <tilted>0</tilted></_>
    <_>
      <rects>
        <_>
          3 11 16 6 -1.</_>
        <_>
          3 14 16 3 2.</_></rects>
      <tilted>0</tilted></_>
    <_>
      <rects>
        <_>
          4 0 14 3 -1.</_>
        <_>
          4 1 14 1 3.</_></rects>
      <tilted>0</tilted></_>
    <_>
      <rects>
        <_>
          4 0 16 18 -1.</_>
        <_>
          4 9 16 9 2.</_></rects>
      <tilted>0</tilted></_>
    <_>
      <rects>
        <_>
          4 2 18 3 -1.</_>
        <_>
          10 2 6 3 3.</_></rects>
      <tilted>0</tilted></_>
    <_>
      <rects>
        <_>
          4 12 12 4 -1.</_>
        <_>
          4 14 12 2 2.</_></rects>
      <tilted>0</tilted></_>
    <_>
      <rects>
        <_>
          4 14 2 2 -1.</_>
        <_>
          4 14 1 1 2.</_>
        <_>
          5 15 1 1 2.</_></rects>
      <tilted>0</tilted></_>
    <_>
      <rects>
        <_>
          4 20 4 2 -1.</_>
        <_>
          4 20 2 1 2.</_>
        <_>
          6 21 2 1 2.</_></rects>
      <tilted>0</tilted></_>
    <_>
      <rects>
        <_>
          5 0 6 4 -1.</_>
        <_>
          5 0 3 2 2.</_>
        <_>
          8 2 3 2 2.</_></rects>
      <tilted>0</tilted></_>
    <_>
      <rects>
        <_>
          5 0 18 6 -1.</_>
        <_>
          5 3 18 3 2.</_></rects>
      <tilted>0</tilted></_>
    <_>
      <rects>
        <_>
          5 2 6 10 -1.</_>
        <_>
          5 2 3 5 2.</_>
        <_>
          8 7 3 5 2.</_></rects>
      <tilted>0</tilted></_>
    <_>
      <rects>
        <_>
          5 2 13 14 -1.</_>
        <_>
          5 9 13 7 2.</_></rects>
      <tilted>0</tilted></_>
    <_>
      <rects>
        <_>
          5 9 2 9 -1.</_>
        <_>
          5 12 2 3 3.</_></rects>
      <tilted>0</tilted></_>
    <_>
      <rects>
        <_>
          5 11 4 9 -1.</_>
        <_>
          5 14 4 3 3.</_></rects>
      <tilted>0</tilted></_>
    <_>
      <rects>
        <_>
          5 14 4 8 -1.</_>
        <_>
          5 14 2 4 2.</_>
        <_>
          7 18 2 4 2.</_></rects>
      <tilted>0</tilted></_>
    <_>
      <rects>
        <_>
          5 14 4 10 -1.</_>
        <_>
          5 14 2 5 2.</_>
        <_>
          7 19 2 5 2.</_></rects>
      <tilted>0</tilted></_>
    <_>
      <rects>
        <_>
          6 0 5 6 -1.</_>
        <_>
          6 3 5 3 2.</_></rects>
      <tilted>0</tilted></_>
    <_>
      <rects>
        <_>
          6 3 4 2 -1.</_>
        <_>
          6 3 2 1 2.</_>
        <_>
          8 4 2 1 2.</_></rects>
      <tilted>0</tilted></_>
    <_>
      <rects>
        <_>
          6 12 3 3 -1.</_>
        <_>
          6 13 3 1 3.</_></rects>
      <tilted>0</tilted></_>
    <_>
      <rects>
        <_>
          6 20 4 2 -1.</_>
        <_>
          6 20 2 1 2.</_>
        <_>
          8 21 2 1 2.</_></rects>
      <tilted>0</tilted></_>
    <_>
      <rects>
        <_>
          6 20 7 2 -1.</_>
        <_>
          6 21 7 1 2.</_></rects>
      <tilted>0</tilted></_>
    <_>
      <rects>
        <_>
          7 0 2 14 -1.</_>
        <_>
          7 7 2 7 2.</_></rects>
      <tilted>0</tilted></_>
    <_>
      <rects>
        <_>
          7 0 3 12 -1.</_>
        <_>
          7 4 3 4 3.</_></rects>
      <tilted>0</tilted></_>
    <_>
      <rects>
        <_>
          7 0 9 13 -1.</_>
        <_>
          10 0 3 13 3.</_></rects>
      <tilted>0</tilted></_>
    <_>
      <rects>
        <_>
          7 2 4 8 -1.</_>
        <_>
          7 2 2 4 2.</_>
        <_>
          9 6 2 4 2.</_></rects>
      <tilted>0</tilted></_>
    <_>
      <rects>
        <_>
          7 3 8 14 -1.</_>
        <_>
          7 10 8 7 2.</_></rects>
      <tilted>0</tilted></_>
    <_>
      <rects>
        <_>
          7 18 12 1 -1.</_>
        <_>
          13 18 6 1 2.</_></rects>
      <tilted>0</tilted></_>
    <_>
      <rects>
        <_>
          7 20 2 2 -1.</_>
        <_>
          7 20 1 1 2.</_>
        <_>
          8 21 1 1 2.</_></rects>
      <tilted>0</tilted></_>
    <_>
      <rects>
        <_>
          9 1 2 16 -1.</_>
        <_>
          9 9 2 8 2.</_></rects>
      <tilted>0</tilted></_>
    <_>
      <rects>
        <_>
          9 1 5 3 -1.</_>
        <_>
          9 2 5 1 3.</_></rects>
      <tilted>0</tilted></_>
    <_>
      <rects>
        <_>
          9 2 12 10 -1.</_>
        <_>
          9 2 6 5 2.</_>
        <_>
          15 7 6 5 2.</_></rects>
      <tilted>0</tilted></_>
    <_>
      <rects>
        <_>
          9 3 3 7 -1.</_>
        <_>
          10 3 1 7 3.</_></rects>
      <tilted>0</tilted></_>
    <_>
      <rects>
        <_>
          9 17 8 2 -1.</_>
        <_>
          13 17 4 2 2.</_></rects>
      <tilted>0</tilted></_>
    <_>
      <rects>
        <_>
          10 0 3 3 -1.</_>
        <_>
          10 1 3 1 3.</_></rects>
      <tilted>0</tilted></_>
    <_>
      <rects>
        <_>
          10 0 5 6 -1.</_>
        <_>
          10 2 5 2 3.</_></rects>
      <tilted>0</tilted></_>
    <_>
      <rects>
        <_>
          10 3 3 7 -1.</_>
        <_>
          11 3 1 7 3.</_></rects>
      <tilted>0</tilted></_>
    <_>
      <rects>
        <_>
          10 7 13 6 -1.</_>
        <_>
          10 9 13 2 3.</_></rects>
      <tilted>0</tilted></_>
    <_>
      <rects>
        <_>
          10 11 4 6 -1.</_>
        <_>
          10 13 4 2 3.</_></rects>
      <tilted>0</tilted></_>
    <_>
      <rects>
        <_>
          10 16 10 8 -1.</_>
        <_>
          10 16 5 4 2.</_>
        <_>
          15 20 5 4 2.</_></rects>
      <tilted>0</tilted></_>
    <_>
      <rects>
        <_>
          11 0 2 6 -1.</_>
        <_>
          11 2 2 2 3.</_></rects>
      <tilted>0</tilted></_>
    <_>
      <rects>
        <_>
          11 3 4 5 -1.</_>
        <_>
          13 3 2 5 2.</_></rects>
      <tilted>0</tilted></_>
    <_>
      <rects>
        <_>
          11 4 3 8 -1.</_>
        <_>
          12 4 1 8 3.</_></rects>
      <tilted>0</tilted></_>
    <_>
      <rects>
        <_>
          11 5 13 3 -1.</_>
        <_>
          11 6 13 1 3.</_></rects>
      <tilted>0</tilted></_>
    <_>
      <rects>
        <_>
          11 10 1 2 -1.</_>
        <_>
          11 11 1 1 2.</_></rects>
      <tilted>0</tilted></_>
    <_>
      <rects>
        <_>
          11 11 1 2 -1.</_>
        <_>
          11 12 1 1 2.</_></rects>
      <tilted>0</tilted></_>
    <_>
      <rects>
        <_>
          12 0 1 4 -1.</_>
        <_>
          12 2 1 2 2.</_></rects>
      <tilted>0</tilted></_>
    <_>
      <rects>
        <_>
          12 3 2 6 -1.</_>
        <_>
          12 3 1 3 2.</_>
        <_>
          13 6 1 3 2.</_></rects>
      <tilted>0</tilted></_>
    <_>
      <rects>
        <_>
          12 9 12 12 -1.</_>
        <_>
          16 9 4 12 3.</_></rects>
      <tilted>0</tilted></_>
    <_>
      <rects>
        <_>
          12 22 1 2 -1.</_>
        <_>
          12 23 1 1 2.</_></rects>
      <tilted>0</tilted></_>
    <_>
      <rects>
        <_>
          13 0 2 4 -1.</_>
        <_>
          13 2 2 2 2.</_></rects>
      <tilted>0</tilted></_>
    <_>
      <rects>
        <_>
          13 1 6 18 -1.</_>
        <_>
          13 1 3 9 2.</_>
        <_>
          16 10 3 9 2.</_></rects>
      <tilted>0</tilted></_>
    <_>
      <rects>
        <_>
          13 8 4 2 -1.</_>
        <_>
          15 8 2 2 2.</_></rects>
      <tilted>0</tilted></_>
    <_>
      <rects>
        <_>
          13 12 3 3 -1.</_>
        <_>
          13 13 3 1 3.</_></rects>
      <tilted>0</tilted></_>
    <_>
      <rects>
        <_>
          13 13 10 2 -1.</_>
        <_>
          18 13 5 2 2.</_></rects>
      <tilted>0</tilted></_>
    <_>
      <rects>
        <_>
          13 20 8 4 -1.</_>
        <_>
          13 20 4 2 2.</_>
        <_>
          17 22 4 2 2.</_></rects>
      <tilted>0</tilted></_>
    <_>
      <rects>
        <_>
          13 20 10 4 -1.</_>
        <_>
          13 20 5 2 2.</_>
        <_>
          18 22 5 2 2.</_></rects>
      <tilted>0</tilted></_>
    <_>
      <rects>
        <_>
          14 0 6 18 -1.</_>
        <_>
          14 6 6 6 3.</_></rects>
      <tilted>0</tilted></_>
    <_>
      <rects>
        <_>
          14 1 4 4 -1.</_>
        <_>
          14 1 2 2 2.</_>
        <_>
          16 3 2 2 2.</_></rects>
      <tilted>0</tilted></_>
    <_>
      <rects>
        <_>
          14 3 6 2 -1.</_>
        <_>
          14 4 6 1 2.</_></rects>
      <tilted>0</tilted></_>
    <_>
      <rects>
        <_>
          14 7 2 1 -1.</_>
        <_>
          15 7 1 1 2.</_></rects>
      <tilted>0</tilted></_>
    <_>
      <rects>
        <_>
          14 7 6 12 -1.</_>
        <_>
          14 13 6 6 2.</_></rects>
      <tilted>0</tilted></_>
    <_>
      <rects>
        <_>
          14 10 1 8 -1.</_>
        <_>
          14 14 1 4 2.</_></rects>
      <tilted>0</tilted></_>
    <_>
      <rects>
        <_>
          14 14 6 9 -1.</_>
        <_>
          14 17 6 3 3.</_></rects>
      <tilted>0</tilted></_>
    <_>
      <rects>
        <_>
          14 19 5 4 -1.</_>
        <_>
          14 21 5 2 2.</_></rects>
      <tilted>0</tilted></_>
    <_>
      <rects>
        <_>
          14 20 1 4 -1.</_>
        <_>
          14 22 1 2 2.</_></rects>
      <tilted>0</tilted></_>
    <_>
      <rects>
        <_>
          14 21 2 2 -1.</_>
        <_>
          14 22 2 1 2.</_></rects>
      <tilted>0</tilted></_>
    <_>
      <rects>
        <_>
          14 22 1 2 -1.</_>
        <_>
          14 23 1 1 2.</_></rects>
      <tilted>0</tilted></_>
    <_>
      <rects>
        <_>
          15 0 7 21 -1.</_>
        <_>
          15 7 7 7 3.</_></rects>
      <tilted>0</tilted></_>
    <_>
      <rects>
        <_>
          15 3 6 2 -1.</_>
        <_>
          15 3 3 1 2.</_>
        <_>
          18 4 3 1 2.</_></rects>
      <tilted>0</tilted></_>
    <_>
      <rects>
        <_>
          15 8 2 16 -1.</_>
        <_>
          16 8 1 16 2.</_></rects>
      <tilted>0</tilted></_>
    <_>
      <rects>
        <_>
          15 8 6 4 -1.</_>
        <_>
          15 10 6 2 2.</_></rects>
      <tilted>0</tilted></_>
    <_>
      <rects>
        <_>
          15 11 8 6 -1.</_>
        <_>
          15 11 4 3 2.</_>
        <_>
          19 14 4 3 2.</_></rects>
      <tilted>0</tilted></_>
    <_>
      <rects>
        <_>
          15 15 2 2 -1.</_>
        <_>
          15 15 1 1 2.</_>
        <_>
          16 16 1 1 2.</_></rects>
      <tilted>0</tilted></_>
    <_>
      <rects>
        <_>
          16 0 4 18 -1.</_>
        <_>
          16 6 4 6 3.</_></rects>
      <tilted>0</tilted></_>
    <_>
      <rects>
        <_>
          16 3 4 6 -1.</_>
        <_>
          16 5 4 2 3.</_></rects>
      <tilted>0</tilted></_>
    <_>
      <rects>
        <_>
          16 9 8 6 -1.</_>
        <_>
          16 9 4 3 2.</_>
        <_>
          20 12 4 3 2.</_></rects>
      <tilted>0</tilted></_>
    <_>
      <rects>
        <_>
          16 11 3 5 -1.</_>
        <_>
          17 11 1 5 3.</_></rects>
      <tilted>0</tilted></_>
    <_>
      <rects>
        <_>
          16 18 6 4 -1.</_>
        <_>
          16 18 3 2 2.</_>
        <_>
          19 20 3 2 2.</_></rects>
      <tilted>0</tilted></_>
    <_>
      <rects>
        <_>
          17 17 3 1 -1.</_>
        <_>
          18 17 1 1 3.</_></rects>
      <tilted>0</tilted></_>
    <_>
      <rects>
        <_>
          18 0 6 12 -1.</_>
        <_>
          18 0 3 6 2.</_>
        <_>
          21 6 3 6 2.</_></rects>
      <tilted>0</tilted></_>
    <_>
      <rects>
        <_>
          18 12 3 3 -1.</_>
        <_>
          19 12 1 3 3.</_></rects>
      <tilted>0</tilted></_>
    <_>
      <rects>
        <_>
          18 12 2 8 -1.</_>
        <_>
          18 12 1 4 2.</_>
        <_>
          19 16 1 4 2.</_></rects>
      <tilted>0</tilted></_>
    <_>
      <rects>
        <_>
          19 0 4 20 -1.</_>
        <_>
          19 0 2 10 2.</_>
        <_>
          21 10 2 10 2.</_></rects>
      <tilted>0</tilted></_>
    <_>
      <rects>
        <_>
          19 2 2 8 -1.</_>
        <_>
          19 2 1 4 2.</_>
        <_>
          20 6 1 4 2.</_></rects>
      <tilted>0</tilted></_>
    <_>
      <rects>
        <_>
          19 16 2 4 -1.</_>
        <_>
          19 16 1 2 2.</_>
        <_>
          20 18 1 2 2.</_></rects>
      <tilted>0</tilted></_>
    <_>
      <rects>
        <_>
          19 18 2 4 -1.</_>
        <_>
          19 18 1 2 2.</_>
        <_>
          20 20 1 2 2.</_></rects>
      <tilted>0</tilted></_>
    <_>
      <rects>
        <_>
          19 22 4 2 -1.</_>
        <_>
          19 23 4 1 2.</_></rects>
      <tilted>0</tilted></_>
    <_>
      <rects>
        <_>
          21 0 2 15 -1.</_>
        <_>
          21 5 2 5 3.</_></rects>
      <tilted>0</tilted></_></features></cascade>
</opencv_storage>
