<?xml version="1.0"?>
<opencv_storage>
<stage4>
  <maxWeakCount>14</maxWeakCount>
  <stageThreshold>-6.0835623741149902e-01</stageThreshold>
  <weakClassifiers>
    <_>
      <internalNodes>
        0 -1 62727 5.6423261761665344e-02</internalNodes>
      <leafValues>
        -9.7222223877906799e-02 7.3076921701431274e-01</leafValues></_>
    <_>
      <internalNodes>
        0 -1 60605 -3.3269403502345085e-03</internalNodes>
      <leafValues>
        6.1259061098098755e-01 -2.4606375396251678e-01</leafValues></_>
    <_>
      <internalNodes>
        0 -1 139198 2.4562299950048327e-04</internalNodes>
      <leafValues>
        -3.2375276088714600e-01 5.2971911430358887e-01</leafValues></_>
    <_>
      <internalNodes>
        0 -1 125601 -7.6495289802551270e-02</internalNodes>
      <leafValues>
        5.3548479080200195e-01 -2.8931236267089844e-01</leafValues></_>
    <_>
      <internalNodes>
        0 -1 80977 -1.7536429688334465e-02</internalNodes>
      <leafValues>
        -5.3891223669052124e-01 2.2423706948757172e-01</leafValues></_>
    <_>
      <internalNodes>
        0 -1 137377 1.6335353720933199e-03</internalNodes>
      <leafValues>
        -3.1100443005561829e-01 4.1079735755920410e-01</leafValues></_>
    <_>
      <internalNodes>
        0 -1 140501 1.5929064247757196e-03</internalNodes>
      <leafValues>
        -2.0140296220779419e-01 6.1917543411254883e-01</leafValues></_>
    <_>
      <internalNodes>
        0 -1 138421 -8.1059727817773819e-03</internalNodes>
      <leafValues>
        4.4859334826469421e-01 -3.0089226365089417e-01</leafValues></_>
    <_>
      <internalNodes>
        0 -1 2656 -6.8787328898906708e-02</internalNodes>
      <leafValues>
        4.3460080027580261e-01 -2.8977298736572266e-01</leafValues></_>
    <_>
      <internalNodes>
        0 -1 36979 -3.9991042576730251e-03</internalNodes>
      <leafValues>
        5.8141088485717773e-01 -2.2052496671676636e-01</leafValues></_>
    <_>
      <internalNodes>
        0 -1 136482 2.2776852711103857e-04</internalNodes>
      <leafValues>
        2.2785939276218414e-01 -5.8107656240463257e-01</leafValues></_>
    <_>
      <internalNodes>
        0 -1 132683 1.6687778756022453e-02</internalNodes>
      <leafValues>
        1.3498742878437042e-01 -7.6730775833129883e-01</leafValues></_>
    <_>
      <internalNodes>
        0 -1 157344 -9.7705109510570765e-04</internalNodes>
      <leafValues>
        6.0221797227859497e-01 -2.3152343928813934e-01</leafValues></_>
    <_>
      <internalNodes>
        0 -1 134292 3.4328515175729990e-03</internalNodes>
      <leafValues>
        -1.7498378455638885e-01 5.9423023462295532e-01</leafValues></_></weakClassifiers></stage4>
</opencv_storage>
