<?xml version="1.0"?>
<opencv_storage>
<stage3>
  <maxWeakCount>9</maxWeakCount>
  <stageThreshold>-5.4137516021728516e-01</stageThreshold>
  <weakClassifiers>
    <_>
      <internalNodes>
        0 -1 16715 -9.8839607089757919e-03</internalNodes>
      <leafValues>
        6.4986735582351685e-01 -2.0179371535778046e-01</leafValues></_>
    <_>
      <internalNodes>
        0 -1 21218 1.4053244888782501e-01</internalNodes>
      <leafValues>
        -2.3821467161178589e-01 6.4294439554214478e-01</leafValues></_>
    <_>
      <internalNodes>
        0 -1 43778 -1.0618777945637703e-02</internalNodes>
      <leafValues>
        6.8617236614227295e-01 -2.0565301179885864e-01</leafValues></_>
    <_>
      <internalNodes>
        0 -1 133644 -2.5381981395184994e-03</internalNodes>
      <leafValues>
        4.5982682704925537e-01 -3.9300894737243652e-01</leafValues></_>
    <_>
      <internalNodes>
        0 -1 61248 -3.8895763456821442e-02</internalNodes>
      <leafValues>
        4.5950487256050110e-01 -3.3717271685600281e-01</leafValues></_>
    <_>
      <internalNodes>
        0 -1 141943 -2.8648891020566225e-03</internalNodes>
      <leafValues>
        4.3070176243782043e-01 -3.2474720478057861e-01</leafValues></_>
    <_>
      <internalNodes>
        0 -1 68957 -1.1652316898107529e-02</internalNodes>
      <leafValues>
        8.1675320863723755e-01 -1.1915220320224762e-01</leafValues></_>
    <_>
      <internalNodes>
        0 -1 132397 -1.8074521794915199e-03</internalNodes>
      <leafValues>
        7.9741537570953369e-01 -1.7280779778957367e-01</leafValues></_>
    <_>
      <internalNodes>
        0 -1 58510 6.3672225223854184e-04</internalNodes>
      <leafValues>
        -1.5710961818695068e-01 7.8335362672805786e-01</leafValues></_></weakClassifiers></stage3>
</opencv_storage>
