<?xml version="1.0"?>
<opencv_storage>
<stage7>
  <maxWeakCount>13</maxWeakCount>
  <stageThreshold>-5.9422355890274048e-01</stageThreshold>
  <weakClassifiers>
    <_>
      <internalNodes>
        0 -1 144274 -2.0714510232210159e-02</internalNodes>
      <leafValues>
        6.0204082727432251e-01 -1.7307692766189575e-01</leafValues></_>
    <_>
      <internalNodes>
        0 -1 40036 -1.8932290375232697e-02</internalNodes>
      <leafValues>
        6.0095882415771484e-01 -1.6893184185028076e-01</leafValues></_>
    <_>
      <internalNodes>
        0 -1 80483 -1.7819006461650133e-03</internalNodes>
      <leafValues>
        7.6458734273910522e-01 -1.3022924959659576e-01</leafValues></_>
    <_>
      <internalNodes>
        0 -1 8994 1.7230771481990814e-02</internalNodes>
      <leafValues>
        -1.6447043418884277e-01 8.5698807239532471e-01</leafValues></_>
    <_>
      <internalNodes>
        0 -1 155628 2.6118820533156395e-03</internalNodes>
      <leafValues>
        -1.5517576038837433e-01 6.2247145175933838e-01</leafValues></_>
    <_>
      <internalNodes>
        0 -1 89564 1.2321180292929057e-05</internalNodes>
      <leafValues>
        -3.2414698600769043e-01 3.9922937750816345e-01</leafValues></_>
    <_>
      <internalNodes>
        0 -1 647 -2.3043610155582428e-02</internalNodes>
      <leafValues>
        6.8201339244842529e-01 -1.8995620310306549e-01</leafValues></_>
    <_>
      <internalNodes>
        0 -1 154405 2.1344902925193310e-03</internalNodes>
      <leafValues>
        -1.9111438095569611e-01 6.1325240135192871e-01</leafValues></_>
    <_>
      <internalNodes>
        0 -1 147064 -3.3023080322891474e-03</internalNodes>
      <leafValues>
        7.3647040128707886e-01 -1.5033671259880066e-01</leafValues></_>
    <_>
      <internalNodes>
        0 -1 127993 9.5604569651186466e-05</internalNodes>
      <leafValues>
        -3.2916447520256042e-01 4.1115403175354004e-01</leafValues></_>
    <_>
      <internalNodes>
        0 -1 112299 -4.2321933433413506e-03</internalNodes>
      <leafValues>
        5.0627058744430542e-01 -2.2204799950122833e-01</leafValues></_>
    <_>
      <internalNodes>
        0 -1 155349 9.5582427456974983e-03</internalNodes>
      <leafValues>
        -2.3472760617733002e-01 5.9710866212844849e-01</leafValues></_>
    <_>
      <internalNodes>
        0 -1 28454 -2.6196737308055162e-03</internalNodes>
      <leafValues>
        4.2370256781578064e-01 -3.5285836458206177e-01</leafValues></_></weakClassifiers></stage7>
</opencv_storage>
