<?xml version="1.0"?>
<opencv_storage>
<stage9>
  <maxWeakCount>15</maxWeakCount>
  <stageThreshold>-9.3458282947540283e-01</stageThreshold>
  <weakClassifiers>
    <_>
      <internalNodes>
        0 -1 99435 4.3049402534961700e-02</internalNodes>
      <leafValues>
        1.1818181723356247e-01 9.2500001192092896e-01</leafValues></_>
    <_>
      <internalNodes>
        0 -1 37721 8.9327525347471237e-03</internalNodes>
      <leafValues>
        -1.7474476993083954e-01 5.8276283740997314e-01</leafValues></_>
    <_>
      <internalNodes>
        0 -1 136733 4.4422477483749390e-02</internalNodes>
      <leafValues>
        -2.1700888872146606e-01 6.1277085542678833e-01</leafValues></_>
    <_>
      <internalNodes>
        0 -1 34423 6.2924525700509548e-03</internalNodes>
      <leafValues>
        -1.2545666098594666e-01 7.5061058998107910e-01</leafValues></_>
    <_>
      <internalNodes>
        0 -1 40719 -6.4037265256047249e-03</internalNodes>
      <leafValues>
        7.2209113836288452e-01 -1.4132271707057953e-01</leafValues></_>
    <_>
      <internalNodes>
        0 -1 40727 6.8946187384426594e-03</internalNodes>
      <leafValues>
        -1.8157936632633209e-01 6.4623963832855225e-01</leafValues></_>
    <_>
      <internalNodes>
        0 -1 128704 -9.0797804296016693e-03</internalNodes>
      <leafValues>
        3.2415446639060974e-01 -3.7780672311782837e-01</leafValues></_>
    <_>
      <internalNodes>
        0 -1 118974 -4.4836764573119581e-05</internalNodes>
      <leafValues>
        3.8835677504539490e-01 -3.4908974170684814e-01</leafValues></_>
    <_>
      <internalNodes>
        0 -1 146771 -3.3189426176249981e-03</internalNodes>
      <leafValues>
        4.3508940935134888e-01 -3.4479483962059021e-01</leafValues></_>
    <_>
      <internalNodes>
        0 -1 157595 2.2711562924087048e-03</internalNodes>
      <leafValues>
        1.4653027057647705e-01 -8.5360372066497803e-01</leafValues></_>
    <_>
      <internalNodes>
        0 -1 148073 -3.8968566805124283e-03</internalNodes>
      <leafValues>
        6.0589486360549927e-01 -2.2065629065036774e-01</leafValues></_>
    <_>
      <internalNodes>
        0 -1 67820 5.9592761099338531e-03</internalNodes>
      <leafValues>
        -3.0077612400054932e-01 4.0325695276260376e-01</leafValues></_>
    <_>
      <internalNodes>
        0 -1 50241 5.7208454236388206e-03</internalNodes>
      <leafValues>
        -1.9868670403957367e-01 6.3825285434722900e-01</leafValues></_>
    <_>
      <internalNodes>
        0 -1 106963 -2.2483575157821178e-03</internalNodes>
      <leafValues>
        6.9079971313476563e-01 -1.8528448045253754e-01</leafValues></_>
    <_>
      <internalNodes>
        0 -1 110989 -3.2917328178882599e-02</internalNodes>
      <leafValues>
        -8.6242789030075073e-01 1.7850467562675476e-01</leafValues></_></weakClassifiers></stage9>
</opencv_storage>
