<?xml version="1.0"?>
<opencv_storage>
<stage8>
  <maxWeakCount>13</maxWeakCount>
  <stageThreshold>-6.3267636299133301e-01</stageThreshold>
  <weakClassifiers>
    <_>
      <internalNodes>
        0 -1 50296 -8.8506080210208893e-03</internalNodes>
      <leafValues>
        -1.4042553305625916e-01 6.3835614919662476e-01</leafValues></_>
    <_>
      <internalNodes>
        0 -1 62240 2.8083603829145432e-02</internalNodes>
      <leafValues>
        -1.1240970343351364e-01 8.9642381668090820e-01</leafValues></_>
    <_>
      <internalNodes>
        0 -1 107126 -9.5740687102079391e-03</internalNodes>
      <leafValues>
        5.7853275537490845e-01 -2.0589964091777802e-01</leafValues></_>
    <_>
      <internalNodes>
        0 -1 133635 -5.8578588068485260e-03</internalNodes>
      <leafValues>
        5.7184582948684692e-01 -2.8432279825210571e-01</leafValues></_>
    <_>
      <internalNodes>
        0 -1 152067 9.3000102788209915e-03</internalNodes>
      <leafValues>
        -3.2076472043991089e-01 4.5576015114784241e-01</leafValues></_>
    <_>
      <internalNodes>
        0 -1 66745 -3.8350417744368315e-03</internalNodes>
      <leafValues>
        5.9451746940612793e-01 -2.3204471170902252e-01</leafValues></_>
    <_>
      <internalNodes>
        0 -1 30389 5.7685808278620243e-03</internalNodes>
      <leafValues>
        -1.6278982162475586e-01 7.1731746196746826e-01</leafValues></_>
    <_>
      <internalNodes>
        0 -1 99627 3.2461993396282196e-03</internalNodes>
      <leafValues>
        -1.8527163565158844e-01 6.1755126714706421e-01</leafValues></_>
    <_>
      <internalNodes>
        0 -1 80871 2.2027010098099709e-02</internalNodes>
      <leafValues>
        -1.5728685259819031e-01 7.7319443225860596e-01</leafValues></_>
    <_>
      <internalNodes>
        0 -1 145226 3.6448535975068808e-03</internalNodes>
      <leafValues>
        2.8870311379432678e-01 -5.0845354795455933e-01</leafValues></_>
    <_>
      <internalNodes>
        0 -1 12355 -1.3694688677787781e-02</internalNodes>
      <leafValues>
        4.8743709921836853e-01 -2.6432654261589050e-01</leafValues></_>
    <_>
      <internalNodes>
        0 -1 122924 -1.2387599563226104e-03</internalNodes>
      <leafValues>
        -5.7241290807723999e-01 2.2432909905910492e-01</leafValues></_>
    <_>
      <internalNodes>
        0 -1 108613 -3.5417554900050163e-03</internalNodes>
      <leafValues>
        -8.7234187126159668e-01 1.4330855011940002e-01</leafValues></_></weakClassifiers></stage8>
</opencv_storage>
