<?xml version="1.0"?>
<opencv_storage>
<stage2>
  <maxWeakCount>9</maxWeakCount>
  <stageThreshold>-5.3253841400146484e-01</stageThreshold>
  <weakClassifiers>
    <_>
      <internalNodes>
        0 -1 4415 -1.0461034253239632e-02</internalNodes>
      <leafValues>
        7.2173911333084106e-01 -1.9215686619281769e-01</leafValues></_>
    <_>
      <internalNodes>
        0 -1 113671 2.4051280692219734e-02</internalNodes>
      <leafValues>
        -2.5872603058815002e-01 7.5335544347763062e-01</leafValues></_>
    <_>
      <internalNodes>
        0 -1 135341 -1.8704248359426856e-03</internalNodes>
      <leafValues>
        6.1312043666839600e-01 -2.7405184507369995e-01</leafValues></_>
    <_>
      <internalNodes>
        0 -1 142756 -8.4995701909065247e-03</internalNodes>
      <leafValues>
        6.2661397457122803e-01 -2.6713308691978455e-01</leafValues></_>
    <_>
      <internalNodes>
        0 -1 36917 -1.4468317851424217e-02</internalNodes>
      <leafValues>
        5.3150999546051025e-01 -2.8691267967224121e-01</leafValues></_>
    <_>
      <internalNodes>
        0 -1 100590 -2.5652302429080009e-03</internalNodes>
      <leafValues>
        -7.5645333528518677e-01 2.2105963528156281e-01</leafValues></_>
    <_>
      <internalNodes>
        0 -1 73138 7.3837931267917156e-04</internalNodes>
      <leafValues>
        -2.2858063876628876e-01 6.4982563257217407e-01</leafValues></_>
    <_>
      <internalNodes>
        0 -1 78305 -1.7338700126856565e-03</internalNodes>
      <leafValues>
        8.2147979736328125e-01 -1.8730019032955170e-01</leafValues></_>
    <_>
      <internalNodes>
        0 -1 116123 -6.6850511357188225e-03</internalNodes>
      <leafValues>
        -7.7178490161895752e-01 2.0660650730133057e-01</leafValues></_></weakClassifiers></stage2>
</opencv_storage>
