<?xml version="1.0"?>
<opencv_storage>
<stage0>
  <maxWeakCount>7</maxWeakCount>
  <stageThreshold>-7.8399193286895752e-01</stageThreshold>
  <weakClassifiers>
    <_>
      <internalNodes>
        0 -1 83347 3.5885259509086609e-02</internalNodes>
      <leafValues>
        -2.8985506296157837e-01 8.6419755220413208e-01</leafValues></_>
    <_>
      <internalNodes>
        0 -1 139585 -3.9412289857864380e-02</internalNodes>
      <leafValues>
        7.2085076570510864e-01 -3.1675416231155396e-01</leafValues></_>
    <_>
      <internalNodes>
        0 -1 139158 8.5722783114761114e-04</internalNodes>
      <leafValues>
        -3.1170234084129333e-01 7.6652324199676514e-01</leafValues></_>
    <_>
      <internalNodes>
        0 -1 80938 -1.5261374413967133e-02</internalNodes>
      <leafValues>
        6.5999245643615723e-01 -3.9574617147445679e-01</leafValues></_>
    <_>
      <internalNodes>
        0 -1 116561 -3.0141223687678576e-03</internalNodes>
      <leafValues>
        -9.5791125297546387e-01 2.8207740187644958e-01</leafValues></_>
    <_>
      <internalNodes>
        0 -1 58032 6.0743093490600586e-03</internalNodes>
      <leafValues>
        -3.7199518084526062e-01 7.6322662830352783e-01</leafValues></_>
    <_>
      <internalNodes>
        0 -1 106166 -6.0923849232494831e-03</internalNodes>
      <leafValues>
        6.1998361349105835e-01 -3.7529623508453369e-01</leafValues></_></weakClassifiers></stage0>
</opencv_storage>
