<?xml version="1.0"?>
<opencv_storage>
<stage6>
  <maxWeakCount>11</maxWeakCount>
  <stageThreshold>-7.4206745624542236e-01</stageThreshold>
  <weakClassifiers>
    <_>
      <internalNodes>
        0 -1 114500 -2.1925631444901228e-03</internalNodes>
      <leafValues>
        6.8666666746139526e-01 -1.9999999552965164e-02</leafValues></_>
    <_>
      <internalNodes>
        0 -1 139158 8.7986554717645049e-04</internalNodes>
      <leafValues>
        -2.7625066041946411e-01 4.6109497547149658e-01</leafValues></_>
    <_>
      <internalNodes>
        0 -1 134119 -3.9847154170274734e-02</internalNodes>
      <leafValues>
        3.3834511041641235e-01 -3.7260779738426208e-01</leafValues></_>
    <_>
      <internalNodes>
        0 -1 159821 -2.5373131036758423e-02</internalNodes>
      <leafValues>
        -7.6683562994003296e-01 1.7855596542358398e-01</leafValues></_>
    <_>
      <internalNodes>
        0 -1 43061 5.9813866391777992e-03</internalNodes>
      <leafValues>
        -2.5990843772888184e-01 5.7208532094955444e-01</leafValues></_>
    <_>
      <internalNodes>
        0 -1 82293 5.6785363703966141e-03</internalNodes>
      <leafValues>
        -2.2621046006679535e-01 5.4357486963272095e-01</leafValues></_>
    <_>
      <internalNodes>
        0 -1 89341 -1.0164919309318066e-02</internalNodes>
      <leafValues>
        5.7611769437789917e-01 -2.2127224504947662e-01</leafValues></_>
    <_>
      <internalNodes>
        0 -1 80545 3.4188642166554928e-03</internalNodes>
      <leafValues>
        -1.5591724216938019e-01 6.6575527191162109e-01</leafValues></_>
    <_>
      <internalNodes>
        0 -1 128126 -5.6212237104773521e-03</internalNodes>
      <leafValues>
        6.2749731540679932e-01 -1.9682151079177856e-01</leafValues></_>
    <_>
      <internalNodes>
        0 -1 157458 1.2573036365211010e-03</internalNodes>
      <leafValues>
        -1.3091088831424713e-01 7.5709491968154907e-01</leafValues></_>
    <_>
      <internalNodes>
        0 -1 142103 8.7245265021920204e-03</internalNodes>
      <leafValues>
        1.6949048638343811e-01 -6.9894820451736450e-01</leafValues></_></weakClassifiers></stage6>
</opencv_storage>
