<?xml version="1.0"?>
<opencv_storage>
<stage1>
  <maxWeakCount>9</maxWeakCount>
  <stageThreshold>-9.4828778505325317e-01</stageThreshold>
  <weakClassifiers>
    <_>
      <internalNodes>
        0 -1 80938 -1.3194853439927101e-02</internalNodes>
      <leafValues>
        7.9008746147155762e-01 -2.7626457810401917e-01</leafValues></_>
    <_>
      <internalNodes>
        0 -1 139056 4.9187969416379929e-03</internalNodes>
      <leafValues>
        -2.5231599807739258e-01 7.8709995746612549e-01</leafValues></_>
    <_>
      <internalNodes>
        0 -1 100331 -2.0257456228137016e-02</internalNodes>
      <leafValues>
        5.6896406412124634e-01 -3.8839030265808105e-01</leafValues></_>
    <_>
      <internalNodes>
        0 -1 46516 3.0552145093679428e-02</internalNodes>
      <leafValues>
        -3.3069089055061340e-01 6.5080261230468750e-01</leafValues></_>
    <_>
      <internalNodes>
        0 -1 139082 1.5333816409111023e-03</internalNodes>
      <leafValues>
        -2.0414303243160248e-01 7.1500724554061890e-01</leafValues></_>
    <_>
      <internalNodes>
        0 -1 121350 -1.7313563730567694e-03</internalNodes>
      <leafValues>
        5.8335471153259277e-01 -2.9060566425323486e-01</leafValues></_>
    <_>
      <internalNodes>
        0 -1 24500 -1.5565802343189716e-02</internalNodes>
      <leafValues>
        7.2943389415740967e-01 -2.6806616783142090e-01</leafValues></_>
    <_>
      <internalNodes>
        0 -1 68961 -4.6278662048280239e-03</internalNodes>
      <leafValues>
        5.4589766263961792e-01 -3.0156284570693970e-01</leafValues></_>
    <_>
      <internalNodes>
        0 -1 119299 -1.1710937542375177e-04</internalNodes>
      <leafValues>
        5.1629114151000977e-01 -3.5232970118522644e-01</leafValues></_></weakClassifiers></stage1>
</opencv_storage>
