<?xml version="1.0"?>
<opencv_storage>
<stage5>
  <maxWeakCount>13</maxWeakCount>
  <stageThreshold>-5.5137342214584351e-01</stageThreshold>
  <weakClassifiers>
    <_>
      <internalNodes>
        0 -1 131262 -8.0623409303370863e-05</internalNodes>
      <leafValues>
        5.4545456171035767e-01 -2.5000000000000000e-01</leafValues></_>
    <_>
      <internalNodes>
        0 -1 71047 -1.7936030402779579e-02</internalNodes>
      <leafValues>
        4.8603788018226624e-01 -2.9793033003807068e-01</leafValues></_>
    <_>
      <internalNodes>
        0 -1 113671 2.2056914865970612e-02</internalNodes>
      <leafValues>
        -2.9669675230979919e-01 5.0054019689559937e-01</leafValues></_>
    <_>
      <internalNodes>
        0 -1 60133 -1.6602873802185059e-03</internalNodes>
      <leafValues>
        8.2530128955841064e-01 -1.3562074303627014e-01</leafValues></_>
    <_>
      <internalNodes>
        0 -1 68961 -1.6788577660918236e-02</internalNodes>
      <leafValues>
        8.0500876903533936e-01 -1.5278790891170502e-01</leafValues></_>
    <_>
      <internalNodes>
        0 -1 51595 -3.3573526889085770e-02</internalNodes>
      <leafValues>
        5.0711548328399658e-01 -2.3840434849262238e-01</leafValues></_>
    <_>
      <internalNodes>
        0 -1 8354 5.6072447448968887e-02</internalNodes>
      <leafValues>
        -1.7147529125213623e-01 6.3652342557907104e-01</leafValues></_>
    <_>
      <internalNodes>
        0 -1 21094 -2.2988034412264824e-02</internalNodes>
      <leafValues>
        6.0841041803359985e-01 -2.1387095749378204e-01</leafValues></_>
    <_>
      <internalNodes>
        0 -1 117418 -1.2527822982519865e-03</internalNodes>
      <leafValues>
        -4.2185851931571960e-01 3.4267982840538025e-01</leafValues></_>
    <_>
      <internalNodes>
        0 -1 151577 -7.2574667865410447e-04</internalNodes>
      <leafValues>
        5.9591454267501831e-01 -2.3894584178924561e-01</leafValues></_>
    <_>
      <internalNodes>
        0 -1 143357 -6.8574678152799606e-04</internalNodes>
      <leafValues>
        6.9115537405014038e-01 -1.5838862955570221e-01</leafValues></_>
    <_>
      <internalNodes>
        0 -1 23896 -2.4078190326690674e-02</internalNodes>
      <leafValues>
        8.3655542135238647e-01 -1.0989013314247131e-01</leafValues></_>
    <_>
      <internalNodes>
        0 -1 154398 1.9075212767347693e-03</internalNodes>
      <leafValues>
        -1.7101663351058960e-01 6.1964714527130127e-01</leafValues></_></weakClassifiers></stage5>
</opencv_storage>
