<?xml version="1.0"?>
<opencv_storage>
<cascade>
  <stageType>BOOST</stageType>
  <featureType>HAAR</featureType>
  <height>24</height>
  <width>24</width>
  <stageParams>
    <boostType>GAB</boostType>
    <minHitRate>9.9500000476837158e-01</minHitRate>
    <maxFalseAlarm>5.0000000000000000e-01</maxFalseAlarm>
    <weightTrimRate>9.4999999999999996e-01</weightTrimRate>
    <maxDepth>1</maxDepth>
    <maxWeakCount>100</maxWeakCount></stageParams>
  <featureParams>
    <maxCatCount>0</maxCatCount>
    <featSize>1</featSize>
    <mode>BASIC</mode></featureParams>
  <stageNum>20</stageNum>
  <stages>
    <!-- stage 0 -->
    <_>
      <maxWeakCount>6</maxWeakCount>
      <stageThreshold>-4.6431356668472290e-01</stageThreshold>
      <weakClassifiers>
        <_>
          <internalNodes>
            0 -1 80 -3.6137878894805908e-02</internalNodes>
          <leafValues>
            8.4469699859619141e-01 -3.9247313141822815e-01</leafValues></_>
        <_>
          <internalNodes>
            0 -1 135 -1.8745260313153267e-02</internalNodes>
          <leafValues>
            5.9365171194076538e-01 -5.5756145715713501e-01</leafValues></_>
        <_>
          <internalNodes>
            0 -1 57 2.8429936617612839e-02</internalNodes>
          <leafValues>
            -4.8579055070877075e-01 6.1477321386337280e-01</leafValues></_>
        <_>
          <internalNodes>
            0 -1 183 5.3449133411049843e-03</internalNodes>
          <leafValues>
            -3.5954555869102478e-01 7.7905577421188354e-01</leafValues></_>
        <_>
          <internalNodes>
            0 -1 52 1.2422422878444195e-02</internalNodes>
          <leafValues>
            -3.5349228978157043e-01 7.1421402692794800e-01</leafValues></_>
        <_>
          <internalNodes>
            0 -1 198 9.4886263832449913e-03</internalNodes>
          <leafValues>
            -3.8393041491508484e-01 5.8398562669754028e-01</leafValues></_></weakClassifiers></_>
    <!-- stage 1 -->
    <_>
      <maxWeakCount>9</maxWeakCount>
      <stageThreshold>-1.0362590551376343e+00</stageThreshold>
      <weakClassifiers>
        <_>
          <internalNodes>
            0 -1 104 2.1080896258354187e-02</internalNodes>
          <leafValues>
            -3.6734694242477417e-01 6.7326730489730835e-01</leafValues></_>
        <_>
          <internalNodes>
            0 -1 143 -2.2587547078728676e-02</internalNodes>
          <leafValues>
            6.4528185129165649e-01 -3.2011076807975769e-01</leafValues></_>
        <_>
          <internalNodes>
            0 -1 116 3.2410297542810440e-02</internalNodes>
          <leafValues>
            -3.2849550247192383e-01 6.0585558414459229e-01</leafValues></_>
        <_>
          <internalNodes>
            0 -1 157 7.1592526510357857e-03</internalNodes>
          <leafValues>
            -2.9143294692039490e-01 6.2434053421020508e-01</leafValues></_>
        <_>
          <internalNodes>
            0 -1 162 -1.8707964569330215e-02</internalNodes>
          <leafValues>
            4.2073267698287964e-01 -4.2301833629608154e-01</leafValues></_>
        <_>
          <internalNodes>
            0 -1 73 3.4795291721820831e-02</internalNodes>
          <leafValues>
            -2.5940728187561035e-01 7.2469222545623779e-01</leafValues></_>
        <_>
          <internalNodes>
            0 -1 66 4.2873853817582130e-03</internalNodes>
          <leafValues>
            -2.8422939777374268e-01 5.2162504196166992e-01</leafValues></_>
        <_>
          <internalNodes>
            0 -1 111 4.1023148223757744e-03</internalNodes>
          <leafValues>
            -2.8872832655906677e-01 5.8358043432235718e-01</leafValues></_>
        <_>
          <internalNodes>
            0 -1 218 3.2382804900407791e-02</internalNodes>
          <leafValues>
            -2.3301407694816589e-01 5.4311978816986084e-01</leafValues></_></weakClassifiers></_>
    <!-- stage 2 -->
    <_>
      <maxWeakCount>12</maxWeakCount>
      <stageThreshold>-7.6640444993972778e-01</stageThreshold>
      <weakClassifiers>
        <_>
          <internalNodes>
            0 -1 6 -3.6090835928916931e-02</internalNodes>
          <leafValues>
            6.9539076089859009e-01 -1.1720698326826096e-01</leafValues></_>
        <_>
          <internalNodes>
            0 -1 150 -2.6892751455307007e-02</internalNodes>
          <leafValues>
            4.3050187826156616e-01 -4.1910061240196228e-01</leafValues></_>
        <_>
          <internalNodes>
            0 -1 170 -9.4698900356888771e-03</internalNodes>
          <leafValues>
            6.0210114717483521e-01 -2.9331517219543457e-01</leafValues></_>
        <_>
          <internalNodes>
            0 -1 196 1.5835301019251347e-03</internalNodes>
          <leafValues>
            -2.9635897278785706e-01 6.2376540899276733e-01</leafValues></_>
        <_>
          <internalNodes>
            0 -1 72 3.3262673765420914e-02</internalNodes>
          <leafValues>
            -3.2885858416557312e-01 5.2261936664581299e-01</leafValues></_>
        <_>
          <internalNodes>
            0 -1 110 1.7616713419556618e-02</internalNodes>
          <leafValues>
            -2.4604053795337677e-01 5.7199758291244507e-01</leafValues></_>
        <_>
          <internalNodes>
            0 -1 49 1.8565339967608452e-02</internalNodes>
          <leafValues>
            -2.4501425027847290e-01 5.5424946546554565e-01</leafValues></_>
        <_>
          <internalNodes>
            0 -1 224 1.2703333050012589e-03</internalNodes>
          <leafValues>
            -1.5608462691307068e-01 7.0765936374664307e-01</leafValues></_>
        <_>
          <internalNodes>
            0 -1 221 -1.7861605156213045e-03</internalNodes>
          <leafValues>
            5.9520947933197021e-01 -1.8754665553569794e-01</leafValues></_>
        <_>
          <internalNodes>
            0 -1 178 7.2627665940672159e-04</internalNodes>
          <leafValues>
            2.4155196547508240e-01 -5.8182930946350098e-01</leafValues></_>
        <_>
          <internalNodes>
            0 -1 96 2.4942788295447826e-03</internalNodes>
          <leafValues>
            -2.0801259577274323e-01 7.4290257692337036e-01</leafValues></_>
        <_>
          <internalNodes>
            0 -1 214 -1.6581395175307989e-03</internalNodes>
          <leafValues>
            5.7864761352539063e-01 -1.6115911304950714e-01</leafValues></_></weakClassifiers></_>
    <!-- stage 3 -->
    <_>
      <maxWeakCount>16</maxWeakCount>
      <stageThreshold>-7.1710485219955444e-01</stageThreshold>
      <weakClassifiers>
        <_>
          <internalNodes>
            0 -1 132 -2.2236138582229614e-02</internalNodes>
          <leafValues>
            6.1073827743530273e-01 -2.1052631735801697e-01</leafValues></_>
        <_>
          <internalNodes>
            0 -1 25 1.6921009868383408e-02</internalNodes>
          <leafValues>
            -2.3976032435894012e-01 5.4469043016433716e-01</leafValues></_>
        <_>
          <internalNodes>
            0 -1 24 -2.6763645000755787e-03</internalNodes>
          <leafValues>
            3.0643734335899353e-01 -4.6872949600219727e-01</leafValues></_>
        <_>
          <internalNodes>
            0 -1 193 9.1271428391337395e-03</internalNodes>
          <leafValues>
            -2.5379711389541626e-01 6.1497181653976440e-01</leafValues></_>
        <_>
          <internalNodes>
            0 -1 86 -8.2486802712082863e-03</internalNodes>
          <leafValues>
            3.5546800494194031e-01 -3.2394066452980042e-01</leafValues></_>
        <_>
          <internalNodes>
            0 -1 205 7.6328064315021038e-03</internalNodes>
          <leafValues>
            -2.2561971843242645e-01 6.0071146488189697e-01</leafValues></_>
        <_>
          <internalNodes>
            0 -1 43 5.6447133421897888e-02</internalNodes>
          <leafValues>
            -2.0411299169063568e-01 5.2164351940155029e-01</leafValues></_>
        <_>
          <internalNodes>
            0 -1 59 -1.8398266285657883e-02</internalNodes>
          <leafValues>
            6.9593721628189087e-01 -1.4329883456230164e-01</leafValues></_>
        <_>
          <internalNodes>
            0 -1 188 3.7821236765012145e-04</internalNodes>
          <leafValues>
            1.4328224956989288e-01 -8.3096110820770264e-01</leafValues></_>
        <_>
          <internalNodes>
            0 -1 50 1.0492442175745964e-02</internalNodes>
          <leafValues>
            -1.7998625338077545e-01 6.7113536596298218e-01</leafValues></_>
        <_>
          <internalNodes>
            0 -1 64 -2.7979454025626183e-03</internalNodes>
          <leafValues>
            5.8320134878158569e-01 -1.7000578343868256e-01</leafValues></_>
        <_>
          <internalNodes>
            0 -1 142 -2.5588244199752808e-02</internalNodes>
          <leafValues>
            2.5578600168228149e-01 -3.9707651734352112e-01</leafValues></_>
        <_>
          <internalNodes>
            0 -1 242 7.4461160693317652e-04</internalNodes>
          <leafValues>
            1.6906988620758057e-01 -5.8822935819625854e-01</leafValues></_>
        <_>
          <internalNodes>
            0 -1 229 2.5367887690663338e-02</internalNodes>
          <leafValues>
            -2.2005753219127655e-01 5.4341214895248413e-01</leafValues></_>
        <_>
          <internalNodes>
            0 -1 240 6.7388534080237150e-04</internalNodes>
          <leafValues>
            1.8027961254119873e-01 -6.3877314329147339e-01</leafValues></_>
        <_>
          <internalNodes>
            0 -1 77 1.8366549164056778e-02</internalNodes>
          <leafValues>
            -2.1441742777824402e-01 4.6134591102600098e-01</leafValues></_></weakClassifiers></_>
    <!-- stage 4 -->
    <_>
      <maxWeakCount>9</maxWeakCount>
      <stageThreshold>-6.6463130712509155e-01</stageThreshold>
      <weakClassifiers>
        <_>
          <internalNodes>
            0 -1 84 -2.6387181133031845e-02</internalNodes>
          <leafValues>
            6.7058825492858887e-01 -1.0769230872392654e-01</leafValues></_>
        <_>
          <internalNodes>
            0 -1 164 -1.0207314044237137e-02</internalNodes>
          <leafValues>
            3.8782933354377747e-01 -5.0629013776779175e-01</leafValues></_>
        <_>
          <internalNodes>
            0 -1 123 1.0513842105865479e-02</internalNodes>
          <leafValues>
            -2.1017168462276459e-01 6.9333428144454956e-01</leafValues></_>
        <_>
          <internalNodes>
            0 -1 204 -4.6831141225993633e-03</internalNodes>
          <leafValues>
            4.6556898951530457e-01 -2.6763808727264404e-01</leafValues></_>
        <_>
          <internalNodes>
            0 -1 168 5.2486443892121315e-03</internalNodes>
          <leafValues>
            -2.3712545633316040e-01 5.2840590476989746e-01</leafValues></_>
        <_>
          <internalNodes>
            0 -1 89 5.5183805525302887e-03</internalNodes>
          <leafValues>
            -3.2718789577484131e-01 3.6302381753921509e-01</leafValues></_>
        <_>
          <internalNodes>
            0 -1 65 5.0383377820253372e-03</internalNodes>
          <leafValues>
            -2.4407668411731720e-01 4.7871145606040955e-01</leafValues></_>
        <_>
          <internalNodes>
            0 -1 166 7.5662101153284311e-04</internalNodes>
          <leafValues>
            -1.8408174812793732e-01 7.0204347372055054e-01</leafValues></_>
        <_>
          <internalNodes>
            0 -1 95 -1.5379738761112094e-03</internalNodes>
          <leafValues>
            6.8642556667327881e-01 -1.4944773912429810e-01</leafValues></_></weakClassifiers></_>
    <!-- stage 5 -->
    <_>
      <maxWeakCount>14</maxWeakCount>
      <stageThreshold>-6.1784732341766357e-01</stageThreshold>
      <weakClassifiers>
        <_>
          <internalNodes>
            0 -1 81 -3.7891209125518799e-02</internalNodes>
          <leafValues>
            5.6454122066497803e-01 -2.4513618648052216e-01</leafValues></_>
        <_>
          <internalNodes>
            0 -1 194 4.6531837433576584e-03</internalNodes>
          <leafValues>
            -2.2066597640514374e-01 5.2135276794433594e-01</leafValues></_>
        <_>
          <internalNodes>
            0 -1 90 -1.7968317866325378e-01</internalNodes>
          <leafValues>
            6.2604790925979614e-01 -1.9298702478408813e-01</leafValues></_>
        <_>
          <internalNodes>
            0 -1 67 1.2639711610972881e-02</internalNodes>
          <leafValues>
            -2.2801610827445984e-01 5.5073118209838867e-01</leafValues></_>
        <_>
          <internalNodes>
            0 -1 179 -1.0796014685183764e-03</internalNodes>
          <leafValues>
            7.0789635181427002e-01 -1.7958927154541016e-01</leafValues></_>
        <_>
          <internalNodes>
            0 -1 9 6.1582826077938080e-02</internalNodes>
          <leafValues>
            -1.6143050789833069e-01 6.5550678968429565e-01</leafValues></_>
        <_>
          <internalNodes>
            0 -1 184 1.2059769360348582e-03</internalNodes>
          <leafValues>
            -2.5961637496948242e-01 5.0831109285354614e-01</leafValues></_>
        <_>
          <internalNodes>
            0 -1 55 -6.5440754406154156e-03</internalNodes>
          <leafValues>
            7.7547091245651245e-01 -1.3040105998516083e-01</leafValues></_>
        <_>
          <internalNodes>
            0 -1 41 -1.7291808035224676e-03</internalNodes>
          <leafValues>
            6.9600427150726318e-01 -1.7672803997993469e-01</leafValues></_>
        <_>
          <internalNodes>
            0 -1 15 -9.0050213038921356e-03</internalNodes>
          <leafValues>
            5.4980838298797607e-01 -2.1718928217887878e-01</leafValues></_>
        <_>
          <internalNodes>
            0 -1 33 -1.3614178169518709e-03</internalNodes>
          <leafValues>
            -6.6122370958328247e-01 1.9469055533409119e-01</leafValues></_>
        <_>
          <internalNodes>
            0 -1 230 3.8093645125627518e-03</internalNodes>
          <leafValues>
            -1.5853881835937500e-01 7.8222501277923584e-01</leafValues></_>
        <_>
          <internalNodes>
            0 -1 169 -6.4762622117996216e-02</internalNodes>
          <leafValues>
            -6.8769824504852295e-01 1.8070971965789795e-01</leafValues></_>
        <_>
          <internalNodes>
            0 -1 222 -2.9261372983455658e-03</internalNodes>
          <leafValues>
            6.4433777332305908e-01 -1.8524803221225739e-01</leafValues></_></weakClassifiers></_>
    <!-- stage 6 -->
    <_>
      <maxWeakCount>13</maxWeakCount>
      <stageThreshold>-6.0675877332687378e-01</stageThreshold>
      <weakClassifiers>
        <_>
          <internalNodes>
            0 -1 197 -2.4826217442750931e-02</internalNodes>
          <leafValues>
            5.8064514398574829e-01 -2.1428571641445160e-01</leafValues></_>
        <_>
          <internalNodes>
            0 -1 187 -6.0001667588949203e-02</internalNodes>
          <leafValues>
            6.1078232526779175e-01 -1.8773658573627472e-01</leafValues></_>
        <_>
          <internalNodes>
            0 -1 177 -5.7702756021171808e-04</internalNodes>
          <leafValues>
            2.9745176434516907e-01 -4.5410102605819702e-01</leafValues></_>
        <_>
          <internalNodes>
            0 -1 6 -5.2078865468502045e-02</internalNodes>
          <leafValues>
            4.5372083783149719e-01 -2.5866109132766724e-01</leafValues></_>
        <_>
          <internalNodes>
            0 -1 93 7.8959233360365033e-04</internalNodes>
          <leafValues>
            -2.4833735823631287e-01 5.8311390876770020e-01</leafValues></_>
        <_>
          <internalNodes>
            0 -1 236 1.0841556359082460e-03</internalNodes>
          <leafValues>
            2.0618654787540436e-01 -5.4728674888610840e-01</leafValues></_>
        <_>
          <internalNodes>
            0 -1 223 -1.4681930770166218e-04</internalNodes>
          <leafValues>
            3.9925485849380493e-01 -3.1642651557922363e-01</leafValues></_>
        <_>
          <internalNodes>
            0 -1 219 -5.2517461590468884e-03</internalNodes>
          <leafValues>
            6.2923949956893921e-01 -1.7702588438987732e-01</leafValues></_>
        <_>
          <internalNodes>
            0 -1 58 -3.2054667826741934e-03</internalNodes>
          <leafValues>
            7.5794476270675659e-01 -1.1495709419250488e-01</leafValues></_>
        <_>
          <internalNodes>
            0 -1 91 -1.1386036872863770e-01</internalNodes>
          <leafValues>
            5.5329942703247070e-01 -2.1186333894729614e-01</leafValues></_>
        <_>
          <internalNodes>
            0 -1 40 -6.7084301263093948e-03</internalNodes>
          <leafValues>
            4.6462136507034302e-01 -3.2726457715034485e-01</leafValues></_>
        <_>
          <internalNodes>
            0 -1 203 2.3649688810110092e-02</internalNodes>
          <leafValues>
            -1.3173322379589081e-01 8.5193383693695068e-01</leafValues></_>
        <_>
          <internalNodes>
            0 -1 20 -1.0603644885122776e-02</internalNodes>
          <leafValues>
            3.5052344202995300e-01 -3.9563137292861938e-01</leafValues></_></weakClassifiers></_>
    <!-- stage 7 -->
    <_>
      <maxWeakCount>11</maxWeakCount>
      <stageThreshold>-5.6607347726821899e-01</stageThreshold>
      <weakClassifiers>
        <_>
          <internalNodes>
            0 -1 63 -7.2566352784633636e-02</internalNodes>
          <leafValues>
            6.9734150171279907e-01 -9.9756687879562378e-02</leafValues></_>
        <_>
          <internalNodes>
            0 -1 109 -8.0838926136493683e-02</internalNodes>
          <leafValues>
            4.1071370244026184e-01 -2.9313430190086365e-01</leafValues></_>
        <_>
          <internalNodes>
            0 -1 21 -1.8510535359382629e-02</internalNodes>
          <leafValues>
            4.5586830377578735e-01 -2.8554818034172058e-01</leafValues></_>
        <_>
          <internalNodes>
            0 -1 214 -1.2925161281600595e-03</internalNodes>
          <leafValues>
            4.2298415303230286e-01 -2.6535353064537048e-01</leafValues></_>
        <_>
          <internalNodes>
            0 -1 202 -1.5734414773760363e-05</internalNodes>
          <leafValues>
            2.4740555882453918e-01 -4.4102829694747925e-01</leafValues></_>
        <_>
          <internalNodes>
            0 -1 87 -3.1295418739318848e-03</internalNodes>
          <leafValues>
            4.2105469107627869e-01 -2.7528649568557739e-01</leafValues></_>
        <_>
          <internalNodes>
            0 -1 125 6.7788526415824890e-02</internalNodes>
          <leafValues>
            1.4235736429691315e-01 -9.6859145164489746e-01</leafValues></_>
        <_>
          <internalNodes>
            0 -1 14 3.2237477600574493e-02</internalNodes>
          <leafValues>
            -1.6464339196681976e-01 7.7954071760177612e-01</leafValues></_>
        <_>
          <internalNodes>
            0 -1 54 1.5979871153831482e-02</internalNodes>
          <leafValues>
            -1.8061274290084839e-01 6.3161426782608032e-01</leafValues></_>
        <_>
          <internalNodes>
            0 -1 156 -1.8207211047410965e-02</internalNodes>
          <leafValues>
            -8.4344375133514404e-01 1.6109462082386017e-01</leafValues></_>
        <_>
          <internalNodes>
            0 -1 191 2.4584797210991383e-03</internalNodes>
          <leafValues>
            -2.4884068965911865e-01 4.9555748701095581e-01</leafValues></_></weakClassifiers></_>
    <!-- stage 8 -->
    <_>
      <maxWeakCount>15</maxWeakCount>
      <stageThreshold>-8.4278011322021484e-01</stageThreshold>
      <weakClassifiers>
        <_>
          <internalNodes>
            0 -1 3 7.5832813978195190e-02</internalNodes>
          <leafValues>
            -2.2172948811203241e-03 6.7037862539291382e-01</leafValues></_>
        <_>
          <internalNodes>
            0 -1 155 1.2792189605534077e-02</internalNodes>
          <leafValues>
            -1.6351173818111420e-01 6.9098985195159912e-01</leafValues></_>
        <_>
          <internalNodes>
            0 -1 140 -2.0088311284780502e-03</internalNodes>
          <leafValues>
            4.2017087340354919e-01 -3.0102792382240295e-01</leafValues></_>
        <_>
          <internalNodes>
            0 -1 47 -5.8176293969154358e-03</internalNodes>
          <leafValues>
            3.9460375905036926e-01 -2.8734615445137024e-01</leafValues></_>
        <_>
          <internalNodes>
            0 -1 200 4.4154806528240442e-04</internalNodes>
          <leafValues>
            1.8605689704418182e-01 -5.6184929609298706e-01</leafValues></_>
        <_>
          <internalNodes>
            0 -1 186 1.1924395803362131e-03</internalNodes>
          <leafValues>
            -1.6621799767017365e-01 6.8533492088317871e-01</leafValues></_>
        <_>
          <internalNodes>
            0 -1 241 6.9306290242820978e-04</internalNodes>
          <leafValues>
            2.4793249368667603e-01 -4.2806071043014526e-01</leafValues></_>
        <_>
          <internalNodes>
            0 -1 42 -4.1300412267446518e-03</internalNodes>
          <leafValues>
            7.5826352834701538e-01 -1.4928467571735382e-01</leafValues></_>
        <_>
          <internalNodes>
            0 -1 117 2.7093412354588509e-03</internalNodes>
          <leafValues>
            -1.7674936354160309e-01 5.1864141225814819e-01</leafValues></_>
        <_>
          <internalNodes>
            0 -1 8 -1.1822574306279421e-03</internalNodes>
          <leafValues>
            3.1292974948883057e-01 -3.5444495081901550e-01</leafValues></_>
        <_>
          <internalNodes>
            0 -1 127 -4.9687758088111877e-02</internalNodes>
          <leafValues>
            3.6664441227912903e-01 -3.0730408430099487e-01</leafValues></_>
        <_>
          <internalNodes>
            0 -1 190 -2.7667519170790911e-03</internalNodes>
          <leafValues>
            -6.4120197296142578e-01 1.4929386973381042e-01</leafValues></_>
        <_>
          <internalNodes>
            0 -1 212 1.9099336117506027e-02</internalNodes>
          <leafValues>
            -1.8322075903415680e-01 6.3164055347442627e-01</leafValues></_>
        <_>
          <internalNodes>
            0 -1 163 4.4918265193700790e-03</internalNodes>
          <leafValues>
            1.4974240958690643e-01 -7.7702718973159790e-01</leafValues></_>
        <_>
          <internalNodes>
            0 -1 106 4.7913012094795704e-03</internalNodes>
          <leafValues>
            -2.1163630485534668e-01 5.3398907184600830e-01</leafValues></_></weakClassifiers></_>
    <!-- stage 9 -->
    <_>
      <maxWeakCount>12</maxWeakCount>
      <stageThreshold>-7.5291776657104492e-01</stageThreshold>
      <weakClassifiers>
        <_>
          <internalNodes>
            0 -1 152 -2.4188589304685593e-03</internalNodes>
          <leafValues>
            5.5038762092590332e-01 -2.1568627655506134e-01</leafValues></_>
        <_>
          <internalNodes>
            0 -1 85 -3.7736594676971436e-02</internalNodes>
          <leafValues>
            3.9455381035804749e-01 -3.5775327682495117e-01</leafValues></_>
        <_>
          <internalNodes>
            0 -1 213 5.0440849736332893e-04</internalNodes>
          <leafValues>
            -1.6776528954505920e-01 5.7330065965652466e-01</leafValues></_>
        <_>
          <internalNodes>
            0 -1 37 -5.7433731853961945e-03</internalNodes>
          <leafValues>
            3.6243438720703125e-01 -2.8806698322296143e-01</leafValues></_>
        <_>
          <internalNodes>
            0 -1 27 1.4647292904555798e-02</internalNodes>
          <leafValues>
            1.7411281168460846e-01 -6.2894195318222046e-01</leafValues></_>
        <_>
          <internalNodes>
            0 -1 74 1.7269983654841781e-03</internalNodes>
          <leafValues>
            -1.4140675961971283e-01 6.3065695762634277e-01</leafValues></_>
        <_>
          <internalNodes>
            0 -1 180 1.4061044901609421e-02</internalNodes>
          <leafValues>
            -1.4752119779586792e-01 6.0248249769210815e-01</leafValues></_>
        <_>
          <internalNodes>
            0 -1 4 -1.0742629878222942e-02</internalNodes>
          <leafValues>
            -5.1711326837539673e-01 1.7808206379413605e-01</leafValues></_>
        <_>
          <internalNodes>
            0 -1 35 -1.4444896951317787e-02</internalNodes>
          <leafValues>
            3.1044933199882507e-01 -3.2760939002037048e-01</leafValues></_>
        <_>
          <internalNodes>
            0 -1 124 3.9121350273489952e-03</internalNodes>
          <leafValues>
            -1.9105376303195953e-01 5.8573150634765625e-01</leafValues></_>
        <_>
          <internalNodes>
            0 -1 101 -1.9317191094160080e-02</internalNodes>
          <leafValues>
            -5.8788341283798218e-01 2.4048495292663574e-01</leafValues></_>
        <_>
          <internalNodes>
            0 -1 137 -1.1556752724573016e-03</internalNodes>
          <leafValues>
            5.3355419635772705e-01 -2.4980062246322632e-01</leafValues></_></weakClassifiers></_>
    <!-- stage 10 -->
    <_>
      <maxWeakCount>18</maxWeakCount>
      <stageThreshold>-8.2829958200454712e-01</stageThreshold>
      <weakClassifiers>
        <_>
          <internalNodes>
            0 -1 12 -3.0028834007680416e-03</internalNodes>
          <leafValues>
            -3.3714285492897034e-01 4.9517241120338440e-01</leafValues></_>
        <_>
          <internalNodes>
            0 -1 82 -1.4635634142905474e-03</internalNodes>
          <leafValues>
            4.8779323697090149e-01 -1.8838484585285187e-01</leafValues></_>
        <_>
          <internalNodes>
            0 -1 147 -1.0210529714822769e-01</internalNodes>
          <leafValues>
            3.9609110355377197e-01 -2.8496298193931580e-01</leafValues></_>
        <_>
          <internalNodes>
            0 -1 232 1.5696258051320910e-03</internalNodes>
          <leafValues>
            -1.6780380904674530e-01 5.9613037109375000e-01</leafValues></_>
        <_>
          <internalNodes>
            0 -1 173 -2.1555041894316673e-04</internalNodes>
          <leafValues>
            2.9158085584640503e-01 -3.4746855497360229e-01</leafValues></_>
        <_>
          <internalNodes>
            0 -1 122 3.5482641309499741e-02</internalNodes>
          <leafValues>
            -1.0515739023685455e-01 7.8354531526565552e-01</leafValues></_>
        <_>
          <internalNodes>
            0 -1 159 6.4236717298626900e-04</internalNodes>
          <leafValues>
            -3.1772235035896301e-01 3.0740460753440857e-01</leafValues></_>
        <_>
          <internalNodes>
            0 -1 46 -3.2743840711191297e-04</internalNodes>
          <leafValues>
            -4.8871520161628723e-01 1.9399432837963104e-01</leafValues></_>
        <_>
          <internalNodes>
            0 -1 31 3.5301949828863144e-03</internalNodes>
          <leafValues>
            -1.7493014037609100e-01 5.3600078821182251e-01</leafValues></_>
        <_>
          <internalNodes>
            0 -1 94 5.4928548634052277e-03</internalNodes>
          <leafValues>
            -1.5310855209827423e-01 5.8473652601242065e-01</leafValues></_>
        <_>
          <internalNodes>
            0 -1 61 -1.1084710247814655e-02</internalNodes>
          <leafValues>
            4.2508396506309509e-01 -2.4912449717521667e-01</leafValues></_>
        <_>
          <internalNodes>
            0 -1 11 6.4349081367254257e-04</internalNodes>
          <leafValues>
            1.7118656635284424e-01 -5.2618831396102905e-01</leafValues></_>
        <_>
          <internalNodes>
            0 -1 99 1.5012938529253006e-03</internalNodes>
          <leafValues>
            -9.8624318838119507e-02 8.4801506996154785e-01</leafValues></_>
        <_>
          <internalNodes>
            0 -1 1 -9.9190622568130493e-03</internalNodes>
          <leafValues>
            -5.0718730688095093e-01 1.9469122588634491e-01</leafValues></_>
        <_>
          <internalNodes>
            0 -1 105 -8.7421238422393799e-02</internalNodes>
          <leafValues>
            4.2883357405662537e-01 -2.2966507077217102e-01</leafValues></_>
        <_>
          <internalNodes>
            0 -1 56 2.6862105354666710e-02</internalNodes>
          <leafValues>
            -1.9670228660106659e-01 5.2695441246032715e-01</leafValues></_>
        <_>
          <internalNodes>
            0 -1 239 7.1444764034822583e-04</internalNodes>
          <leafValues>
            1.9818301498889923e-01 -4.5335122942924500e-01</leafValues></_>
        <_>
          <internalNodes>
            0 -1 217 -5.9309666976332664e-03</internalNodes>
          <leafValues>
            5.6606096029281616e-01 -1.7925167083740234e-01</leafValues></_></weakClassifiers></_>
    <!-- stage 11 -->
    <_>
      <maxWeakCount>13</maxWeakCount>
      <stageThreshold>-6.7621016502380371e-01</stageThreshold>
      <weakClassifiers>
        <_>
          <internalNodes>
            0 -1 22 -4.6380730345845222e-03</internalNodes>
          <leafValues>
            6.2075132131576538e-01 -1.3782991468906403e-01</leafValues></_>
        <_>
          <internalNodes>
            0 -1 227 -4.2963540181517601e-03</internalNodes>
          <leafValues>
            3.7623152136802673e-01 -3.2626509666442871e-01</leafValues></_>
        <_>
          <internalNodes>
            0 -1 69 4.5877596130594611e-04</internalNodes>
          <leafValues>
            -3.3138385415077209e-01 2.7843949198722839e-01</leafValues></_>
        <_>
          <internalNodes>
            0 -1 175 -3.5695787519216537e-03</internalNodes>
          <leafValues>
            -8.0030858516693115e-01 1.1197236180305481e-01</leafValues></_>
        <_>
          <internalNodes>
            0 -1 97 1.1407244019210339e-03</internalNodes>
          <leafValues>
            -1.7571318149566650e-01 5.7670080661773682e-01</leafValues></_>
        <_>
          <internalNodes>
            0 -1 10 -9.1457143425941467e-03</internalNodes>
          <leafValues>
            3.4308052062988281e-01 -2.7928873896598816e-01</leafValues></_>
        <_>
          <internalNodes>
            0 -1 75 -1.5442848671227694e-03</internalNodes>
          <leafValues>
            6.1143738031387329e-01 -1.2558524310588837e-01</leafValues></_>
        <_>
          <internalNodes>
            0 -1 206 5.7848729193210602e-04</internalNodes>
          <leafValues>
            -1.6612775623798370e-01 5.5773997306823730e-01</leafValues></_>
        <_>
          <internalNodes>
            0 -1 53 -8.8255945593118668e-04</internalNodes>
          <leafValues>
            4.6161162853240967e-01 -1.8115000426769257e-01</leafValues></_>
        <_>
          <internalNodes>
            0 -1 172 -5.9801602037623525e-04</internalNodes>
          <leafValues>
            4.3751397728919983e-01 -2.1916912496089935e-01</leafValues></_>
        <_>
          <internalNodes>
            0 -1 226 -9.2989094555377960e-03</internalNodes>
          <leafValues>
            4.2341491580009460e-01 -2.1690961718559265e-01</leafValues></_>
        <_>
          <internalNodes>
            0 -1 211 4.4672843068838120e-03</internalNodes>
          <leafValues>
            2.0563513040542603e-01 -5.3265082836151123e-01</leafValues></_>
        <_>
          <internalNodes>
            0 -1 119 2.2257965058088303e-02</internalNodes>
          <leafValues>
            1.2302255630493164e-01 -7.8703963756561279e-01</leafValues></_></weakClassifiers></_>
    <!-- stage 12 -->
    <_>
      <maxWeakCount>11</maxWeakCount>
      <stageThreshold>-8.0685740709304810e-01</stageThreshold>
      <weakClassifiers>
        <_>
          <internalNodes>
            0 -1 136 -7.5682491064071655e-02</internalNodes>
          <leafValues>
            7.2455090284347534e-01 -1.5789473056793213e-01</leafValues></_>
        <_>
          <internalNodes>
            0 -1 128 -2.8915215283632278e-02</internalNodes>
          <leafValues>
            7.4991178512573242e-01 -1.5749332308769226e-01</leafValues></_>
        <_>
          <internalNodes>
            0 -1 216 -1.6477312892675400e-03</internalNodes>
          <leafValues>
            -4.7358438372612000e-01 2.8586930036544800e-01</leafValues></_>
        <_>
          <internalNodes>
            0 -1 13 -1.1851742863655090e-02</internalNodes>
          <leafValues>
            7.5806158781051636e-01 -2.0471151173114777e-01</leafValues></_>
        <_>
          <internalNodes>
            0 -1 237 -9.8833627998828888e-04</internalNodes>
          <leafValues>
            -4.1826769709587097e-01 3.1700056791305542e-01</leafValues></_>
        <_>
          <internalNodes>
            0 -1 153 -9.2791719362139702e-04</internalNodes>
          <leafValues>
            4.6152526140213013e-01 -2.8648975491523743e-01</leafValues></_>
        <_>
          <internalNodes>
            0 -1 171 2.6332291308790445e-03</internalNodes>
          <leafValues>
            2.2977504134178162e-01 -6.0757493972778320e-01</leafValues></_>
        <_>
          <internalNodes>
            0 -1 161 1.2401033927744720e-05</internalNodes>
          <leafValues>
            -3.3883723616600037e-01 3.5720103979110718e-01</leafValues></_>
        <_>
          <internalNodes>
            0 -1 233 -3.3201120095327497e-04</internalNodes>
          <leafValues>
            -4.4659972190856934e-01 2.6635217666625977e-01</leafValues></_>
        <_>
          <internalNodes>
            0 -1 231 -3.4245597198605537e-03</internalNodes>
          <leafValues>
            7.0875382423400879e-01 -1.7858295142650604e-01</leafValues></_>
        <_>
          <internalNodes>
            0 -1 126 -5.0534974783658981e-02</internalNodes>
          <leafValues>
            -7.1882790327072144e-01 1.7760871350765228e-01</leafValues></_></weakClassifiers></_>
    <!-- stage 13 -->
    <_>
      <maxWeakCount>13</maxWeakCount>
      <stageThreshold>-7.1874743700027466e-01</stageThreshold>
      <weakClassifiers>
        <_>
          <internalNodes>
            0 -1 118 -2.0589996129274368e-02</internalNodes>
          <leafValues>
            7.0354908704757690e-01 -8.7885983288288116e-02</leafValues></_>
        <_>
          <internalNodes>
            0 -1 0 5.3353574126958847e-02</internalNodes>
          <leafValues>
            -3.0800035595893860e-01 3.6143839359283447e-01</leafValues></_>
        <_>
          <internalNodes>
            0 -1 220 5.2973525598645210e-03</internalNodes>
          <leafValues>
            1.6608421504497528e-01 -7.9206460714340210e-01</leafValues></_>
        <_>
          <internalNodes>
            0 -1 165 1.6746282577514648e-02</internalNodes>
          <leafValues>
            -2.4172939360141754e-01 4.7874116897583008e-01</leafValues></_>
        <_>
          <internalNodes>
            0 -1 174 -1.3662038836628199e-03</internalNodes>
          <leafValues>
            2.7916008234024048e-01 -3.7909188866615295e-01</leafValues></_>
        <_>
          <internalNodes>
            0 -1 195 1.0281115770339966e-02</internalNodes>
          <leafValues>
            -2.0103530585765839e-01 5.2882438898086548e-01</leafValues></_>
        <_>
          <internalNodes>
            0 -1 234 -3.0881820712238550e-03</internalNodes>
          <leafValues>
            -6.9521433115005493e-01 1.6965761780738831e-01</leafValues></_>
        <_>
          <internalNodes>
            0 -1 149 -1.0200017131865025e-03</internalNodes>
          <leafValues>
            6.1741006374359131e-01 -1.9392728805541992e-01</leafValues></_>
        <_>
          <internalNodes>
            0 -1 7 -5.9004019945859909e-02</internalNodes>
          <leafValues>
            6.9779926538467407e-01 -1.3227394223213196e-01</leafValues></_>
        <_>
          <internalNodes>
            0 -1 16 6.5742707811295986e-03</internalNodes>
          <leafValues>
            1.6408762335777283e-01 -7.2371625900268555e-01</leafValues></_>
        <_>
          <internalNodes>
            0 -1 113 -1.3569876551628113e-01</internalNodes>
          <leafValues>
            8.1781792640686035e-01 -1.3979604840278625e-01</leafValues></_>
        <_>
          <internalNodes>
            0 -1 17 -1.3080293312668800e-02</internalNodes>
          <leafValues>
            7.6950830221176147e-01 -1.5315456688404083e-01</leafValues></_>
        <_>
          <internalNodes>
            0 -1 120 1.3934992253780365e-02</internalNodes>
          <leafValues>
            1.5549914538860321e-01 -8.4044724702835083e-01</leafValues></_></weakClassifiers></_>
    <!-- stage 14 -->
    <_>
      <maxWeakCount>16</maxWeakCount>
      <stageThreshold>-8.1793433427810669e-01</stageThreshold>
      <weakClassifiers>
        <_>
          <internalNodes>
            0 -1 26 1.3415770372375846e-03</internalNodes>
          <leafValues>
            5.1617437601089478e-01 -3.5449734330177307e-01</leafValues></_>
        <_>
          <internalNodes>
            0 -1 83 -2.5476058945059776e-02</internalNodes>
          <leafValues>
            4.3905955553054810e-01 -2.9895079135894775e-01</leafValues></_>
        <_>
          <internalNodes>
            0 -1 108 -9.7838327288627625e-02</internalNodes>
          <leafValues>
            5.7278555631637573e-01 -1.7192959785461426e-01</leafValues></_>
        <_>
          <internalNodes>
            0 -1 23 -6.6373003646731377e-03</internalNodes>
          <leafValues>
            4.1666668653488159e-01 -3.0049303174018860e-01</leafValues></_>
        <_>
          <internalNodes>
            0 -1 210 8.5185449570417404e-03</internalNodes>
          <leafValues>
            -1.7194145917892456e-01 5.1301860809326172e-01</leafValues></_>
        <_>
          <internalNodes>
            0 -1 207 -8.7146107107400894e-03</internalNodes>
          <leafValues>
            2.8681898117065430e-01 -3.4162718057632446e-01</leafValues></_>
        <_>
          <internalNodes>
            0 -1 44 1.9661948084831238e-02</internalNodes>
          <leafValues>
            -1.5348671376705170e-01 5.7789713144302368e-01</leafValues></_>
        <_>
          <internalNodes>
            0 -1 32 -2.3676589131355286e-02</internalNodes>
          <leafValues>
            8.2612931728363037e-01 -1.3499744236469269e-01</leafValues></_>
        <_>
          <internalNodes>
            0 -1 148 -1.1849682778120041e-03</internalNodes>
          <leafValues>
            -5.7785969972610474e-01 2.0952026546001434e-01</leafValues></_>
        <_>
          <internalNodes>
            0 -1 209 5.6452783755958080e-03</internalNodes>
          <leafValues>
            1.5220703184604645e-01 -6.3520783185958862e-01</leafValues></_>
        <_>
          <internalNodes>
            0 -1 38 -9.6318274736404419e-03</internalNodes>
          <leafValues>
            6.0042196512222290e-01 -1.7184469103813171e-01</leafValues></_>
        <_>
          <internalNodes>
            0 -1 18 -6.4706485718488693e-03</internalNodes>
          <leafValues>
            6.2357592582702637e-01 -1.8254660069942474e-01</leafValues></_>
        <_>
          <internalNodes>
            0 -1 79 3.1667502480559051e-04</internalNodes>
          <leafValues>
            2.4373909831047058e-01 -4.4411522150039673e-01</leafValues></_>
        <_>
          <internalNodes>
            0 -1 29 9.7174689173698425e-02</internalNodes>
          <leafValues>
            -1.4674153923988342e-01 7.5977402925491333e-01</leafValues></_>
        <_>
          <internalNodes>
            0 -1 129 -3.1625758856534958e-03</internalNodes>
          <leafValues>
            6.4127641916275024e-01 -1.3679720461368561e-01</leafValues></_>
        <_>
          <internalNodes>
            0 -1 102 -1.8591264262795448e-02</internalNodes>
          <leafValues>
            4.1504231095314026e-01 -2.7389100193977356e-01</leafValues></_></weakClassifiers></_>
    <!-- stage 15 -->
    <_>
      <maxWeakCount>11</maxWeakCount>
      <stageThreshold>-8.0041170120239258e-01</stageThreshold>
      <weakClassifiers>
        <_>
          <internalNodes>
            0 -1 131 -2.2367365658283234e-02</internalNodes>
          <leafValues>
            -7.7011495828628540e-01 4.5141452550888062e-01</leafValues></_>
        <_>
          <internalNodes>
            0 -1 157 9.0942904353141785e-03</internalNodes>
          <leafValues>
            -1.7201709747314453e-01 7.2673451900482178e-01</leafValues></_>
        <_>
          <internalNodes>
            0 -1 141 -1.6618818044662476e-02</internalNodes>
          <leafValues>
            3.8455000519752502e-01 -3.9192494750022888e-01</leafValues></_>
        <_>
          <internalNodes>
            0 -1 112 4.9822546541690826e-02</internalNodes>
          <leafValues>
            -1.7480638623237610e-01 6.8974608182907104e-01</leafValues></_>
        <_>
          <internalNodes>
            0 -1 151 -6.6981621086597443e-02</internalNodes>
          <leafValues>
            4.8102319240570068e-01 -2.4430917203426361e-01</leafValues></_>
        <_>
          <internalNodes>
            0 -1 70 4.3755047954618931e-04</internalNodes>
          <leafValues>
            -2.2762046754360199e-01 5.2139937877655029e-01</leafValues></_>
        <_>
          <internalNodes>
            0 -1 62 7.4291171040385962e-04</internalNodes>
          <leafValues>
            -1.6056145727634430e-01 6.5110707283020020e-01</leafValues></_>
        <_>
          <internalNodes>
            0 -1 28 -1.0101538151502609e-02</internalNodes>
          <leafValues>
            5.5797183513641357e-01 -1.7690633237361908e-01</leafValues></_>
        <_>
          <internalNodes>
            0 -1 201 4.5917987823486328e-02</internalNodes>
          <leafValues>
            -2.6293522119522095e-01 4.3190336227416992e-01</leafValues></_>
        <_>
          <internalNodes>
            0 -1 45 -1.8118132138624787e-03</internalNodes>
          <leafValues>
            4.4524502754211426e-01 -2.5549632310867310e-01</leafValues></_>
        <_>
          <internalNodes>
            0 -1 115 -1.2495008995756507e-03</internalNodes>
          <leafValues>
            7.1616601943969727e-01 -2.2514903545379639e-01</leafValues></_></weakClassifiers></_>
    <!-- stage 16 -->
    <_>
      <maxWeakCount>10</maxWeakCount>
      <stageThreshold>-4.8048308491706848e-01</stageThreshold>
      <weakClassifiers>
        <_>
          <internalNodes>
            0 -1 139 -1.7748180776834488e-02</internalNodes>
          <leafValues>
            6.7469877004623413e-01 -8.9552238583564758e-02</leafValues></_>
        <_>
          <internalNodes>
            0 -1 176 -2.0032413303852081e-03</internalNodes>
          <leafValues>
            4.2054730653762817e-01 -3.9376994967460632e-01</leafValues></_>
        <_>
          <internalNodes>
            0 -1 182 1.5269678551703691e-03</internalNodes>
          <leafValues>
            -3.0632323026657104e-01 4.7977966070175171e-01</leafValues></_>
        <_>
          <internalNodes>
            0 -1 130 -3.9727684110403061e-02</internalNodes>
          <leafValues>
            2.9647064208984375e-01 -4.6190568804740906e-01</leafValues></_>
        <_>
          <internalNodes>
            0 -1 48 -1.5446345787495375e-03</internalNodes>
          <leafValues>
            6.1167275905609131e-01 -2.3687623441219330e-01</leafValues></_>
        <_>
          <internalNodes>
            0 -1 228 -2.0925658755004406e-03</internalNodes>
          <leafValues>
            6.7453813552856445e-01 -1.6507469117641449e-01</leafValues></_>
        <_>
          <internalNodes>
            0 -1 145 -1.5702433884143829e-03</internalNodes>
          <leafValues>
            -6.1526054143905640e-01 2.6648947596549988e-01</leafValues></_>
        <_>
          <internalNodes>
            0 -1 60 -1.5600051265209913e-03</internalNodes>
          <leafValues>
            5.6691646575927734e-01 -2.4970713257789612e-01</leafValues></_>
        <_>
          <internalNodes>
            0 -1 215 -1.0070929303765297e-02</internalNodes>
          <leafValues>
            7.0830672979354858e-01 -1.3260698318481445e-01</leafValues></_>
        <_>
          <internalNodes>
            0 -1 78 -1.5949232038110495e-03</internalNodes>
          <leafValues>
            7.8290975093841553e-01 -1.3813668489456177e-01</leafValues></_></weakClassifiers></_>
    <!-- stage 17 -->
    <_>
      <maxWeakCount>13</maxWeakCount>
      <stageThreshold>-9.4079548120498657e-01</stageThreshold>
      <weakClassifiers>
        <_>
          <internalNodes>
            0 -1 100 -2.0426724106073380e-02</internalNodes>
          <leafValues>
            6.2657094001770020e-01 -1.4285714924335480e-01</leafValues></_>
        <_>
          <internalNodes>
            0 -1 92 3.4577512997202575e-04</internalNodes>
          <leafValues>
            -2.2530886530876160e-01 5.8788394927978516e-01</leafValues></_>
        <_>
          <internalNodes>
            0 -1 225 -9.0250693028792739e-04</internalNodes>
          <leafValues>
            4.9722784757614136e-01 -3.1938555836677551e-01</leafValues></_>
        <_>
          <internalNodes>
            0 -1 107 1.0073149576783180e-02</internalNodes>
          <leafValues>
            -3.8408607244491577e-01 4.0353637933731079e-01</leafValues></_>
        <_>
          <internalNodes>
            0 -1 189 -1.3947913430456538e-05</internalNodes>
          <leafValues>
            4.5585066080093384e-01 -2.8674486279487610e-01</leafValues></_>
        <_>
          <internalNodes>
            0 -1 167 1.5532705583609641e-04</internalNodes>
          <leafValues>
            -2.1804566681385040e-01 5.1448470354080200e-01</leafValues></_>
        <_>
          <internalNodes>
            0 -1 5 1.8506724387407303e-02</internalNodes>
          <leafValues>
            1.7159900069236755e-01 -7.3551476001739502e-01</leafValues></_>
        <_>
          <internalNodes>
            0 -1 88 -1.1472778022289276e-01</internalNodes>
          <leafValues>
            5.2924549579620361e-01 -2.4443945288658142e-01</leafValues></_>
        <_>
          <internalNodes>
            0 -1 121 2.5218124501407146e-03</internalNodes>
          <leafValues>
            1.4310172200202942e-01 -8.0765426158905029e-01</leafValues></_>
        <_>
          <internalNodes>
            0 -1 30 -4.1275192052125931e-03</internalNodes>
          <leafValues>
            5.0604647397994995e-01 -2.3540894687175751e-01</leafValues></_>
        <_>
          <internalNodes>
            0 -1 160 1.5237081242958084e-05</internalNodes>
          <leafValues>
            -3.1301301717758179e-01 3.4761527180671692e-01</leafValues></_>
        <_>
          <internalNodes>
            0 -1 76 -3.2750663813203573e-03</internalNodes>
          <leafValues>
            6.8744283914566040e-01 -1.4760720729827881e-01</leafValues></_>
        <_>
          <internalNodes>
            0 -1 2 4.2384848929941654e-03</internalNodes>
          <leafValues>
            -1.8685019016265869e-01 5.2300590276718140e-01</leafValues></_></weakClassifiers></_>
    <!-- stage 18 -->
    <_>
      <maxWeakCount>14</maxWeakCount>
      <stageThreshold>-8.5913747549057007e-01</stageThreshold>
      <weakClassifiers>
        <_>
          <internalNodes>
            0 -1 134 -1.5661785006523132e-01</internalNodes>
          <leafValues>
            -6.5789473056793213e-01 4.2475727200508118e-01</leafValues></_>
        <_>
          <internalNodes>
            0 -1 199 -9.4198534497991204e-04</internalNodes>
          <leafValues>
            3.5952696204185486e-01 -4.1334724426269531e-01</leafValues></_>
        <_>
          <internalNodes>
            0 -1 103 3.8664452731609344e-03</internalNodes>
          <leafValues>
            -3.0611240863800049e-01 3.9345258474349976e-01</leafValues></_>
        <_>
          <internalNodes>
            0 -1 114 2.0038608461618423e-02</internalNodes>
          <leafValues>
            -1.5233895182609558e-01 7.3425245285034180e-01</leafValues></_>
        <_>
          <internalNodes>
            0 -1 154 7.9224575310945511e-03</internalNodes>
          <leafValues>
            -2.9456743597984314e-01 5.5943661928176880e-01</leafValues></_>
        <_>
          <internalNodes>
            0 -1 36 5.5020749568939209e-02</internalNodes>
          <leafValues>
            -1.0853040218353271e-01 7.3397862911224365e-01</leafValues></_>
        <_>
          <internalNodes>
            0 -1 238 7.1959081105887890e-04</internalNodes>
          <leafValues>
            3.0297234654426575e-01 -3.3965510129928589e-01</leafValues></_>
        <_>
          <internalNodes>
            0 -1 34 -6.1046197079122066e-03</internalNodes>
          <leafValues>
            5.5491179227828979e-01 -1.6184212267398834e-01</leafValues></_>
        <_>
          <internalNodes>
            0 -1 39 3.9160363376140594e-03</internalNodes>
          <leafValues>
            -1.6532520949840546e-01 6.0480016469955444e-01</leafValues></_>
        <_>
          <internalNodes>
            0 -1 133 -2.6939497329294682e-03</internalNodes>
          <leafValues>
            -6.4873170852661133e-01 1.7169128358364105e-01</leafValues></_>
        <_>
          <internalNodes>
            0 -1 208 -3.3719115890562534e-03</internalNodes>
          <leafValues>
            4.3605533242225647e-01 -2.3333504796028137e-01</leafValues></_>
        <_>
          <internalNodes>
            0 -1 144 -1.7139022238552570e-03</internalNodes>
          <leafValues>
            5.8536463975906372e-01 -1.6110871732234955e-01</leafValues></_>
        <_>
          <internalNodes>
            0 -1 158 -1.5701332813478075e-05</internalNodes>
          <leafValues>
            3.4885472059249878e-01 -2.5450268387794495e-01</leafValues></_>
        <_>
          <internalNodes>
            0 -1 98 -7.6518617570400238e-03</internalNodes>
          <leafValues>
            -5.5385863780975342e-01 1.9887226819992065e-01</leafValues></_></weakClassifiers></_>
    <!-- stage 19 -->
    <_>
      <maxWeakCount>10</maxWeakCount>
      <stageThreshold>-3.3545425534248352e-01</stageThreshold>
      <weakClassifiers>
        <_>
          <internalNodes>
            0 -1 185 -2.4080133065581322e-02</internalNodes>
          <leafValues>
            6.1870503425598145e-01 -1.2790697813034058e-01</leafValues></_>
        <_>
          <internalNodes>
            0 -1 68 -4.2071018833667040e-04</internalNodes>
          <leafValues>
            4.9291864037513733e-01 -2.4836966395378113e-01</leafValues></_>
        <_>
          <internalNodes>
            0 -1 71 5.0579356029629707e-03</internalNodes>
          <leafValues>
            -3.2249599695205688e-01 4.1506797075271606e-01</leafValues></_>
        <_>
          <internalNodes>
            0 -1 192 1.0096139740198851e-03</internalNodes>
          <leafValues>
            -1.6518321633338928e-01 7.5221806764602661e-01</leafValues></_>
        <_>
          <internalNodes>
            0 -1 51 -1.4945370145142078e-02</internalNodes>
          <leafValues>
            6.3965451717376709e-01 -1.9029498100280762e-01</leafValues></_>
        <_>
          <internalNodes>
            0 -1 19 7.8855864703655243e-03</internalNodes>
          <leafValues>
            2.2779348492622375e-01 -4.9524471163749695e-01</leafValues></_>
        <_>
          <internalNodes>
            0 -1 138 9.4799157232046127e-03</internalNodes>
          <leafValues>
            -1.5733672678470612e-01 7.2142225503921509e-01</leafValues></_>
        <_>
          <internalNodes>
            0 -1 181 7.9644899815320969e-03</internalNodes>
          <leafValues>
            -1.4023846387863159e-01 6.8811631202697754e-01</leafValues></_>
        <_>
          <internalNodes>
            0 -1 146 -8.6562279611825943e-03</internalNodes>
          <leafValues>
            -5.4011452198028564e-01 2.2083379328250885e-01</leafValues></_>
        <_>
          <internalNodes>
            0 -1 235 3.2411532010883093e-03</internalNodes>
          <leafValues>
            -1.5548317134380341e-01 6.5556234121322632e-01</leafValues></_></weakClassifiers></_></stages>
  <features>
    <_>
      <rects>
        <_>
          0 0 12 18 -1.</_>
        <_>
          0 0 6 9 2.</_>
        <_>
          6 9 6 9 2.</_></rects>
      <tilted>0</tilted></_>
    <_>
      <rects>
        <_>
          0 1 4 6 -1.</_>
        <_>
          0 4 4 3 2.</_></rects>
      <tilted>0</tilted></_>
    <_>
      <rects>
        <_>
          0 1 16 3 -1.</_>
        <_>
          0 2 16 1 3.</_></rects>
      <tilted>0</tilted></_>
    <_>
      <rects>
        <_>
          0 3 12 16 -1.</_>
        <_>
          0 3 6 8 2.</_>
        <_>
          6 11 6 8 2.</_></rects>
      <tilted>0</tilted></_>
    <_>
      <rects>
        <_>
          0 4 2 12 -1.</_>
        <_>
          0 8 2 4 3.</_></rects>
      <tilted>0</tilted></_>
    <_>
      <rects>
        <_>
          0 4 7 6 -1.</_>
        <_>
          0 7 7 3 2.</_></rects>
      <tilted>0</tilted></_>
    <_>
      <rects>
        <_>
          0 4 24 2 -1.</_>
        <_>
          8 4 8 2 3.</_></rects>
      <tilted>0</tilted></_>
    <_>
      <rects>
        <_>
          0 6 18 4 -1.</_>
        <_>
          6 6 6 4 3.</_></rects>
      <tilted>0</tilted></_>
    <_>
      <rects>
        <_>
          0 7 8 1 -1.</_>
        <_>
          4 7 4 1 2.</_></rects>
      <tilted>0</tilted></_>
    <_>
      <rects>
        <_>
          0 7 12 12 -1.</_>
        <_>
          0 7 6 6 2.</_>
        <_>
          6 13 6 6 2.</_></rects>
      <tilted>0</tilted></_>
    <_>
      <rects>
        <_>
          0 13 8 8 -1.</_>
        <_>
          0 13 4 4 2.</_>
        <_>
          4 17 4 4 2.</_></rects>
      <tilted>0</tilted></_>
    <_>
      <rects>
        <_>
          0 21 3 2 -1.</_>
        <_>
          0 22 3 1 2.</_></rects>
      <tilted>0</tilted></_>
    <_>
      <rects>
        <_>
          1 5 19 10 -1.</_>
        <_>
          1 10 19 5 2.</_></rects>
      <tilted>0</tilted></_>
    <_>
      <rects>
        <_>
          1 9 15 1 -1.</_>
        <_>
          6 9 5 1 3.</_></rects>
      <tilted>0</tilted></_>
    <_>
      <rects>
        <_>
          1 12 11 8 -1.</_>
        <_>
          1 16 11 4 2.</_></rects>
      <tilted>0</tilted></_>
    <_>
      <rects>
        <_>
          1 14 6 8 -1.</_>
        <_>
          1 14 3 4 2.</_>
        <_>
          4 18 3 4 2.</_></rects>
      <tilted>0</tilted></_>
    <_>
      <rects>
        <_>
          1 18 3 6 -1.</_>
        <_>
          1 20 3 2 3.</_></rects>
      <tilted>0</tilted></_>
    <_>
      <rects>
        <_>
          1 18 10 4 -1.</_>
        <_>
          1 18 5 2 2.</_>
        <_>
          6 20 5 2 2.</_></rects>
      <tilted>0</tilted></_>
    <_>
      <rects>
        <_>
          2 0 3 22 -1.</_>
        <_>
          3 0 1 22 3.</_></rects>
      <tilted>0</tilted></_>
    <_>
      <rects>
        <_>
          2 1 15 1 -1.</_>
        <_>
          7 1 5 1 3.</_></rects>
      <tilted>0</tilted></_>
    <_>
      <rects>
        <_>
          2 2 7 12 -1.</_>
        <_>
          2 6 7 4 3.</_></rects>
      <tilted>0</tilted></_>
    <_>
      <rects>
        <_>
          2 3 8 4 -1.</_>
        <_>
          6 3 4 4 2.</_></rects>
      <tilted>0</tilted></_>
    <_>
      <rects>
        <_>
          2 3 10 6 -1.</_>
        <_>
          2 5 10 2 3.</_></rects>
      <tilted>0</tilted></_>
    <_>
      <rects>
        <_>
          2 4 4 15 -1.</_>
        <_>
          2 9 4 5 3.</_></rects>
      <tilted>0</tilted></_>
    <_>
      <rects>
        <_>
          2 4 16 1 -1.</_>
        <_>
          10 4 8 1 2.</_></rects>
      <tilted>0</tilted></_>
    <_>
      <rects>
        <_>
          2 5 6 10 -1.</_>
        <_>
          2 5 3 5 2.</_>
        <_>
          5 10 3 5 2.</_></rects>
      <tilted>0</tilted></_>
    <_>
      <rects>
        <_>
          2 5 16 1 -1.</_>
        <_>
          10 5 8 1 2.</_></rects>
      <tilted>0</tilted></_>
    <_>
      <rects>
        <_>
          2 6 2 12 -1.</_>
        <_>
          2 10 2 4 3.</_></rects>
      <tilted>0</tilted></_>
    <_>
      <rects>
        <_>
          2 9 9 2 -1.</_>
        <_>
          5 9 3 2 3.</_></rects>
      <tilted>0</tilted></_>
    <_>
      <rects>
        <_>
          2 13 12 9 -1.</_>
        <_>
          6 13 4 9 3.</_></rects>
      <tilted>0</tilted></_>
    <_>
      <rects>
        <_>
          2 16 9 1 -1.</_>
        <_>
          5 16 3 1 3.</_></rects>
      <tilted>0</tilted></_>
    <_>
      <rects>
        <_>
          2 18 14 2 -1.</_>
        <_>
          2 18 7 1 2.</_>
        <_>
          9 19 7 1 2.</_></rects>
      <tilted>0</tilted></_>
    <_>
      <rects>
        <_>
          2 19 18 1 -1.</_>
        <_>
          8 19 6 1 3.</_></rects>
      <tilted>0</tilted></_>
    <_>
      <rects>
        <_>
          2 20 1 4 -1.</_>
        <_>
          2 22 1 2 2.</_></rects>
      <tilted>0</tilted></_>
    <_>
      <rects>
        <_>
          3 1 3 16 -1.</_>
        <_>
          4 1 1 16 3.</_></rects>
      <tilted>0</tilted></_>
    <_>
      <rects>
        <_>
          3 1 10 4 -1.</_>
        <_>
          8 1 5 4 2.</_></rects>
      <tilted>0</tilted></_>
    <_>
      <rects>
        <_>
          3 2 6 14 -1.</_>
        <_>
          3 2 3 7 2.</_>
        <_>
          6 9 3 7 2.</_></rects>
      <tilted>0</tilted></_>
    <_>
      <rects>
        <_>
          3 5 7 6 -1.</_>
        <_>
          3 7 7 2 3.</_></rects>
      <tilted>0</tilted></_>
    <_>
      <rects>
        <_>
          3 6 6 3 -1.</_>
        <_>
          5 6 2 3 3.</_></rects>
      <tilted>0</tilted></_>
    <_>
      <rects>
        <_>
          3 9 3 9 -1.</_>
        <_>
          4 9 1 9 3.</_></rects>
      <tilted>0</tilted></_>
    <_>
      <rects>
        <_>
          3 9 6 5 -1.</_>
        <_>
          5 9 2 5 3.</_></rects>
      <tilted>0</tilted></_>
    <_>
      <rects>
        <_>
          3 11 3 2 -1.</_>
        <_>
          4 11 1 2 3.</_></rects>
      <tilted>0</tilted></_>
    <_>
      <rects>
        <_>
          3 11 2 10 -1.</_>
        <_>
          3 11 1 5 2.</_>
        <_>
          4 16 1 5 2.</_></rects>
      <tilted>0</tilted></_>
    <_>
      <rects>
        <_>
          3 11 13 12 -1.</_>
        <_>
          3 15 13 4 3.</_></rects>
      <tilted>0</tilted></_>
    <_>
      <rects>
        <_>
          3 16 18 1 -1.</_>
        <_>
          9 16 6 1 3.</_></rects>
      <tilted>0</tilted></_>
    <_>
      <rects>
        <_>
          3 16 8 2 -1.</_>
        <_>
          3 17 8 1 2.</_></rects>
      <tilted>0</tilted></_>
    <_>
      <rects>
        <_>
          3 20 1 3 -1.</_>
        <_>
          3 21 1 1 3.</_></rects>
      <tilted>0</tilted></_>
    <_>
      <rects>
        <_>
          4 0 10 4 -1.</_>
        <_>
          4 0 5 2 2.</_>
        <_>
          9 2 5 2 2.</_></rects>
      <tilted>0</tilted></_>
    <_>
      <rects>
        <_>
          4 3 4 2 -1.</_>
        <_>
          4 3 2 1 2.</_>
        <_>
          6 4 2 1 2.</_></rects>
      <tilted>0</tilted></_>
    <_>
      <rects>
        <_>
          4 3 6 10 -1.</_>
        <_>
          4 3 3 5 2.</_>
        <_>
          7 8 3 5 2.</_></rects>
      <tilted>0</tilted></_>
    <_>
      <rects>
        <_>
          4 3 8 4 -1.</_>
        <_>
          4 3 4 2 2.</_>
        <_>
          8 5 4 2 2.</_></rects>
      <tilted>0</tilted></_>
    <_>
      <rects>
        <_>
          4 3 15 1 -1.</_>
        <_>
          9 3 5 1 3.</_></rects>
      <tilted>0</tilted></_>
    <_>
      <rects>
        <_>
          4 4 8 6 -1.</_>
        <_>
          4 4 4 3 2.</_>
        <_>
          8 7 4 3 2.</_></rects>
      <tilted>0</tilted></_>
    <_>
      <rects>
        <_>
          4 5 3 2 -1.</_>
        <_>
          4 6 3 1 2.</_></rects>
      <tilted>0</tilted></_>
    <_>
      <rects>
        <_>
          4 5 12 4 -1.</_>
        <_>
          4 7 12 2 2.</_></rects>
      <tilted>0</tilted></_>
    <_>
      <rects>
        <_>
          4 7 2 16 -1.</_>
        <_>
          5 7 1 16 2.</_></rects>
      <tilted>0</tilted></_>
    <_>
      <rects>
        <_>
          4 8 4 12 -1.</_>
        <_>
          4 14 4 6 2.</_></rects>
      <tilted>0</tilted></_>
    <_>
      <rects>
        <_>
          4 9 14 12 -1.</_>
        <_>
          4 13 14 4 3.</_></rects>
      <tilted>0</tilted></_>
    <_>
      <rects>
        <_>
          4 11 2 8 -1.</_>
        <_>
          4 11 1 4 2.</_>
        <_>
          5 15 1 4 2.</_></rects>
      <tilted>0</tilted></_>
    <_>
      <rects>
        <_>
          4 12 6 8 -1.</_>
        <_>
          4 12 3 4 2.</_>
        <_>
          7 16 3 4 2.</_></rects>
      <tilted>0</tilted></_>
    <_>
      <rects>
        <_>
          4 12 5 3 -1.</_>
        <_>
          4 13 5 1 3.</_></rects>
      <tilted>0</tilted></_>
    <_>
      <rects>
        <_>
          4 12 6 6 -1.</_>
        <_>
          4 15 6 3 2.</_></rects>
      <tilted>0</tilted></_>
    <_>
      <rects>
        <_>
          4 13 3 1 -1.</_>
        <_>
          5 13 1 1 3.</_></rects>
      <tilted>0</tilted></_>
    <_>
      <rects>
        <_>
          5 0 10 12 -1.</_>
        <_>
          5 4 10 4 3.</_></rects>
      <tilted>0</tilted></_>
    <_>
      <rects>
        <_>
          5 3 4 4 -1.</_>
        <_>
          5 3 2 2 2.</_>
        <_>
          7 5 2 2 2.</_></rects>
      <tilted>0</tilted></_>
    <_>
      <rects>
        <_>
          5 4 4 6 -1.</_>
        <_>
          5 4 2 3 2.</_>
        <_>
          7 7 2 3 2.</_></rects>
      <tilted>0</tilted></_>
    <_>
      <rects>
        <_>
          5 4 4 8 -1.</_>
        <_>
          5 4 2 4 2.</_>
        <_>
          7 8 2 4 2.</_></rects>
      <tilted>0</tilted></_>
    <_>
      <rects>
        <_>
          5 4 6 6 -1.</_>
        <_>
          5 4 3 3 2.</_>
        <_>
          8 7 3 3 2.</_></rects>
      <tilted>0</tilted></_>
    <_>
      <rects>
        <_>
          5 5 3 2 -1.</_>
        <_>
          5 6 3 1 2.</_></rects>
      <tilted>0</tilted></_>
    <_>
      <rects>
        <_>
          5 6 6 2 -1.</_>
        <_>
          5 6 3 1 2.</_>
        <_>
          8 7 3 1 2.</_></rects>
      <tilted>0</tilted></_>
    <_>
      <rects>
        <_>
          5 8 2 2 -1.</_>
        <_>
          5 8 1 1 2.</_>
        <_>
          6 9 1 1 2.</_></rects>
      <tilted>0</tilted></_>
    <_>
      <rects>
        <_>
          5 9 6 6 -1.</_>
        <_>
          7 9 2 6 3.</_></rects>
      <tilted>0</tilted></_>
    <_>
      <rects>
        <_>
          5 12 9 9 -1.</_>
        <_>
          5 15 9 3 3.</_></rects>
      <tilted>0</tilted></_>
    <_>
      <rects>
        <_>
          5 12 15 6 -1.</_>
        <_>
          5 15 15 3 2.</_></rects>
      <tilted>0</tilted></_>
    <_>
      <rects>
        <_>
          5 14 2 6 -1.</_>
        <_>
          5 14 1 3 2.</_>
        <_>
          6 17 1 3 2.</_></rects>
      <tilted>0</tilted></_>
    <_>
      <rects>
        <_>
          5 14 4 3 -1.</_>
        <_>
          5 15 4 1 3.</_></rects>
      <tilted>0</tilted></_>
    <_>
      <rects>
        <_>
          5 16 2 6 -1.</_>
        <_>
          5 16 1 3 2.</_>
        <_>
          6 19 1 3 2.</_></rects>
      <tilted>0</tilted></_>
    <_>
      <rects>
        <_>
          5 17 10 6 -1.</_>
        <_>
          5 17 5 3 2.</_>
        <_>
          10 20 5 3 2.</_></rects>
      <tilted>0</tilted></_>
    <_>
      <rects>
        <_>
          5 18 4 2 -1.</_>
        <_>
          5 18 2 1 2.</_>
        <_>
          7 19 2 1 2.</_></rects>
      <tilted>0</tilted></_>
    <_>
      <rects>
        <_>
          5 23 2 1 -1.</_>
        <_>
          6 23 1 1 2.</_></rects>
      <tilted>0</tilted></_>
    <_>
      <rects>
        <_>
          6 0 8 12 -1.</_>
        <_>
          6 4 8 4 3.</_></rects>
      <tilted>0</tilted></_>
    <_>
      <rects>
        <_>
          6 0 12 12 -1.</_>
        <_>
          6 4 12 4 3.</_></rects>
      <tilted>0</tilted></_>
    <_>
      <rects>
        <_>
          6 1 2 6 -1.</_>
        <_>
          6 1 1 3 2.</_>
        <_>
          7 4 1 3 2.</_></rects>
      <tilted>0</tilted></_>
    <_>
      <rects>
        <_>
          6 1 3 12 -1.</_>
        <_>
          6 5 3 4 3.</_></rects>
      <tilted>0</tilted></_>
    <_>
      <rects>
        <_>
          6 1 4 12 -1.</_>
        <_>
          6 5 4 4 3.</_></rects>
      <tilted>0</tilted></_>
    <_>
      <rects>
        <_>
          6 1 9 9 -1.</_>
        <_>
          6 4 9 3 3.</_></rects>
      <tilted>0</tilted></_>
    <_>
      <rects>
        <_>
          6 2 9 4 -1.</_>
        <_>
          6 4 9 2 2.</_></rects>
      <tilted>0</tilted></_>
    <_>
      <rects>
        <_>
          6 4 4 4 -1.</_>
        <_>
          6 6 4 2 2.</_></rects>
      <tilted>0</tilted></_>
    <_>
      <rects>
        <_>
          6 4 18 8 -1.</_>
        <_>
          12 4 6 8 3.</_></rects>
      <tilted>0</tilted></_>
    <_>
      <rects>
        <_>
          6 8 3 10 -1.</_>
        <_>
          6 13 3 5 2.</_></rects>
      <tilted>0</tilted></_>
    <_>
      <rects>
        <_>
          6 8 18 9 -1.</_>
        <_>
          12 8 6 9 3.</_></rects>
      <tilted>0</tilted></_>
    <_>
      <rects>
        <_>
          6 9 12 9 -1.</_>
        <_>
          12 9 6 9 2.</_></rects>
      <tilted>0</tilted></_>
    <_>
      <rects>
        <_>
          6 11 3 1 -1.</_>
        <_>
          7 11 1 1 3.</_></rects>
      <tilted>0</tilted></_>
    <_>
      <rects>
        <_>
          6 13 2 2 -1.</_>
        <_>
          6 14 2 1 2.</_></rects>
      <tilted>0</tilted></_>
    <_>
      <rects>
        <_>
          6 13 11 2 -1.</_>
        <_>
          6 14 11 1 2.</_></rects>
      <tilted>0</tilted></_>
    <_>
      <rects>
        <_>
          6 14 2 4 -1.</_>
        <_>
          6 14 1 2 2.</_>
        <_>
          7 16 1 2 2.</_></rects>
      <tilted>0</tilted></_>
    <_>
      <rects>
        <_>
          6 14 6 2 -1.</_>
        <_>
          6 14 3 1 2.</_>
        <_>
          9 15 3 1 2.</_></rects>
      <tilted>0</tilted></_>
    <_>
      <rects>
        <_>
          6 20 4 2 -1.</_>
        <_>
          6 20 2 1 2.</_>
        <_>
          8 21 2 1 2.</_></rects>
      <tilted>0</tilted></_>
    <_>
      <rects>
        <_>
          6 23 12 1 -1.</_>
        <_>
          12 23 6 1 2.</_></rects>
      <tilted>0</tilted></_>
    <_>
      <rects>
        <_>
          7 0 3 1 -1.</_>
        <_>
          8 0 1 1 3.</_></rects>
      <tilted>0</tilted></_>
    <_>
      <rects>
        <_>
          7 0 9 6 -1.</_>
        <_>
          7 3 9 3 2.</_></rects>
      <tilted>0</tilted></_>
    <_>
      <rects>
        <_>
          7 2 9 19 -1.</_>
        <_>
          10 2 3 19 3.</_></rects>
      <tilted>0</tilted></_>
    <_>
      <rects>
        <_>
          7 2 11 4 -1.</_>
        <_>
          7 4 11 2 2.</_></rects>
      <tilted>0</tilted></_>
    <_>
      <rects>
        <_>
          7 3 4 6 -1.</_>
        <_>
          7 3 2 3 2.</_>
        <_>
          9 6 2 3 2.</_></rects>
      <tilted>0</tilted></_>
    <_>
      <rects>
        <_>
          7 3 6 12 -1.</_>
        <_>
          7 9 6 6 2.</_></rects>
      <tilted>0</tilted></_>
    <_>
      <rects>
        <_>
          7 3 14 12 -1.</_>
        <_>
          7 3 7 6 2.</_>
        <_>
          14 9 7 6 2.</_></rects>
      <tilted>0</tilted></_>
    <_>
      <rects>
        <_>
          7 8 4 4 -1.</_>
        <_>
          9 8 2 4 2.</_></rects>
      <tilted>0</tilted></_>
    <_>
      <rects>
        <_>
          7 8 6 12 -1.</_>
        <_>
          9 8 2 12 3.</_></rects>
      <tilted>0</tilted></_>
    <_>
      <rects>
        <_>
          7 9 10 8 -1.</_>
        <_>
          12 9 5 8 2.</_></rects>
      <tilted>0</tilted></_>
    <_>
      <rects>
        <_>
          7 9 12 8 -1.</_>
        <_>
          13 9 6 8 2.</_></rects>
      <tilted>0</tilted></_>
    <_>
      <rects>
        <_>
          7 11 10 6 -1.</_>
        <_>
          7 13 10 2 3.</_></rects>
      <tilted>0</tilted></_>
    <_>
      <rects>
        <_>
          7 12 2 6 -1.</_>
        <_>
          7 14 2 2 3.</_></rects>
      <tilted>0</tilted></_>
    <_>
      <rects>
        <_>
          7 12 7 9 -1.</_>
        <_>
          7 15 7 3 3.</_></rects>
      <tilted>0</tilted></_>
    <_>
      <rects>
        <_>
          7 12 13 12 -1.</_>
        <_>
          7 16 13 4 3.</_></rects>
      <tilted>0</tilted></_>
    <_>
      <rects>
        <_>
          7 13 3 9 -1.</_>
        <_>
          7 16 3 3 3.</_></rects>
      <tilted>0</tilted></_>
    <_>
      <rects>
        <_>
          7 14 2 3 -1.</_>
        <_>
          7 15 2 1 3.</_></rects>
      <tilted>0</tilted></_>
    <_>
      <rects>
        <_>
          7 15 14 8 -1.</_>
        <_>
          7 15 7 4 2.</_>
        <_>
          14 19 7 4 2.</_></rects>
      <tilted>0</tilted></_>
    <_>
      <rects>
        <_>
          7 20 8 2 -1.</_>
        <_>
          7 20 4 1 2.</_>
        <_>
          11 21 4 1 2.</_></rects>
      <tilted>0</tilted></_>
    <_>
      <rects>
        <_>
          8 0 2 12 -1.</_>
        <_>
          8 4 2 4 3.</_></rects>
      <tilted>0</tilted></_>
    <_>
      <rects>
        <_>
          8 2 6 9 -1.</_>
        <_>
          10 2 2 9 3.</_></rects>
      <tilted>0</tilted></_>
    <_>
      <rects>
        <_>
          8 3 6 5 -1.</_>
        <_>
          11 3 3 5 2.</_></rects>
      <tilted>0</tilted></_>
    <_>
      <rects>
        <_>
          8 4 3 4 -1.</_>
        <_>
          9 4 1 4 3.</_></rects>
      <tilted>0</tilted></_>
    <_>
      <rects>
        <_>
          8 12 3 12 -1.</_>
        <_>
          8 16 3 4 3.</_></rects>
      <tilted>0</tilted></_>
    <_>
      <rects>
        <_>
          8 13 3 6 -1.</_>
        <_>
          8 15 3 2 3.</_></rects>
      <tilted>0</tilted></_>
    <_>
      <rects>
        <_>
          8 20 6 2 -1.</_>
        <_>
          8 21 6 1 2.</_></rects>
      <tilted>0</tilted></_>
    <_>
      <rects>
        <_>
          9 0 6 24 -1.</_>
        <_>
          11 0 2 24 3.</_></rects>
      <tilted>0</tilted></_>
    <_>
      <rects>
        <_>
          9 0 15 4 -1.</_>
        <_>
          14 0 5 4 3.</_></rects>
      <tilted>0</tilted></_>
    <_>
      <rects>
        <_>
          9 0 10 14 -1.</_>
        <_>
          9 0 5 7 2.</_>
        <_>
          14 7 5 7 2.</_></rects>
      <tilted>0</tilted></_>
    <_>
      <rects>
        <_>
          9 1 3 9 -1.</_>
        <_>
          9 4 3 3 3.</_></rects>
      <tilted>0</tilted></_>
    <_>
      <rects>
        <_>
          9 1 6 3 -1.</_>
        <_>
          9 2 6 1 3.</_></rects>
      <tilted>0</tilted></_>
    <_>
      <rects>
        <_>
          9 2 12 14 -1.</_>
        <_>
          9 2 6 7 2.</_>
        <_>
          15 9 6 7 2.</_></rects>
      <tilted>0</tilted></_>
    <_>
      <rects>
        <_>
          9 3 6 10 -1.</_>
        <_>
          11 3 2 10 3.</_></rects>
      <tilted>0</tilted></_>
    <_>
      <rects>
        <_>
          9 3 10 10 -1.</_>
        <_>
          9 3 5 5 2.</_>
        <_>
          14 8 5 5 2.</_></rects>
      <tilted>0</tilted></_>
    <_>
      <rects>
        <_>
          9 4 3 7 -1.</_>
        <_>
          10 4 1 7 3.</_></rects>
      <tilted>0</tilted></_>
    <_>
      <rects>
        <_>
          9 4 14 15 -1.</_>
        <_>
          9 9 14 5 3.</_></rects>
      <tilted>0</tilted></_>
    <_>
      <rects>
        <_>
          9 8 8 9 -1.</_>
        <_>
          13 8 4 9 2.</_></rects>
      <tilted>0</tilted></_>
    <_>
      <rects>
        <_>
          9 9 15 9 -1.</_>
        <_>
          14 9 5 9 3.</_></rects>
      <tilted>0</tilted></_>
    <_>
      <rects>
        <_>
          9 11 2 3 -1.</_>
        <_>
          10 11 1 3 2.</_></rects>
      <tilted>0</tilted></_>
    <_>
      <rects>
        <_>
          9 12 2 6 -1.</_>
        <_>
          9 15 2 3 2.</_></rects>
      <tilted>0</tilted></_>
    <_>
      <rects>
        <_>
          9 13 8 4 -1.</_>
        <_>
          13 13 4 4 2.</_></rects>
      <tilted>0</tilted></_>
    <_>
      <rects>
        <_>
          9 18 2 6 -1.</_>
        <_>
          9 20 2 2 3.</_></rects>
      <tilted>0</tilted></_>
    <_>
      <rects>
        <_>
          10 0 4 9 -1.</_>
        <_>
          10 3 4 3 3.</_></rects>
      <tilted>0</tilted></_>
    <_>
      <rects>
        <_>
          10 0 10 16 -1.</_>
        <_>
          10 0 5 8 2.</_>
        <_>
          15 8 5 8 2.</_></rects>
      <tilted>0</tilted></_>
    <_>
      <rects>
        <_>
          10 0 6 6 -1.</_>
        <_>
          10 3 6 3 2.</_></rects>
      <tilted>0</tilted></_>
    <_>
      <rects>
        <_>
          10 2 10 2 -1.</_>
        <_>
          10 2 5 1 2.</_>
        <_>
          15 3 5 1 2.</_></rects>
      <tilted>0</tilted></_>
    <_>
      <rects>
        <_>
          10 4 3 6 -1.</_>
        <_>
          11 4 1 6 3.</_></rects>
      <tilted>0</tilted></_>
    <_>
      <rects>
        <_>
          10 4 6 11 -1.</_>
        <_>
          12 4 2 11 3.</_></rects>
      <tilted>0</tilted></_>
    <_>
      <rects>
        <_>
          10 4 12 15 -1.</_>
        <_>
          14 4 4 15 3.</_></rects>
      <tilted>0</tilted></_>
    <_>
      <rects>
        <_>
          10 7 3 4 -1.</_>
        <_>
          11 7 1 4 3.</_></rects>
      <tilted>0</tilted></_>
    <_>
      <rects>
        <_>
          10 9 1 4 -1.</_>
        <_>
          10 11 1 2 2.</_></rects>
      <tilted>0</tilted></_>
    <_>
      <rects>
        <_>
          10 9 8 7 -1.</_>
        <_>
          14 9 4 7 2.</_></rects>
      <tilted>0</tilted></_>
    <_>
      <rects>
        <_>
          10 9 12 7 -1.</_>
        <_>
          14 9 4 7 3.</_></rects>
      <tilted>0</tilted></_>
    <_>
      <rects>
        <_>
          10 10 4 5 -1.</_>
        <_>
          12 10 2 5 2.</_></rects>
      <tilted>0</tilted></_>
    <_>
      <rects>
        <_>
          10 18 2 3 -1.</_>
        <_>
          10 19 2 1 3.</_></rects>
      <tilted>0</tilted></_>
    <_>
      <rects>
        <_>
          10 18 2 6 -1.</_>
        <_>
          10 21 2 3 2.</_></rects>
      <tilted>0</tilted></_>
    <_>
      <rects>
        <_>
          10 18 6 4 -1.</_>
        <_>
          10 20 6 2 2.</_></rects>
      <tilted>0</tilted></_>
    <_>
      <rects>
        <_>
          10 19 4 5 -1.</_>
        <_>
          12 19 2 5 2.</_></rects>
      <tilted>0</tilted></_>
    <_>
      <rects>
        <_>
          10 19 4 4 -1.</_>
        <_>
          10 21 4 2 2.</_></rects>
      <tilted>0</tilted></_>
    <_>
      <rects>
        <_>
          10 20 2 1 -1.</_>
        <_>
          11 20 1 1 2.</_></rects>
      <tilted>0</tilted></_>
    <_>
      <rects>
        <_>
          10 20 3 2 -1.</_>
        <_>
          10 21 3 1 2.</_></rects>
      <tilted>0</tilted></_>
    <_>
      <rects>
        <_>
          10 21 1 2 -1.</_>
        <_>
          10 22 1 1 2.</_></rects>
      <tilted>0</tilted></_>
    <_>
      <rects>
        <_>
          10 23 2 1 -1.</_>
        <_>
          11 23 1 1 2.</_></rects>
      <tilted>0</tilted></_>
    <_>
      <rects>
        <_>
          11 0 8 16 -1.</_>
        <_>
          11 0 4 8 2.</_>
        <_>
          15 8 4 8 2.</_></rects>
      <tilted>0</tilted></_>
    <_>
      <rects>
        <_>
          11 4 3 7 -1.</_>
        <_>
          12 4 1 7 3.</_></rects>
      <tilted>0</tilted></_>
    <_>
      <rects>
        <_>
          11 9 12 3 -1.</_>
        <_>
          15 9 4 3 3.</_></rects>
      <tilted>0</tilted></_>
    <_>
      <rects>
        <_>
          11 14 6 8 -1.</_>
        <_>
          11 14 3 4 2.</_>
        <_>
          14 18 3 4 2.</_></rects>
      <tilted>0</tilted></_>
    <_>
      <rects>
        <_>
          11 17 1 3 -1.</_>
        <_>
          11 18 1 1 3.</_></rects>
      <tilted>0</tilted></_>
    <_>
      <rects>
        <_>
          11 20 2 2 -1.</_>
        <_>
          11 20 1 1 2.</_>
        <_>
          12 21 1 1 2.</_></rects>
      <tilted>0</tilted></_>
    <_>
      <rects>
        <_>
          12 0 8 4 -1.</_>
        <_>
          12 0 4 2 2.</_>
        <_>
          16 2 4 2 2.</_></rects>
      <tilted>0</tilted></_>
    <_>
      <rects>
        <_>
          12 0 12 8 -1.</_>
        <_>
          16 0 4 8 3.</_></rects>
      <tilted>0</tilted></_>
    <_>
      <rects>
        <_>
          12 1 4 4 -1.</_>
        <_>
          12 3 4 2 2.</_></rects>
      <tilted>0</tilted></_>
    <_>
      <rects>
        <_>
          12 2 2 21 -1.</_>
        <_>
          13 2 1 21 2.</_></rects>
      <tilted>0</tilted></_>
    <_>
      <rects>
        <_>
          12 2 4 2 -1.</_>
        <_>
          12 2 2 1 2.</_>
        <_>
          14 3 2 1 2.</_></rects>
      <tilted>0</tilted></_>
    <_>
      <rects>
        <_>
          12 2 3 3 -1.</_>
        <_>
          12 3 3 1 3.</_></rects>
      <tilted>0</tilted></_>
    <_>
      <rects>
        <_>
          12 2 7 2 -1.</_>
        <_>
          12 3 7 1 2.</_></rects>
      <tilted>0</tilted></_>
    <_>
      <rects>
        <_>
          12 3 3 5 -1.</_>
        <_>
          13 3 1 5 3.</_></rects>
      <tilted>0</tilted></_>
    <_>
      <rects>
        <_>
          12 3 7 6 -1.</_>
        <_>
          12 5 7 2 3.</_></rects>
      <tilted>0</tilted></_>
    <_>
      <rects>
        <_>
          12 7 2 5 -1.</_>
        <_>
          13 7 1 5 2.</_></rects>
      <tilted>0</tilted></_>
    <_>
      <rects>
        <_>
          12 7 4 2 -1.</_>
        <_>
          14 7 2 2 2.</_></rects>
      <tilted>0</tilted></_>
    <_>
      <rects>
        <_>
          12 15 4 2 -1.</_>
        <_>
          12 15 2 1 2.</_>
        <_>
          14 16 2 1 2.</_></rects>
      <tilted>0</tilted></_>
    <_>
      <rects>
        <_>
          12 16 8 4 -1.</_>
        <_>
          12 16 4 2 2.</_>
        <_>
          16 18 4 2 2.</_></rects>
      <tilted>0</tilted></_>
    <_>
      <rects>
        <_>
          12 17 4 4 -1.</_>
        <_>
          12 19 4 2 2.</_></rects>
      <tilted>0</tilted></_>
    <_>
      <rects>
        <_>
          12 18 1 6 -1.</_>
        <_>
          12 21 1 3 2.</_></rects>
      <tilted>0</tilted></_>
    <_>
      <rects>
        <_>
          12 18 5 4 -1.</_>
        <_>
          12 20 5 2 2.</_></rects>
      <tilted>0</tilted></_>
    <_>
      <rects>
        <_>
          12 19 3 2 -1.</_>
        <_>
          12 20 3 1 2.</_></rects>
      <tilted>0</tilted></_>
    <_>
      <rects>
        <_>
          13 0 4 15 -1.</_>
        <_>
          13 5 4 5 3.</_></rects>
      <tilted>0</tilted></_>
    <_>
      <rects>
        <_>
          13 1 1 3 -1.</_>
        <_>
          13 2 1 1 3.</_></rects>
      <tilted>0</tilted></_>
    <_>
      <rects>
        <_>
          13 6 9 12 -1.</_>
        <_>
          16 6 3 12 3.</_></rects>
      <tilted>0</tilted></_>
    <_>
      <rects>
        <_>
          13 8 2 1 -1.</_>
        <_>
          14 8 1 1 2.</_></rects>
      <tilted>0</tilted></_>
    <_>
      <rects>
        <_>
          13 9 1 2 -1.</_>
        <_>
          13 10 1 1 2.</_></rects>
      <tilted>0</tilted></_>
    <_>
      <rects>
        <_>
          13 9 7 2 -1.</_>
        <_>
          13 10 7 1 2.</_></rects>
      <tilted>0</tilted></_>
    <_>
      <rects>
        <_>
          13 13 1 6 -1.</_>
        <_>
          13 15 1 2 3.</_></rects>
      <tilted>0</tilted></_>
    <_>
      <rects>
        <_>
          13 14 1 3 -1.</_>
        <_>
          13 15 1 1 3.</_></rects>
      <tilted>0</tilted></_>
    <_>
      <rects>
        <_>
          13 15 6 6 -1.</_>
        <_>
          13 15 3 3 2.</_>
        <_>
          16 18 3 3 2.</_></rects>
      <tilted>0</tilted></_>
    <_>
      <rects>
        <_>
          13 15 8 4 -1.</_>
        <_>
          13 15 4 2 2.</_>
        <_>
          17 17 4 2 2.</_></rects>
      <tilted>0</tilted></_>
    <_>
      <rects>
        <_>
          13 16 6 6 -1.</_>
        <_>
          13 16 3 3 2.</_>
        <_>
          16 19 3 3 2.</_></rects>
      <tilted>0</tilted></_>
    <_>
      <rects>
        <_>
          13 19 1 4 -1.</_>
        <_>
          13 21 1 2 2.</_></rects>
      <tilted>0</tilted></_>
    <_>
      <rects>
        <_>
          14 0 4 18 -1.</_>
        <_>
          14 6 4 6 3.</_></rects>
      <tilted>0</tilted></_>
    <_>
      <rects>
        <_>
          14 0 10 8 -1.</_>
        <_>
          14 0 5 4 2.</_>
        <_>
          19 4 5 4 2.</_></rects>
      <tilted>0</tilted></_>
    <_>
      <rects>
        <_>
          14 6 6 9 -1.</_>
        <_>
          14 9 6 3 3.</_></rects>
      <tilted>0</tilted></_>
    <_>
      <rects>
        <_>
          14 7 2 4 -1.</_>
        <_>
          15 7 1 4 2.</_></rects>
      <tilted>0</tilted></_>
    <_>
      <rects>
        <_>
          14 8 7 14 -1.</_>
        <_>
          14 15 7 7 2.</_></rects>
      <tilted>0</tilted></_>
    <_>
      <rects>
        <_>
          14 9 2 1 -1.</_>
        <_>
          15 9 1 1 2.</_></rects>
      <tilted>0</tilted></_>
    <_>
      <rects>
        <_>
          14 13 8 6 -1.</_>
        <_>
          14 13 4 3 2.</_>
        <_>
          18 16 4 3 2.</_></rects>
      <tilted>0</tilted></_>
    <_>
      <rects>
        <_>
          14 14 1 9 -1.</_>
        <_>
          14 17 1 3 3.</_></rects>
      <tilted>0</tilted></_>
    <_>
      <rects>
        <_>
          14 16 1 8 -1.</_>
        <_>
          14 20 1 4 2.</_></rects>
      <tilted>0</tilted></_>
    <_>
      <rects>
        <_>
          14 17 2 2 -1.</_>
        <_>
          14 17 1 1 2.</_>
        <_>
          15 18 1 1 2.</_></rects>
      <tilted>0</tilted></_>
    <_>
      <rects>
        <_>
          15 0 3 8 -1.</_>
        <_>
          15 4 3 4 2.</_></rects>
      <tilted>0</tilted></_>
    <_>
      <rects>
        <_>
          15 4 4 6 -1.</_>
        <_>
          15 4 2 3 2.</_>
        <_>
          17 7 2 3 2.</_></rects>
      <tilted>0</tilted></_>
    <_>
      <rects>
        <_>
          15 5 3 6 -1.</_>
        <_>
          15 8 3 3 2.</_></rects>
      <tilted>0</tilted></_>
    <_>
      <rects>
        <_>
          15 9 3 9 -1.</_>
        <_>
          15 12 3 3 3.</_></rects>
      <tilted>0</tilted></_>
    <_>
      <rects>
        <_>
          15 9 8 6 -1.</_>
        <_>
          15 9 4 3 2.</_>
        <_>
          19 12 4 3 2.</_></rects>
      <tilted>0</tilted></_>
    <_>
      <rects>
        <_>
          15 12 6 10 -1.</_>
        <_>
          15 12 3 5 2.</_>
        <_>
          18 17 3 5 2.</_></rects>
      <tilted>0</tilted></_>
    <_>
      <rects>
        <_>
          15 15 2 2 -1.</_>
        <_>
          15 15 1 1 2.</_>
        <_>
          16 16 1 1 2.</_></rects>
      <tilted>0</tilted></_>
    <_>
      <rects>
        <_>
          15 15 1 6 -1.</_>
        <_>
          15 17 1 2 3.</_></rects>
      <tilted>0</tilted></_>
    <_>
      <rects>
        <_>
          16 0 3 23 -1.</_>
        <_>
          17 0 1 23 3.</_></rects>
      <tilted>0</tilted></_>
    <_>
      <rects>
        <_>
          16 4 1 20 -1.</_>
        <_>
          16 14 1 10 2.</_></rects>
      <tilted>0</tilted></_>
    <_>
      <rects>
        <_>
          16 5 3 9 -1.</_>
        <_>
          17 5 1 9 3.</_></rects>
      <tilted>0</tilted></_>
    <_>
      <rects>
        <_>
          16 5 6 14 -1.</_>
        <_>
          19 5 3 14 2.</_></rects>
      <tilted>0</tilted></_>
    <_>
      <rects>
        <_>
          16 7 3 12 -1.</_>
        <_>
          17 7 1 12 3.</_></rects>
      <tilted>0</tilted></_>
    <_>
      <rects>
        <_>
          16 7 3 6 -1.</_>
        <_>
          16 9 3 2 3.</_></rects>
      <tilted>0</tilted></_>
    <_>
      <rects>
        <_>
          16 12 2 6 -1.</_>
        <_>
          16 12 1 3 2.</_>
        <_>
          17 15 1 3 2.</_></rects>
      <tilted>0</tilted></_>
    <_>
      <rects>
        <_>
          16 13 1 6 -1.</_>
        <_>
          16 15 1 2 3.</_></rects>
      <tilted>0</tilted></_>
    <_>
      <rects>
        <_>
          16 14 1 3 -1.</_>
        <_>
          16 15 1 1 3.</_></rects>
      <tilted>0</tilted></_>
    <_>
      <rects>
        <_>
          16 14 2 4 -1.</_>
        <_>
          16 14 1 2 2.</_>
        <_>
          17 16 1 2 2.</_></rects>
      <tilted>0</tilted></_>
    <_>
      <rects>
        <_>
          16 14 2 6 -1.</_>
        <_>
          16 16 2 2 3.</_></rects>
      <tilted>0</tilted></_>
    <_>
      <rects>
        <_>
          16 16 8 6 -1.</_>
        <_>
          16 16 4 3 2.</_>
        <_>
          20 19 4 3 2.</_></rects>
      <tilted>0</tilted></_>
    <_>
      <rects>
        <_>
          17 0 1 10 -1.</_>
        <_>
          17 5 1 5 2.</_></rects>
      <tilted>0</tilted></_>
    <_>
      <rects>
        <_>
          17 6 3 4 -1.</_>
        <_>
          18 6 1 4 3.</_></rects>
      <tilted>0</tilted></_>
    <_>
      <rects>
        <_>
          17 10 2 14 -1.</_>
        <_>
          17 17 2 7 2.</_></rects>
      <tilted>0</tilted></_>
    <_>
      <rects>
        <_>
          17 12 1 6 -1.</_>
        <_>
          17 14 1 2 3.</_></rects>
      <tilted>0</tilted></_>
    <_>
      <rects>
        <_>
          17 14 1 6 -1.</_>
        <_>
          17 16 1 2 3.</_></rects>
      <tilted>0</tilted></_>
    <_>
      <rects>
        <_>
          17 14 2 6 -1.</_>
        <_>
          17 14 1 3 2.</_>
        <_>
          18 17 1 3 2.</_></rects>
      <tilted>0</tilted></_>
    <_>
      <rects>
        <_>
          17 22 2 2 -1.</_>
        <_>
          17 23 2 1 2.</_></rects>
      <tilted>0</tilted></_>
    <_>
      <rects>
        <_>
          17 22 7 2 -1.</_>
        <_>
          17 23 7 1 2.</_></rects>
      <tilted>0</tilted></_>
    <_>
      <rects>
        <_>
          20 0 3 6 -1.</_>
        <_>
          21 0 1 6 3.</_></rects>
      <tilted>0</tilted></_>
    <_>
      <rects>
        <_>
          20 20 3 3 -1.</_>
        <_>
          20 21 3 1 3.</_></rects>
      <tilted>0</tilted></_>
    <_>
      <rects>
        <_>
          21 9 1 6 -1.</_>
        <_>
          21 11 1 2 3.</_></rects>
      <tilted>0</tilted></_>
    <_>
      <rects>
        <_>
          21 15 3 9 -1.</_>
        <_>
          22 15 1 9 3.</_></rects>
      <tilted>0</tilted></_>
    <_>
      <rects>
        <_>
          21 20 3 2 -1.</_>
        <_>
          21 21 3 1 2.</_></rects>
      <tilted>0</tilted></_>
    <_>
      <rects>
        <_>
          21 22 2 2 -1.</_>
        <_>
          21 23 2 1 2.</_></rects>
      <tilted>0</tilted></_>
    <_>
      <rects>
        <_>
          22 5 2 2 -1.</_>
        <_>
          23 5 1 2 2.</_></rects>
      <tilted>0</tilted></_>
    <_>
      <rects>
        <_>
          22 19 2 2 -1.</_>
        <_>
          22 20 2 1 2.</_></rects>
      <tilted>0</tilted></_></features></cascade>
</opencv_storage>
