<?xml version="1.0"?>
<opencv_storage>
<stage19>
  <maxWeakCount>9</maxWeakCount>
  <stageThreshold>-9.3669658899307251e-01</stageThreshold>
  <weakClassifiers>
    <_>
      <internalNodes>
        0 -1 153730 -5.2044838666915894e-02</internalNodes>
      <leafValues>
        -7.1428573131561279e-01 5.3784859180450439e-01</leafValues></_>
    <_>
      <internalNodes>
        0 -1 92518 1.3588080037152395e-05</internalNodes>
      <leafValues>
        -3.7031331658363342e-01 4.9928313493728638e-01</leafValues></_>
    <_>
      <internalNodes>
        0 -1 98556 3.4818367566913366e-03</internalNodes>
      <leafValues>
        -2.2122254967689514e-01 7.8888386487960815e-01</leafValues></_>
    <_>
      <internalNodes>
        0 -1 136348 3.8166739046573639e-02</internalNodes>
      <leafValues>
        -2.8427195549011230e-01 6.9889527559280396e-01</leafValues></_>
    <_>
      <internalNodes>
        0 -1 34455 -1.1112799867987633e-02</internalNodes>
      <leafValues>
        7.7856111526489258e-01 -2.1902453899383545e-01</leafValues></_>
    <_>
      <internalNodes>
        0 -1 62985 -1.8063016468659043e-03</internalNodes>
      <leafValues>
        5.3202092647552490e-01 -4.3982157111167908e-01</leafValues></_>
    <_>
      <internalNodes>
        0 -1 81274 -2.3597776889801025e-03</internalNodes>
      <leafValues>
        8.8272088766098022e-01 -2.1767777204513550e-01</leafValues></_>
    <_>
      <internalNodes>
        0 -1 150513 -5.2148988470435143e-03</internalNodes>
      <leafValues>
        8.9590120315551758e-01 -1.7695224285125732e-01</leafValues></_>
    <_>
      <internalNodes>
        0 -1 97442 -1.3867458328604698e-03</internalNodes>
      <leafValues>
        -3.8446000218391418e-01 4.5473876595497131e-01</leafValues></_></weakClassifiers></stage19>
</opencv_storage>
