<?xml version="1.0"?>
<opencv_storage>
<stage7>
  <maxWeakCount>15</maxWeakCount>
  <stageThreshold>-9.9490821361541748e-01</stageThreshold>
  <weakClassifiers>
    <_>
      <internalNodes>
        0 -1 71047 -1.2151734903454781e-02</internalNodes>
      <leafValues>
        7.1612900495529175e-01 -7.5862072408199310e-02</leafValues></_>
    <_>
      <internalNodes>
        0 -1 125229 -2.3206328973174095e-02</internalNodes>
      <leafValues>
        5.6466108560562134e-01 -3.1762272119522095e-01</leafValues></_>
    <_>
      <internalNodes>
        0 -1 143963 -4.7648081090301275e-04</internalNodes>
      <leafValues>
        7.8895258903503418e-01 -2.1223086118698120e-01</leafValues></_>
    <_>
      <internalNodes>
        0 -1 2651 -5.9977419674396515e-02</internalNodes>
      <leafValues>
        5.5781543254852295e-01 -2.7721247076988220e-01</leafValues></_>
    <_>
      <internalNodes>
        0 -1 143602 4.5577321201562881e-02</internalNodes>
      <leafValues>
        -1.8703041970729828e-01 8.3541858196258545e-01</leafValues></_>
    <_>
      <internalNodes>
        0 -1 88476 3.8965679705142975e-02</internalNodes>
      <leafValues>
        -1.8922428786754608e-01 8.7786507606506348e-01</leafValues></_>
    <_>
      <internalNodes>
        0 -1 123850 3.3387367147952318e-04</internalNodes>
      <leafValues>
        3.2015776634216309e-01 -5.4128336906433105e-01</leafValues></_>
    <_>
      <internalNodes>
        0 -1 133845 2.2539081983268261e-03</internalNodes>
      <leafValues>
        -2.1056562662124634e-01 7.0682883262634277e-01</leafValues></_>
    <_>
      <internalNodes>
        0 -1 140076 -1.3987848069518805e-03</internalNodes>
      <leafValues>
        6.9189816713333130e-01 -2.3692537844181061e-01</leafValues></_>
    <_>
      <internalNodes>
        0 -1 11945 1.4606212265789509e-02</internalNodes>
      <leafValues>
        -1.4650329947471619e-01 8.6540830135345459e-01</leafValues></_>
    <_>
      <internalNodes>
        0 -1 4091 -2.7894293889403343e-03</internalNodes>
      <leafValues>
        -6.1483579874038696e-01 2.8417164087295532e-01</leafValues></_>
    <_>
      <internalNodes>
        0 -1 138521 -1.2541811913251877e-02</internalNodes>
      <leafValues>
        7.1501809358596802e-01 -2.2899119555950165e-01</leafValues></_>
    <_>
      <internalNodes>
        0 -1 144999 -4.7176701627904549e-05</internalNodes>
      <leafValues>
        -3.5490772128105164e-01 4.3743282556533813e-01</leafValues></_>
    <_>
      <internalNodes>
        0 -1 61739 -1.1247849091887474e-02</internalNodes>
      <leafValues>
        6.0283631086349487e-01 -2.9914841055870056e-01</leafValues></_>
    <_>
      <internalNodes>
        0 -1 4080 2.7064140886068344e-04</internalNodes>
      <leafValues>
        3.4464627504348755e-01 -5.6662142276763916e-01</leafValues></_></weakClassifiers></stage7>
</opencv_storage>
