<?xml version="1.0"?>
<opencv_storage>
<stage6>
  <maxWeakCount>13</maxWeakCount>
  <stageThreshold>-6.0675877332687378e-01</stageThreshold>
  <weakClassifiers>
    <_>
      <internalNodes>
        0 -1 134018 -2.4826217442750931e-02</internalNodes>
      <leafValues>
        5.8064514398574829e-01 -2.1428571641445160e-01</leafValues></_>
    <_>
      <internalNodes>
        0 -1 130698 -6.0001667588949203e-02</internalNodes>
      <leafValues>
        6.1078232526779175e-01 -1.8773658573627472e-01</leafValues></_>
    <_>
      <internalNodes>
        0 -1 124694 -5.7702756021171808e-04</internalNodes>
      <leafValues>
        2.9745176434516907e-01 -4.5410102605819702e-01</leafValues></_>
    <_>
      <internalNodes>
        0 -1 4549 -5.2078865468502045e-02</internalNodes>
      <leafValues>
        4.5372083783149719e-01 -2.5866109132766724e-01</leafValues></_>
    <_>
      <internalNodes>
        0 -1 78672 7.8959233360365033e-04</internalNodes>
      <leafValues>
        -2.4833735823631287e-01 5.8311390876770020e-01</leafValues></_>
    <_>
      <internalNodes>
        0 -1 159693 1.0841556359082460e-03</internalNodes>
      <leafValues>
        2.0618654787540436e-01 -5.4728674888610840e-01</leafValues></_>
    <_>
      <internalNodes>
        0 -1 147553 -1.4681930770166218e-04</internalNodes>
      <leafValues>
        3.9925485849380493e-01 -3.1642651557922363e-01</leafValues></_>
    <_>
      <internalNodes>
        0 -1 146202 -5.2517461590468884e-03</internalNodes>
      <leafValues>
        6.2923949956893921e-01 -1.7702588438987732e-01</leafValues></_>
    <_>
      <internalNodes>
        0 -1 57219 -3.2054667826741934e-03</internalNodes>
      <leafValues>
        7.5794476270675659e-01 -1.1495709419250488e-01</leafValues></_>
    <_>
      <internalNodes>
        0 -1 77098 -1.1386036872863770e-01</internalNodes>
      <leafValues>
        5.5329942703247070e-01 -2.1186333894729614e-01</leafValues></_>
    <_>
      <internalNodes>
        0 -1 45036 -6.7084301263093948e-03</internalNodes>
      <leafValues>
        4.6462136507034302e-01 -3.2726457715034485e-01</leafValues></_>
    <_>
      <internalNodes>
        0 -1 138194 2.3649688810110092e-02</internalNodes>
      <leafValues>
        -1.3173322379589081e-01 8.5193383693695068e-01</leafValues></_>
    <_>
      <internalNodes>
        0 -1 28195 -1.0603644885122776e-02</internalNodes>
      <leafValues>
        3.5052344202995300e-01 -3.9563137292861938e-01</leafValues></_></weakClassifiers></stage6>
</opencv_storage>
