<?xml version="1.0"?>
<opencv_storage>
<stage10>
  <maxWeakCount>12</maxWeakCount>
  <stageThreshold>-1.1030907630920410e+00</stageThreshold>
  <weakClassifiers>
    <_>
      <internalNodes>
        0 -1 50284 -3.5247303545475006e-02</internalNodes>
      <leafValues>
        7.1794873476028442e-01 -8.3333335816860199e-02</leafValues></_>
    <_>
      <internalNodes>
        0 -1 28189 -3.9569627493619919e-02</internalNodes>
      <leafValues>
        6.0006582736968994e-01 -2.3993988335132599e-01</leafValues></_>
    <_>
      <internalNodes>
        0 -1 58408 1.6294941306114197e-02</internalNodes>
      <leafValues>
        -2.5651130080223083e-01 6.2557435035705566e-01</leafValues></_>
    <_>
      <internalNodes>
        0 -1 138127 -4.7504827380180359e-03</internalNodes>
      <leafValues>
        7.4038159847259521e-01 -2.4548606574535370e-01</leafValues></_>
    <_>
      <internalNodes>
        0 -1 47634 -3.7892315536737442e-02</internalNodes>
      <leafValues>
        8.4197413921356201e-01 -1.7220047116279602e-01</leafValues></_>
    <_>
      <internalNodes>
        0 -1 155173 -9.6949050202965736e-04</internalNodes>
      <leafValues>
        -6.3884168863296509e-01 3.0856180191040039e-01</leafValues></_>
    <_>
      <internalNodes>
        0 -1 157532 1.2648639676626772e-04</internalNodes>
      <leafValues>
        -3.7010008096694946e-01 4.3898439407348633e-01</leafValues></_>
    <_>
      <internalNodes>
        0 -1 104013 -3.1581697840010747e-05</internalNodes>
      <leafValues>
        5.3708851337432861e-01 -2.9015240073204041e-01</leafValues></_>
    <_>
      <internalNodes>
        0 -1 18273 -2.0983954891562462e-02</internalNodes>
      <leafValues>
        5.6796270608901978e-01 -2.9112097620964050e-01</leafValues></_>
    <_>
      <internalNodes>
        0 -1 88103 -5.3443331271409988e-02</internalNodes>
      <leafValues>
        5.1907259225845337e-01 -3.4746035933494568e-01</leafValues></_>
    <_>
      <internalNodes>
        0 -1 154272 4.4742347672581673e-03</internalNodes>
      <leafValues>
        -2.2451812028884888e-01 7.2425496578216553e-01</leafValues></_>
    <_>
      <internalNodes>
        0 -1 37803 1.4199402648955584e-03</internalNodes>
      <leafValues>
        2.5008681416511536e-01 -8.3022075891494751e-01</leafValues></_></weakClassifiers></stage10>
</opencv_storage>
