<?xml version="1.0"?>
<opencv_storage>
<stage4>
  <maxWeakCount>9</maxWeakCount>
  <stageThreshold>-6.6463130712509155e-01</stageThreshold>
  <weakClassifiers>
    <_>
      <internalNodes>
        0 -1 71787 -2.6387181133031845e-02</internalNodes>
      <leafValues>
        6.7058825492858887e-01 -1.0769230872392654e-01</leafValues></_>
    <_>
      <internalNodes>
        0 -1 118784 -1.0207314044237137e-02</internalNodes>
      <leafValues>
        3.8782933354377747e-01 -5.0629013776779175e-01</leafValues></_>
    <_>
      <internalNodes>
        0 -1 96864 1.0513842105865479e-02</internalNodes>
      <leafValues>
        -2.1017168462276459e-01 6.9333428144454956e-01</leafValues></_>
    <_>
      <internalNodes>
        0 -1 138284 -4.6831141225993633e-03</internalNodes>
      <leafValues>
        4.6556898951530457e-01 -2.6763808727264404e-01</leafValues></_>
    <_>
      <internalNodes>
        0 -1 121593 5.2486443892121315e-03</internalNodes>
      <leafValues>
        -2.3712545633316040e-01 5.2840590476989746e-01</leafValues></_>
    <_>
      <internalNodes>
        0 -1 76399 5.5183805525302887e-03</internalNodes>
      <leafValues>
        -3.2718789577484131e-01 3.6302381753921509e-01</leafValues></_>
    <_>
      <internalNodes>
        0 -1 63649 5.0383377820253372e-03</internalNodes>
      <leafValues>
        -2.4407668411731720e-01 4.7871145606040955e-01</leafValues></_>
    <_>
      <internalNodes>
        0 -1 120748 7.5662101153284311e-04</internalNodes>
      <leafValues>
        -1.8408174812793732e-01 7.0204347372055054e-01</leafValues></_>
    <_>
      <internalNodes>
        0 -1 78999 -1.5379738761112094e-03</internalNodes>
      <leafValues>
        6.8642556667327881e-01 -1.4944773912429810e-01</leafValues></_></weakClassifiers></stage4>
</opencv_storage>
