<?xml version="1.0"?>
<opencv_storage>
<stage18>
  <maxWeakCount>10</maxWeakCount>
  <stageThreshold>-9.4149321317672729e-01</stageThreshold>
  <weakClassifiers>
    <_>
      <internalNodes>
        0 -1 72173 -2.9447432607412338e-02</internalNodes>
      <leafValues>
        7.8082191944122314e-01 -9.0909093618392944e-02</leafValues></_>
    <_>
      <internalNodes>
        0 -1 135464 -9.0026046382263303e-04</internalNodes>
      <leafValues>
        6.3447034358978271e-01 -3.4126994013786316e-01</leafValues></_>
    <_>
      <internalNodes>
        0 -1 139093 1.7086609732359648e-03</internalNodes>
      <leafValues>
        -1.4903067052364349e-01 9.3014413118362427e-01</leafValues></_>
    <_>
      <internalNodes>
        0 -1 108104 5.8117584558203816e-04</internalNodes>
      <leafValues>
        -4.1579803824424744e-01 3.8191866874694824e-01</leafValues></_>
    <_>
      <internalNodes>
        0 -1 62845 -1.5146769874263555e-04</internalNodes>
      <leafValues>
        6.6243457794189453e-01 -2.5572183728218079e-01</leafValues></_>
    <_>
      <internalNodes>
        0 -1 68853 2.3177344352006912e-02</internalNodes>
      <leafValues>
        -2.5965571403503418e-01 7.0360165834426880e-01</leafValues></_>
    <_>
      <internalNodes>
        0 -1 11185 -3.4267038106918335e-02</internalNodes>
      <leafValues>
        6.8453890085220337e-01 -3.0020412802696228e-01</leafValues></_>
    <_>
      <internalNodes>
        0 -1 88539 6.9162822910584509e-05</internalNodes>
      <leafValues>
        -2.9651737213134766e-01 6.6084885597229004e-01</leafValues></_>
    <_>
      <internalNodes>
        0 -1 159930 2.5018234737217426e-04</internalNodes>
      <leafValues>
        5.3618586063385010e-01 -4.1396680474281311e-01</leafValues></_>
    <_>
      <internalNodes>
        0 -1 106003 -3.5576879978179932e-02</internalNodes>
      <leafValues>
        7.2587567567825317e-01 -3.5331532359123230e-01</leafValues></_></weakClassifiers></stage18>
</opencv_storage>
