<?xml version="1.0"?>
<opencv_storage>
<stage13>
  <maxWeakCount>13</maxWeakCount>
  <stageThreshold>-7.1874743700027466e-01</stageThreshold>
  <weakClassifiers>
    <_>
      <internalNodes>
        0 -1 89922 -2.0589996129274368e-02</internalNodes>
      <leafValues>
        7.0354908704757690e-01 -8.7885983288288116e-02</leafValues></_>
    <_>
      <internalNodes>
        0 -1 443 5.3353574126958847e-02</internalNodes>
      <leafValues>
        -3.0800035595893860e-01 3.6143839359283447e-01</leafValues></_>
    <_>
      <internalNodes>
        0 -1 146274 5.2973525598645210e-03</internalNodes>
      <leafValues>
        1.6608421504497528e-01 -7.9206460714340210e-01</leafValues></_>
    <_>
      <internalNodes>
        0 -1 120208 1.6746282577514648e-02</internalNodes>
      <leafValues>
        -2.4172939360141754e-01 4.7874116897583008e-01</leafValues></_>
    <_>
      <internalNodes>
        0 -1 122802 -1.3662038836628199e-03</internalNodes>
      <leafValues>
        2.7916008234024048e-01 -3.7909188866615295e-01</leafValues></_>
    <_>
      <internalNodes>
        0 -1 133178 1.0281115770339966e-02</internalNodes>
      <leafValues>
        -2.0103530585765839e-01 5.2882438898086548e-01</leafValues></_>
    <_>
      <internalNodes>
        0 -1 151878 -3.0881820712238550e-03</internalNodes>
      <leafValues>
        -6.9521433115005493e-01 1.6965761780738831e-01</leafValues></_>
    <_>
      <internalNodes>
        0 -1 111432 -1.0200017131865025e-03</internalNodes>
      <leafValues>
        6.1741006374359131e-01 -1.9392728805541992e-01</leafValues></_>
    <_>
      <internalNodes>
        0 -1 6149 -5.9004019945859909e-02</internalNodes>
      <leafValues>
        6.9779926538467407e-01 -1.3227394223213196e-01</leafValues></_>
    <_>
      <internalNodes>
        0 -1 25053 6.5742707811295986e-03</internalNodes>
      <leafValues>
        1.6408762335777283e-01 -7.2371625900268555e-01</leafValues></_>
    <_>
      <internalNodes>
        0 -1 87867 -1.3569876551628113e-01</internalNodes>
      <leafValues>
        8.1781792640686035e-01 -1.3979604840278625e-01</leafValues></_>
    <_>
      <internalNodes>
        0 -1 25094 -1.3080293312668800e-02</internalNodes>
      <leafValues>
        7.6950830221176147e-01 -1.5315456688404083e-01</leafValues></_>
    <_>
      <internalNodes>
        0 -1 92047 1.3934992253780365e-02</internalNodes>
      <leafValues>
        1.5549914538860321e-01 -8.4044724702835083e-01</leafValues></_></weakClassifiers></stage13>
</opencv_storage>
