<?xml version="1.0"?>
<opencv_storage>
<stage16>
  <maxWeakCount>10</maxWeakCount>
  <stageThreshold>-4.8048308491706848e-01</stageThreshold>
  <weakClassifiers>
    <_>
      <internalNodes>
        0 -1 105198 -1.7748180776834488e-02</internalNodes>
      <leafValues>
        6.7469877004623413e-01 -8.9552238583564758e-02</leafValues></_>
    <_>
      <internalNodes>
        0 -1 123285 -2.0032413303852081e-03</internalNodes>
      <leafValues>
        4.2054730653762817e-01 -3.9376994967460632e-01</leafValues></_>
    <_>
      <internalNodes>
        0 -1 127619 1.5269678551703691e-03</internalNodes>
      <leafValues>
        -3.0632323026657104e-01 4.7977966070175171e-01</leafValues></_>
    <_>
      <internalNodes>
        0 -1 100339 -3.9727684110403061e-02</internalNodes>
      <leafValues>
        2.9647064208984375e-01 -4.6190568804740906e-01</leafValues></_>
    <_>
      <internalNodes>
        0 -1 52113 -1.5446345787495375e-03</internalNodes>
      <leafValues>
        6.1167275905609131e-01 -2.3687623441219330e-01</leafValues></_>
    <_>
      <internalNodes>
        0 -1 149879 -2.0925658755004406e-03</internalNodes>
      <leafValues>
        6.7453813552856445e-01 -1.6507469117641449e-01</leafValues></_>
    <_>
      <internalNodes>
        0 -1 109147 -1.5702433884143829e-03</internalNodes>
      <leafValues>
        -6.1526054143905640e-01 2.6648947596549988e-01</leafValues></_>
    <_>
      <internalNodes>
        0 -1 57831 -1.5600051265209913e-03</internalNodes>
      <leafValues>
        5.6691646575927734e-01 -2.4970713257789612e-01</leafValues></_>
    <_>
      <internalNodes>
        0 -1 144113 -1.0070929303765297e-02</internalNodes>
      <leafValues>
        7.0830672979354858e-01 -1.3260698318481445e-01</leafValues></_>
    <_>
      <internalNodes>
        0 -1 70078 -1.5949232038110495e-03</internalNodes>
      <leafValues>
        7.8290975093841553e-01 -1.3813668489456177e-01</leafValues></_></weakClassifiers></stage16>
</opencv_storage>
