<?xml version="1.0"?>
<opencv_storage>
<stage9>
  <maxWeakCount>10</maxWeakCount>
  <stageThreshold>-6.2955403327941895e-01</stageThreshold>
  <weakClassifiers>
    <_>
      <internalNodes>
        0 -1 118774 -4.7028735280036926e-03</internalNodes>
      <leafValues>
        7.3248410224914551e-01 -1.0489510744810104e-01</leafValues></_>
    <_>
      <internalNodes>
        0 -1 48481 -1.5466790500795469e-05</internalNodes>
      <leafValues>
        5.5459731817245483e-01 -2.1349035203456879e-01</leafValues></_>
    <_>
      <internalNodes>
        0 -1 141983 -1.4477938413619995e-02</internalNodes>
      <leafValues>
        7.1027851104736328e-01 -2.2589080035686493e-01</leafValues></_>
    <_>
      <internalNodes>
        0 -1 157673 -8.3966674283146858e-03</internalNodes>
      <leafValues>
        8.7703281641006470e-01 -1.9962993264198303e-01</leafValues></_>
    <_>
      <internalNodes>
        0 -1 122820 -3.3279489725828171e-03</internalNodes>
      <leafValues>
        5.8514994382858276e-01 -2.7611526846885681e-01</leafValues></_>
    <_>
      <internalNodes>
        0 -1 3278 -4.8931566998362541e-03</internalNodes>
      <leafValues>
        -7.0626890659332275e-01 2.7396336197853088e-01</leafValues></_>
    <_>
      <internalNodes>
        0 -1 80483 -1.0950737632811069e-03</internalNodes>
      <leafValues>
        6.7629295587539673e-01 -2.6226910948753357e-01</leafValues></_>
    <_>
      <internalNodes>
        0 -1 89253 1.9556873012334108e-03</internalNodes>
      <leafValues>
        2.5801676511764526e-01 -7.4097645282745361e-01</leafValues></_>
    <_>
      <internalNodes>
        0 -1 147405 1.0643464047461748e-03</internalNodes>
      <leafValues>
        -2.7810874581336975e-01 6.7612665891647339e-01</leafValues></_>
    <_>
      <internalNodes>
        0 -1 97903 -6.8186671705916524e-04</internalNodes>
      <leafValues>
        -4.8591953516006470e-01 3.9886513352394104e-01</leafValues></_></weakClassifiers></stage9>
</opencv_storage>
