<?xml version="1.0"?>
<opencv_storage>
<stage3>
  <maxWeakCount>7</maxWeakCount>
  <stageThreshold>-7.2979712486267090e-01</stageThreshold>
  <weakClassifiers>
    <_>
      <internalNodes>
        0 -1 99405 -2.2428012453019619e-03</internalNodes>
      <leafValues>
        7.9084968566894531e-01 -1.4285714924335480e-01</leafValues></_>
    <_>
      <internalNodes>
        0 -1 136177 -5.2263005636632442e-04</internalNodes>
      <leafValues>
        4.7735348343849182e-01 -4.0216100215911865e-01</leafValues></_>
    <_>
      <internalNodes>
        0 -1 114545 -2.0953387022018433e-02</internalNodes>
      <leafValues>
        -7.2628641128540039e-01 2.9474195837974548e-01</leafValues></_>
    <_>
      <internalNodes>
        0 -1 139043 -8.0319656990468502e-04</internalNodes>
      <leafValues>
        6.5553861856460571e-01 -3.7168610095977783e-01</leafValues></_>
    <_>
      <internalNodes>
        0 -1 121437 -1.2075342237949371e-02</internalNodes>
      <leafValues>
        7.9558128118515015e-01 -2.4714198708534241e-01</leafValues></_>
    <_>
      <internalNodes>
        0 -1 58938 1.3679005205631256e-03</internalNodes>
      <leafValues>
        -2.4208615720272064e-01 8.1069916486740112e-01</leafValues></_>
    <_>
      <internalNodes>
        0 -1 71223 4.4140447862446308e-03</internalNodes>
      <leafValues>
        3.9954361319541931e-01 -5.5231350660324097e-01</leafValues></_></weakClassifiers></stage3>
</opencv_storage>
