<?xml version="1.0"?>
<opencv_storage>
<cascade>
  <stageType>BOOST</stageType>
  <featureType>HAAR</featureType>
  <height>24</height>
  <width>24</width>
  <stageParams>
    <boostType>GAB</boostType>
    <minHitRate>9.9500000476837158e-01</minHitRate>
    <maxFalseAlarm>5.0000000000000000e-01</maxFalseAlarm>
    <weightTrimRate>9.4999999999999996e-01</weightTrimRate>
    <maxDepth>1</maxDepth>
    <maxWeakCount>100</maxWeakCount></stageParams>
  <featureParams>
    <maxCatCount>0</maxCatCount>
    <featSize>1</featSize>
    <mode>BASIC</mode></featureParams>
  <stageNum>10</stageNum>
  <stages>
    <!-- stage 0 -->
    <_>
      <maxWeakCount>8</maxWeakCount>
      <stageThreshold>-1.0670865774154663e+00</stageThreshold>
      <weakClassifiers>
        <_>
          <internalNodes>
            0 -1 46 2.7894850820302963e-02</internalNodes>
          <leafValues>
            -2.3943662643432617e-01 8.4810125827789307e-01</leafValues></_>
        <_>
          <internalNodes>
            0 -1 117 -2.7324307709932327e-02</internalNodes>
          <leafValues>
            6.9145095348358154e-01 -3.7257292866706848e-01</leafValues></_>
        <_>
          <internalNodes>
            0 -1 54 -1.5261374413967133e-02</internalNodes>
          <leafValues>
            6.8404352664947510e-01 -2.9750114679336548e-01</leafValues></_>
        <_>
          <internalNodes>
            0 -1 112 1.7503671115264297e-03</internalNodes>
          <leafValues>
            -3.2081115245819092e-01 6.1160486936569214e-01</leafValues></_>
        <_>
          <internalNodes>
            0 -1 27 -1.4909530058503151e-02</internalNodes>
          <leafValues>
            6.7098641395568848e-01 -2.6943811774253845e-01</leafValues></_>
        <_>
          <internalNodes>
            0 -1 82 -2.9353927820920944e-03</internalNodes>
          <leafValues>
            -8.8931208848953247e-01 2.1486832201480865e-01</leafValues></_>
        <_>
          <internalNodes>
            0 -1 74 -6.4545376226305962e-03</internalNodes>
          <leafValues>
            6.3099956512451172e-01 -2.9960548877716064e-01</leafValues></_>
        <_>
          <internalNodes>
            0 -1 83 -3.7976552266627550e-03</internalNodes>
          <leafValues>
            5.1741063594818115e-01 -3.8640397787094116e-01</leafValues></_></weakClassifiers></_>
    <!-- stage 1 -->
    <_>
      <maxWeakCount>10</maxWeakCount>
      <stageThreshold>-1.1267358064651489e+00</stageThreshold>
      <weakClassifiers>
        <_>
          <internalNodes>
            0 -1 55 -1.8053408712148666e-02</internalNodes>
          <leafValues>
            7.6679843664169312e-01 -2.2335025668144226e-01</leafValues></_>
        <_>
          <internalNodes>
            0 -1 48 3.7472918629646301e-02</internalNodes>
          <leafValues>
            -1.9960565865039825e-01 8.3132970333099365e-01</leafValues></_>
        <_>
          <internalNodes>
            0 -1 113 6.0571543872356415e-04</internalNodes>
          <leafValues>
            -3.1240740418434143e-01 5.9272855520248413e-01</leafValues></_>
        <_>
          <internalNodes>
            0 -1 118 -2.0748298615217209e-02</internalNodes>
          <leafValues>
            4.0322202444076538e-01 -4.0427228808403015e-01</leafValues></_>
        <_>
          <internalNodes>
            0 -1 76 -1.1885077692568302e-02</internalNodes>
          <leafValues>
            2.9588168859481812e-01 -3.9762118458747864e-01</leafValues></_>
        <_>
          <internalNodes>
            0 -1 52 -7.1817804127931595e-03</internalNodes>
          <leafValues>
            5.5703967809677124e-01 -2.6574751734733582e-01</leafValues></_>
        <_>
          <internalNodes>
            0 -1 82 4.0765991434454918e-03</internalNodes>
          <leafValues>
            1.8616873025894165e-01 -7.7176940441131592e-01</leafValues></_>
        <_>
          <internalNodes>
            0 -1 111 -1.1581844650208950e-02</internalNodes>
          <leafValues>
            5.6641745567321777e-01 -2.4279674887657166e-01</leafValues></_>
        <_>
          <internalNodes>
            0 -1 25 1.1588336527347565e-01</internalNodes>
          <leafValues>
            -1.2382584065198898e-01 8.7419736385345459e-01</leafValues></_>
        <_>
          <internalNodes>
            0 -1 40 2.3146201856434345e-03</internalNodes>
          <leafValues>
            -1.4130079746246338e-01 7.0308011770248413e-01</leafValues></_></weakClassifiers></_>
    <!-- stage 2 -->
    <_>
      <maxWeakCount>14</maxWeakCount>
      <stageThreshold>-7.0703351497650146e-01</stageThreshold>
      <weakClassifiers>
        <_>
          <internalNodes>
            0 -1 9 -1.0073198005557060e-02</internalNodes>
          <leafValues>
            7.2881358861923218e-01 -1.0280373692512512e-01</leafValues></_>
        <_>
          <internalNodes>
            0 -1 88 -7.0868089795112610e-02</internalNodes>
          <leafValues>
            5.7179546356201172e-01 -2.6545777916908264e-01</leafValues></_>
        <_>
          <internalNodes>
            0 -1 7 -1.5796918421983719e-02</internalNodes>
          <leafValues>
            6.5801328420639038e-01 -2.0611985027790070e-01</leafValues></_>
        <_>
          <internalNodes>
            0 -1 13 -3.7852548994123936e-03</internalNodes>
          <leafValues>
            6.5555375814437866e-01 -2.4188192188739777e-01</leafValues></_>
        <_>
          <internalNodes>
            0 -1 51 3.3548041246831417e-03</internalNodes>
          <leafValues>
            -2.4053046107292175e-01 5.7112687826156616e-01</leafValues></_>
        <_>
          <internalNodes>
            0 -1 34 8.6503280326724052e-03</internalNodes>
          <leafValues>
            -2.1294915676116943e-01 7.6085233688354492e-01</leafValues></_>
        <_>
          <internalNodes>
            0 -1 22 7.3149441741406918e-03</internalNodes>
          <leafValues>
            -2.2184233367443085e-01 5.8531981706619263e-01</leafValues></_>
        <_>
          <internalNodes>
            0 -1 32 -1.7549125477671623e-02</internalNodes>
          <leafValues>
            5.8720105886459351e-01 -2.1218533813953400e-01</leafValues></_>
        <_>
          <internalNodes>
            0 -1 108 -1.4929430559277534e-02</internalNodes>
          <leafValues>
            5.4284793138504028e-01 -2.4868656694889069e-01</leafValues></_>
        <_>
          <internalNodes>
            0 -1 31 -2.2591287270188332e-03</internalNodes>
          <leafValues>
            7.8152614831924438e-01 -1.4529140293598175e-01</leafValues></_>
        <_>
          <internalNodes>
            0 -1 77 -3.0096743255853653e-02</internalNodes>
          <leafValues>
            4.5612207055091858e-01 -2.1945235133171082e-01</leafValues></_>
        <_>
          <internalNodes>
            0 -1 85 2.4612834677100182e-03</internalNodes>
          <leafValues>
            -1.9558644294738770e-01 5.6677424907684326e-01</leafValues></_>
        <_>
          <internalNodes>
            0 -1 132 -3.9532884955406189e-02</internalNodes>
          <leafValues>
            4.4397956132888794e-01 -2.4089190363883972e-01</leafValues></_>
        <_>
          <internalNodes>
            0 -1 4 -9.1142151504755020e-03</internalNodes>
          <leafValues>
            5.4951584339141846e-01 -2.0294667780399323e-01</leafValues></_></weakClassifiers></_>
    <!-- stage 3 -->
    <_>
      <maxWeakCount>14</maxWeakCount>
      <stageThreshold>-9.4287496805191040e-01</stageThreshold>
      <weakClassifiers>
        <_>
          <internalNodes>
            0 -1 60 -5.9087593108415604e-03</internalNodes>
          <leafValues>
            6.0695654153823853e-01 -1.5076923370361328e-01</leafValues></_>
        <_>
          <internalNodes>
            0 -1 72 1.8141839653253555e-02</internalNodes>
          <leafValues>
            -2.5527375936508179e-01 4.9039542675018311e-01</leafValues></_>
        <_>
          <internalNodes>
            0 -1 116 6.2607144936919212e-03</internalNodes>
          <leafValues>
            -3.2233011722564697e-01 3.7635445594787598e-01</leafValues></_>
        <_>
          <internalNodes>
            0 -1 66 -3.4416601061820984e-02</internalNodes>
          <leafValues>
            4.2279613018035889e-01 -2.4127553403377533e-01</leafValues></_>
        <_>
          <internalNodes>
            0 -1 84 1.8451558426022530e-03</internalNodes>
          <leafValues>
            -2.6337659358978271e-01 4.2596334218978882e-01</leafValues></_>
        <_>
          <internalNodes>
            0 -1 124 1.4197938144207001e-02</internalNodes>
          <leafValues>
            -1.7746458947658539e-01 5.6492269039154053e-01</leafValues></_>
        <_>
          <internalNodes>
            0 -1 68 -1.4987803995609283e-02</internalNodes>
          <leafValues>
            -6.3368803262710571e-01 1.8435657024383545e-01</leafValues></_>
        <_>
          <internalNodes>
            0 -1 100 -4.6963547356426716e-04</internalNodes>
          <leafValues>
            4.5597511529922485e-01 -2.1594984829425812e-01</leafValues></_>
        <_>
          <internalNodes>
            0 -1 95 -5.6904507800936699e-04</internalNodes>
          <leafValues>
            5.5674719810485840e-01 -1.6981729865074158e-01</leafValues></_>
        <_>
          <internalNodes>
            0 -1 133 8.8300101924687624e-04</internalNodes>
          <leafValues>
            -2.0239129662513733e-01 5.0681757926940918e-01</leafValues></_>
        <_>
          <internalNodes>
            0 -1 1 8.3655424416065216e-02</internalNodes>
          <leafValues>
            2.0465119183063507e-01 -5.9036242961883545e-01</leafValues></_>
        <_>
          <internalNodes>
            0 -1 81 -3.8920203223824501e-03</internalNodes>
          <leafValues>
            -6.5868467092514038e-01 1.2077224999666214e-01</leafValues></_>
        <_>
          <internalNodes>
            0 -1 6 2.6715874671936035e-02</internalNodes>
          <leafValues>
            1.1593870818614960e-01 -7.5976443290710449e-01</leafValues></_>
        <_>
          <internalNodes>
            0 -1 42 9.2811938375234604e-03</internalNodes>
          <leafValues>
            -2.4187035858631134e-01 4.9214652180671692e-01</leafValues></_></weakClassifiers></_>
    <!-- stage 4 -->
    <_>
      <maxWeakCount>15</maxWeakCount>
      <stageThreshold>-6.6336184740066528e-01</stageThreshold>
      <weakClassifiers>
        <_>
          <internalNodes>
            0 -1 65 -6.9589549675583839e-03</internalNodes>
          <leafValues>
            6.6873705387115479e-01 -5.5155877023935318e-02</leafValues></_>
        <_>
          <internalNodes>
            0 -1 11 9.4875320792198181e-02</internalNodes>
          <leafValues>
            -1.3929234445095062e-01 6.6340559720993042e-01</leafValues></_>
        <_>
          <internalNodes>
            0 -1 37 1.0193921625614166e-02</internalNodes>
          <leafValues>
            -1.8129098415374756e-01 5.7966762781143188e-01</leafValues></_>
        <_>
          <internalNodes>
            0 -1 49 2.2441901266574860e-02</internalNodes>
          <leafValues>
            -2.6609447598457336e-01 4.1270771622657776e-01</leafValues></_>
        <_>
          <internalNodes>
            0 -1 106 3.9724237285554409e-04</internalNodes>
          <leafValues>
            1.5270349383354187e-01 -7.4971640110015869e-01</leafValues></_>
        <_>
          <internalNodes>
            0 -1 93 6.9850594736635685e-03</internalNodes>
          <leafValues>
            -2.9203876852989197e-01 3.5296046733856201e-01</leafValues></_>
        <_>
          <internalNodes>
            0 -1 10 -5.0873145461082458e-02</internalNodes>
          <leafValues>
            5.1695120334625244e-01 -1.8579202890396118e-01</leafValues></_>
        <_>
          <internalNodes>
            0 -1 90 -1.6806546598672867e-02</internalNodes>
          <leafValues>
            3.1378802657127380e-01 -3.0673038959503174e-01</leafValues></_>
        <_>
          <internalNodes>
            0 -1 44 -1.1201396584510803e-02</internalNodes>
          <leafValues>
            6.5284860134124756e-01 -1.5142151713371277e-01</leafValues></_>
        <_>
          <internalNodes>
            0 -1 135 8.8169705122709274e-04</internalNodes>
          <leafValues>
            1.7369540035724640e-01 -5.6711888313293457e-01</leafValues></_>
        <_>
          <internalNodes>
            0 -1 67 8.5291847586631775e-02</internalNodes>
          <leafValues>
            7.6433241367340088e-02 -9.4741386175155640e-01</leafValues></_>
        <_>
          <internalNodes>
            0 -1 24 -1.4876453205943108e-03</internalNodes>
          <leafValues>
            3.4823095798492432e-01 -2.5556427240371704e-01</leafValues></_>
        <_>
          <internalNodes>
            0 -1 73 -3.7878910079598427e-03</internalNodes>
          <leafValues>
            7.9371154308319092e-01 -1.0932627320289612e-01</leafValues></_>
        <_>
          <internalNodes>
            0 -1 23 4.8034349456429482e-03</internalNodes>
          <leafValues>
            -1.4301086962223053e-01 5.7113188505172729e-01</leafValues></_>
        <_>
          <internalNodes>
            0 -1 96 1.4908761950209737e-03</internalNodes>
          <leafValues>
            -1.6134089231491089e-01 4.9872732162475586e-01</leafValues></_></weakClassifiers></_>
    <!-- stage 5 -->
    <_>
      <maxWeakCount>17</maxWeakCount>
      <stageThreshold>-5.8498948812484741e-01</stageThreshold>
      <weakClassifiers>
        <_>
          <internalNodes>
            0 -1 53 -1.8042137846350670e-02</internalNodes>
          <leafValues>
            7.1219509840011597e-01 1.6326529905200005e-02</leafValues></_>
        <_>
          <internalNodes>
            0 -1 78 1.8086708150804043e-03</internalNodes>
          <leafValues>
            -1.9848562777042389e-01 5.2029061317443848e-01</leafValues></_>
        <_>
          <internalNodes>
            0 -1 8 -1.5256296843290329e-02</internalNodes>
          <leafValues>
            3.2980850338935852e-01 -3.1703063845634460e-01</leafValues></_>
        <_>
          <internalNodes>
            0 -1 104 1.6162779647856951e-03</internalNodes>
          <leafValues>
            2.5442320108413696e-01 -4.2874127626419067e-01</leafValues></_>
        <_>
          <internalNodes>
            0 -1 41 3.2744361087679863e-03</internalNodes>
          <leafValues>
            -2.6538693904876709e-01 4.1412320733070374e-01</leafValues></_>
        <_>
          <internalNodes>
            0 -1 15 -9.1679990291595459e-02</internalNodes>
          <leafValues>
            8.9486140012741089e-01 -1.1680005490779877e-01</leafValues></_>
        <_>
          <internalNodes>
            0 -1 80 -2.5622998364269733e-03</internalNodes>
          <leafValues>
            -5.7113474607467651e-01 1.8869730830192566e-01</leafValues></_>
        <_>
          <internalNodes>
            0 -1 36 3.6992589011788368e-03</internalNodes>
          <leafValues>
            -1.4950637519359589e-01 7.8545618057250977e-01</leafValues></_>
        <_>
          <internalNodes>
            0 -1 101 -5.4638400673866272e-02</internalNodes>
          <leafValues>
            3.6089700460433960e-01 -2.5484091043472290e-01</leafValues></_>
        <_>
          <internalNodes>
            0 -1 17 1.1426466517150402e-02</internalNodes>
          <leafValues>
            -1.1553714424371719e-01 7.8301697969436646e-01</leafValues></_>
        <_>
          <internalNodes>
            0 -1 39 6.9812154397368431e-03</internalNodes>
          <leafValues>
            -1.5204463899135590e-01 5.5168169736862183e-01</leafValues></_>
        <_>
          <internalNodes>
            0 -1 33 -1.0028458200395107e-02</internalNodes>
          <leafValues>
            4.9497011303901672e-01 -1.6153962910175323e-01</leafValues></_>
        <_>
          <internalNodes>
            0 -1 129 3.6577307619154453e-03</internalNodes>
          <leafValues>
            -1.3817530870437622e-01 6.2261831760406494e-01</leafValues></_>
        <_>
          <internalNodes>
            0 -1 115 -9.9442582577466965e-03</internalNodes>
          <leafValues>
            4.3211826682090759e-01 -1.9900999963283539e-01</leafValues></_>
        <_>
          <internalNodes>
            0 -1 97 -3.7887148559093475e-02</internalNodes>
          <leafValues>
            3.7996333837509155e-01 -2.2799575328826904e-01</leafValues></_>
        <_>
          <internalNodes>
            0 -1 63 3.8720043376088142e-03</internalNodes>
          <leafValues>
            -1.3919611275196075e-01 6.6110712289810181e-01</leafValues></_>
        <_>
          <internalNodes>
            0 -1 3 -7.8821768984198570e-03</internalNodes>
          <leafValues>
            -7.6271498203277588e-01 1.4424638450145721e-01</leafValues></_></weakClassifiers></_>
    <!-- stage 6 -->
    <_>
      <maxWeakCount>17</maxWeakCount>
      <stageThreshold>-7.4511069059371948e-01</stageThreshold>
      <weakClassifiers>
        <_>
          <internalNodes>
            0 -1 79 -8.0088265240192413e-03</internalNodes>
          <leafValues>
            7.3821991682052612e-01 3.4749034792184830e-02</leafValues></_>
        <_>
          <internalNodes>
            0 -1 87 -1.0694523155689240e-01</internalNodes>
          <leafValues>
            6.1447441577911377e-01 -1.4517070353031158e-01</leafValues></_>
        <_>
          <internalNodes>
            0 -1 20 -1.5922944992780685e-02</internalNodes>
          <leafValues>
            4.2148870229721069e-01 -2.5244665145874023e-01</leafValues></_>
        <_>
          <internalNodes>
            0 -1 131 1.8797190859913826e-02</internalNodes>
          <leafValues>
            -2.0901338756084442e-01 5.9614312648773193e-01</leafValues></_>
        <_>
          <internalNodes>
            0 -1 38 -7.3489593341946602e-04</internalNodes>
          <leafValues>
            6.2173533439636230e-01 -1.4761526882648468e-01</leafValues></_>
        <_>
          <internalNodes>
            0 -1 26 2.8673715423792601e-03</internalNodes>
          <leafValues>
            -3.1550705432891846e-01 2.7737966179847717e-01</leafValues></_>
        <_>
          <internalNodes>
            0 -1 102 2.9732515104115009e-03</internalNodes>
          <leafValues>
            -1.9104784727096558e-01 4.9692335724830627e-01</leafValues></_>
        <_>
          <internalNodes>
            0 -1 91 2.0821886137127876e-03</internalNodes>
          <leafValues>
            -1.5738721191883087e-01 5.4880124330520630e-01</leafValues></_>
        <_>
          <internalNodes>
            0 -1 121 2.6642901822924614e-02</internalNodes>
          <leafValues>
            1.5629659593105316e-01 -6.4279097318649292e-01</leafValues></_>
        <_>
          <internalNodes>
            0 -1 137 -5.2201165817677975e-04</internalNodes>
          <leafValues>
            -4.2032244801521301e-01 1.9829729199409485e-01</leafValues></_>
        <_>
          <internalNodes>
            0 -1 114 -4.5729495468549430e-04</internalNodes>
          <leafValues>
            2.9258519411087036e-01 -2.9077467322349548e-01</leafValues></_>
        <_>
          <internalNodes>
            0 -1 18 -2.7382937259972095e-03</internalNodes>
          <leafValues>
            5.3384786844253540e-01 -1.7693196237087250e-01</leafValues></_>
        <_>
          <internalNodes>
            0 -1 109 -1.6189920643228106e-05</internalNodes>
          <leafValues>
            2.8355574607849121e-01 -3.2705801725387573e-01</leafValues></_>
        <_>
          <internalNodes>
            0 -1 35 3.8323225453495979e-03</internalNodes>
          <leafValues>
            -1.8811453878879547e-01 5.1495832204818726e-01</leafValues></_>
        <_>
          <internalNodes>
            0 -1 28 -3.6922253668308258e-02</internalNodes>
          <leafValues>
            3.8902899622917175e-01 -3.0209591984748840e-01</leafValues></_>
        <_>
          <internalNodes>
            0 -1 128 2.4696919135749340e-03</internalNodes>
          <leafValues>
            -1.8597164750099182e-01 5.6063956022262573e-01</leafValues></_>
        <_>
          <internalNodes>
            0 -1 19 1.1023802682757378e-02</internalNodes>
          <leafValues>
            -1.3994413614273071e-01 6.4293497800827026e-01</leafValues></_></weakClassifiers></_>
    <!-- stage 7 -->
    <_>
      <maxWeakCount>13</maxWeakCount>
      <stageThreshold>-8.1711804866790771e-01</stageThreshold>
      <weakClassifiers>
        <_>
          <internalNodes>
            0 -1 56 9.0635448694229126e-02</internalNodes>
          <leafValues>
            2.7343750000000000e-02 7.3711341619491577e-01</leafValues></_>
        <_>
          <internalNodes>
            0 -1 69 -2.0595360547304153e-03</internalNodes>
          <leafValues>
            -5.5146861076354980e-01 2.4970000982284546e-01</leafValues></_>
        <_>
          <internalNodes>
            0 -1 98 4.5795850455760956e-03</internalNodes>
          <leafValues>
            -2.1731959283351898e-01 5.4625183343887329e-01</leafValues></_>
        <_>
          <internalNodes>
            0 -1 29 -1.0047793388366699e-02</internalNodes>
          <leafValues>
            4.4323408603668213e-01 -2.4055121839046478e-01</leafValues></_>
        <_>
          <internalNodes>
            0 -1 61 -1.0006169974803925e-01</internalNodes>
          <leafValues>
            6.2742209434509277e-01 -1.5993188321590424e-01</leafValues></_>
        <_>
          <internalNodes>
            0 -1 123 5.9106675907969475e-03</internalNodes>
          <leafValues>
            -1.0093172639608383e-01 8.4448868036270142e-01</leafValues></_>
        <_>
          <internalNodes>
            0 -1 134 -1.4845510013401508e-03</internalNodes>
          <leafValues>
            -5.8077651262283325e-01 2.1673248708248138e-01</leafValues></_>
        <_>
          <internalNodes>
            0 -1 16 4.3333891779184341e-02</internalNodes>
          <leafValues>
            -1.5874177217483521e-01 6.7143732309341431e-01</leafValues></_>
        <_>
          <internalNodes>
            0 -1 14 -2.5001499801874161e-02</internalNodes>
          <leafValues>
            5.9364444017410278e-01 -1.6718664765357971e-01</leafValues></_>
        <_>
          <internalNodes>
            0 -1 70 3.0271813739091158e-03</internalNodes>
          <leafValues>
            1.9949801266193390e-01 -6.3701540231704712e-01</leafValues></_>
        <_>
          <internalNodes>
            0 -1 21 2.1992610767483711e-02</internalNodes>
          <leafValues>
            -1.7263430356979370e-01 6.5418231487274170e-01</leafValues></_>
        <_>
          <internalNodes>
            0 -1 0 6.2039936892688274e-04</internalNodes>
          <leafValues>
            2.3793849349021912e-01 -4.2854961752891541e-01</leafValues></_>
        <_>
          <internalNodes>
            0 -1 127 4.4267382472753525e-03</internalNodes>
          <leafValues>
            1.3545449078083038e-01 -7.3959249258041382e-01</leafValues></_></weakClassifiers></_>
    <!-- stage 8 -->
    <_>
      <maxWeakCount>16</maxWeakCount>
      <stageThreshold>-6.8270862102508545e-01</stageThreshold>
      <weakClassifiers>
        <_>
          <internalNodes>
            0 -1 92 9.0398881584405899e-03</internalNodes>
          <leafValues>
            2.5341130793094635e-02 7.4160206317901611e-01</leafValues></_>
        <_>
          <internalNodes>
            0 -1 30 -3.2108265440911055e-03</internalNodes>
          <leafValues>
            5.2716904878616333e-01 -1.8960934877395630e-01</leafValues></_>
        <_>
          <internalNodes>
            0 -1 89 -1.6448468159069307e-05</internalNodes>
          <leafValues>
            3.1656324863433838e-01 -3.9973360300064087e-01</leafValues></_>
        <_>
          <internalNodes>
            0 -1 62 -1.2318482622504234e-02</internalNodes>
          <leafValues>
            4.5690447092056274e-01 -2.6777350902557373e-01</leafValues></_>
        <_>
          <internalNodes>
            0 -1 126 -6.6639361903071404e-03</internalNodes>
          <leafValues>
            7.1848547458648682e-01 -1.6087704896926880e-01</leafValues></_>
        <_>
          <internalNodes>
            0 -1 120 -1.3732197694480419e-03</internalNodes>
          <leafValues>
            3.7094441056251526e-01 -2.8662267327308655e-01</leafValues></_>
        <_>
          <internalNodes>
            0 -1 125 6.6656721755862236e-03</internalNodes>
          <leafValues>
            -1.2834382057189941e-01 8.6110848188400269e-01</leafValues></_>
        <_>
          <internalNodes>
            0 -1 107 -7.5782905332744122e-04</internalNodes>
          <leafValues>
            -6.6422396898269653e-01 1.7330874502658844e-01</leafValues></_>
        <_>
          <internalNodes>
            0 -1 50 -1.6310801729559898e-03</internalNodes>
          <leafValues>
            6.9421154260635376e-01 -1.6685509681701660e-01</leafValues></_>
        <_>
          <internalNodes>
            0 -1 5 1.0578387416899204e-02</internalNodes>
          <leafValues>
            -1.6782173514366150e-01 5.9019654989242554e-01</leafValues></_>
        <_>
          <internalNodes>
            0 -1 43 -1.2095835991203785e-03</internalNodes>
          <leafValues>
            6.5572786331176758e-01 -1.2720413506031036e-01</leafValues></_>
        <_>
          <internalNodes>
            0 -1 71 -2.9700091108679771e-03</internalNodes>
          <leafValues>
            -6.3507777452468872e-01 1.9518740475177765e-01</leafValues></_>
        <_>
          <internalNodes>
            0 -1 103 -1.2157846867921762e-05</internalNodes>
          <leafValues>
            3.4246435761451721e-01 -3.0317214131355286e-01</leafValues></_>
        <_>
          <internalNodes>
            0 -1 75 2.4060509167611599e-03</internalNodes>
          <leafValues>
            -1.6907107830047607e-01 6.2532049417495728e-01</leafValues></_>
        <_>
          <internalNodes>
            0 -1 64 -8.8807754218578339e-03</internalNodes>
          <leafValues>
            5.5894380807876587e-01 -1.7295452952384949e-01</leafValues></_>
        <_>
          <internalNodes>
            0 -1 136 -1.5099581331014633e-02</internalNodes>
          <leafValues>
            -5.2575206756591797e-01 2.2231373190879822e-01</leafValues></_></weakClassifiers></_>
    <!-- stage 9 -->
    <_>
      <maxWeakCount>15</maxWeakCount>
      <stageThreshold>-7.2821265459060669e-01</stageThreshold>
      <weakClassifiers>
        <_>
          <internalNodes>
            0 -1 57 7.2866126894950867e-02</internalNodes>
          <leafValues>
            1.0482179932296276e-02 6.9739955663681030e-01</leafValues></_>
        <_>
          <internalNodes>
            0 -1 99 -2.0463394466787577e-03</internalNodes>
          <leafValues>
            4.9153971672058105e-01 -2.1471464633941650e-01</leafValues></_>
        <_>
          <internalNodes>
            0 -1 45 -7.4361927807331085e-02</internalNodes>
          <leafValues>
            7.1667951345443726e-01 -1.5663059055805206e-01</leafValues></_>
        <_>
          <internalNodes>
            0 -1 58 -3.1297020614147186e-02</internalNodes>
          <leafValues>
            6.0837423801422119e-01 -2.1803534030914307e-01</leafValues></_>
        <_>
          <internalNodes>
            0 -1 110 1.1585340835154057e-03</internalNodes>
          <leafValues>
            -2.1445073187351227e-01 4.3756905198097229e-01</leafValues></_>
        <_>
          <internalNodes>
            0 -1 86 5.8900453150272369e-03</internalNodes>
          <leafValues>
            1.5276195108890533e-01 -6.7025738954544067e-01</leafValues></_>
        <_>
          <internalNodes>
            0 -1 47 2.6967148296535015e-03</internalNodes>
          <leafValues>
            -2.2390283644199371e-01 4.4291487336158752e-01</leafValues></_>
        <_>
          <internalNodes>
            0 -1 122 -1.4214590191841125e-02</internalNodes>
          <leafValues>
            6.2802523374557495e-01 -1.6310748457908630e-01</leafValues></_>
        <_>
          <internalNodes>
            0 -1 2 -6.6836312413215637e-02</internalNodes>
          <leafValues>
            3.8418805599212646e-01 -2.2167900204658508e-01</leafValues></_>
        <_>
          <internalNodes>
            0 -1 119 -1.0233839275315404e-03</internalNodes>
          <leafValues>
            3.1617987155914307e-01 -2.7779576182365417e-01</leafValues></_>
        <_>
          <internalNodes>
            0 -1 12 1.7373950686305761e-03</internalNodes>
          <leafValues>
            -1.9028934836387634e-01 5.1100140810012817e-01</leafValues></_>
        <_>
          <internalNodes>
            0 -1 105 6.5086665563285351e-04</internalNodes>
          <leafValues>
            1.4433427155017853e-01 -6.7481851577758789e-01</leafValues></_>
        <_>
          <internalNodes>
            0 -1 130 4.4614411308430135e-04</internalNodes>
          <leafValues>
            -1.9033996760845184e-01 5.0290083885192871e-01</leafValues></_>
        <_>
          <internalNodes>
            0 -1 94 -6.2782779335975647e-02</internalNodes>
          <leafValues>
            3.6905819177627563e-01 -2.2376154363155365e-01</leafValues></_>
        <_>
          <internalNodes>
            0 -1 59 3.9471961557865143e-02</internalNodes>
          <leafValues>
            1.1299639940261841e-01 -7.0237481594085693e-01</leafValues></_></weakClassifiers></_></stages>
  <features>
    <_>
      <rects>
        <_>
          0 0 2 4 -1.</_>
        <_>
          0 2 2 2 2.</_></rects>
      <tilted>0</tilted></_>
    <_>
      <rects>
        <_>
          0 0 24 5 -1.</_>
        <_>
          12 0 12 5 2.</_></rects>
      <tilted>0</tilted></_>
    <_>
      <rects>
        <_>
          0 3 24 3 -1.</_>
        <_>
          8 3 8 3 3.</_></rects>
      <tilted>0</tilted></_>
    <_>
      <rects>
        <_>
          0 4 14 3 -1.</_>
        <_>
          0 5 14 1 3.</_></rects>
      <tilted>0</tilted></_>
    <_>
      <rects>
        <_>
          0 9 15 1 -1.</_>
        <_>
          5 9 5 1 3.</_></rects>
      <tilted>0</tilted></_>
    <_>
      <rects>
        <_>
          0 13 8 6 -1.</_>
        <_>
          0 13 4 3 2.</_>
        <_>
          4 16 4 3 2.</_></rects>
      <tilted>0</tilted></_>
    <_>
      <rects>
        <_>
          0 21 22 1 -1.</_>
        <_>
          11 21 11 1 2.</_></rects>
      <tilted>0</tilted></_>
    <_>
      <rects>
        <_>
          1 0 16 4 -1.</_>
        <_>
          1 0 8 2 2.</_>
        <_>
          9 2 8 2 2.</_></rects>
      <tilted>0</tilted></_>
    <_>
      <rects>
        <_>
          1 3 21 2 -1.</_>
        <_>
          8 3 7 2 3.</_></rects>
      <tilted>0</tilted></_>
    <_>
      <rects>
        <_>
          1 4 10 2 -1.</_>
        <_>
          6 4 5 2 2.</_></rects>
      <tilted>0</tilted></_>
    <_>
      <rects>
        <_>
          1 6 15 5 -1.</_>
        <_>
          6 6 5 5 3.</_></rects>
      <tilted>0</tilted></_>
    <_>
      <rects>
        <_>
          1 9 15 8 -1.</_>
        <_>
          6 9 5 8 3.</_></rects>
      <tilted>0</tilted></_>
    <_>
      <rects>
        <_>
          1 10 6 2 -1.</_>
        <_>
          1 10 3 1 2.</_>
        <_>
          4 11 3 1 2.</_></rects>
      <tilted>0</tilted></_>
    <_>
      <rects>
        <_>
          1 12 16 3 -1.</_>
        <_>
          1 13 16 1 3.</_></rects>
      <tilted>0</tilted></_>
    <_>
      <rects>
        <_>
          1 19 18 2 -1.</_>
        <_>
          7 19 6 2 3.</_></rects>
      <tilted>0</tilted></_>
    <_>
      <rects>
        <_>
          1 19 21 3 -1.</_>
        <_>
          8 19 7 3 3.</_></rects>
      <tilted>0</tilted></_>
    <_>
      <rects>
        <_>
          2 8 8 12 -1.</_>
        <_>
          2 8 4 6 2.</_>
        <_>
          6 14 4 6 2.</_></rects>
      <tilted>0</tilted></_>
    <_>
      <rects>
        <_>
          2 10 4 4 -1.</_>
        <_>
          4 10 2 4 2.</_></rects>
      <tilted>0</tilted></_>
    <_>
      <rects>
        <_>
          2 14 6 1 -1.</_>
        <_>
          4 14 2 1 3.</_></rects>
      <tilted>0</tilted></_>
    <_>
      <rects>
        <_>
          3 0 14 6 -1.</_>
        <_>
          3 3 14 3 2.</_></rects>
      <tilted>0</tilted></_>
    <_>
      <rects>
        <_>
          3 2 8 4 -1.</_>
        <_>
          7 2 4 4 2.</_></rects>
      <tilted>0</tilted></_>
    <_>
      <rects>
        <_>
          3 5 8 6 -1.</_>
        <_>
          3 8 8 3 2.</_></rects>
      <tilted>0</tilted></_>
    <_>
      <rects>
        <_>
          3 7 4 10 -1.</_>
        <_>
          3 7 2 5 2.</_>
        <_>
          5 12 2 5 2.</_></rects>
      <tilted>0</tilted></_>
    <_>
      <rects>
        <_>
          3 8 3 11 -1.</_>
        <_>
          4 8 1 11 3.</_></rects>
      <tilted>0</tilted></_>
    <_>
      <rects>
        <_>
          3 10 2 11 -1.</_>
        <_>
          4 10 1 11 2.</_></rects>
      <tilted>0</tilted></_>
    <_>
      <rects>
        <_>
          3 12 15 12 -1.</_>
        <_>
          3 16 15 4 3.</_></rects>
      <tilted>0</tilted></_>
    <_>
      <rects>
        <_>
          3 14 18 6 -1.</_>
        <_>
          3 16 18 2 3.</_></rects>
      <tilted>0</tilted></_>
    <_>
      <rects>
        <_>
          3 16 8 8 -1.</_>
        <_>
          3 16 4 4 2.</_>
        <_>
          7 20 4 4 2.</_></rects>
      <tilted>0</tilted></_>
    <_>
      <rects>
        <_>
          4 0 16 6 -1.</_>
        <_>
          4 3 16 3 2.</_></rects>
      <tilted>0</tilted></_>
    <_>
      <rects>
        <_>
          4 2 15 1 -1.</_>
        <_>
          9 2 5 1 3.</_></rects>
      <tilted>0</tilted></_>
    <_>
      <rects>
        <_>
          4 5 4 2 -1.</_>
        <_>
          6 5 2 2 2.</_></rects>
      <tilted>0</tilted></_>
    <_>
      <rects>
        <_>
          4 11 2 6 -1.</_>
        <_>
          4 11 1 3 2.</_>
        <_>
          5 14 1 3 2.</_></rects>
      <tilted>0</tilted></_>
    <_>
      <rects>
        <_>
          4 12 6 12 -1.</_>
        <_>
          4 12 3 6 2.</_>
        <_>
          7 18 3 6 2.</_></rects>
      <tilted>0</tilted></_>
    <_>
      <rects>
        <_>
          4 16 6 6 -1.</_>
        <_>
          4 16 3 3 2.</_>
        <_>
          7 19 3 3 2.</_></rects>
      <tilted>0</tilted></_>
    <_>
      <rects>
        <_>
          5 1 6 6 -1.</_>
        <_>
          5 1 3 3 2.</_>
        <_>
          8 4 3 3 2.</_></rects>
      <tilted>0</tilted></_>
    <_>
      <rects>
        <_>
          5 2 6 4 -1.</_>
        <_>
          5 2 3 2 2.</_>
        <_>
          8 4 3 2 2.</_></rects>
      <tilted>0</tilted></_>
    <_>
      <rects>
        <_>
          5 3 2 6 -1.</_>
        <_>
          5 3 1 3 2.</_>
        <_>
          6 6 1 3 2.</_></rects>
      <tilted>0</tilted></_>
    <_>
      <rects>
        <_>
          5 3 6 6 -1.</_>
        <_>
          5 3 3 3 2.</_>
        <_>
          8 6 3 3 2.</_></rects>
      <tilted>0</tilted></_>
    <_>
      <rects>
        <_>
          5 4 3 1 -1.</_>
        <_>
          6 4 1 1 3.</_></rects>
      <tilted>0</tilted></_>
    <_>
      <rects>
        <_>
          5 4 12 4 -1.</_>
        <_>
          5 4 6 2 2.</_>
        <_>
          11 6 6 2 2.</_></rects>
      <tilted>0</tilted></_>
    <_>
      <rects>
        <_>
          5 12 1 6 -1.</_>
        <_>
          5 14 1 2 3.</_></rects>
      <tilted>0</tilted></_>
    <_>
      <rects>
        <_>
          5 12 3 4 -1.</_>
        <_>
          5 14 3 2 2.</_></rects>
      <tilted>0</tilted></_>
    <_>
      <rects>
        <_>
          5 12 3 9 -1.</_>
        <_>
          5 15 3 3 3.</_></rects>
      <tilted>0</tilted></_>
    <_>
      <rects>
        <_>
          5 13 2 4 -1.</_>
        <_>
          5 13 1 2 2.</_>
        <_>
          6 15 1 2 2.</_></rects>
      <tilted>0</tilted></_>
    <_>
      <rects>
        <_>
          5 15 4 8 -1.</_>
        <_>
          5 15 2 4 2.</_>
        <_>
          7 19 2 4 2.</_></rects>
      <tilted>0</tilted></_>
    <_>
      <rects>
        <_>
          5 15 15 9 -1.</_>
        <_>
          5 18 15 3 3.</_></rects>
      <tilted>0</tilted></_>
    <_>
      <rects>
        <_>
          6 3 8 14 -1.</_>
        <_>
          6 10 8 7 2.</_></rects>
      <tilted>0</tilted></_>
    <_>
      <rects>
        <_>
          6 12 2 6 -1.</_>
        <_>
          6 14 2 2 3.</_></rects>
      <tilted>0</tilted></_>
    <_>
      <rects>
        <_>
          6 12 9 9 -1.</_>
        <_>
          6 15 9 3 3.</_></rects>
      <tilted>0</tilted></_>
    <_>
      <rects>
        <_>
          6 13 9 9 -1.</_>
        <_>
          6 16 9 3 3.</_></rects>
      <tilted>0</tilted></_>
    <_>
      <rects>
        <_>
          6 20 4 2 -1.</_>
        <_>
          6 20 2 1 2.</_>
        <_>
          8 21 2 1 2.</_></rects>
      <tilted>0</tilted></_>
    <_>
      <rects>
        <_>
          6 22 12 2 -1.</_>
        <_>
          6 23 12 1 2.</_></rects>
      <tilted>0</tilted></_>
    <_>
      <rects>
        <_>
          7 0 2 6 -1.</_>
        <_>
          7 3 2 3 2.</_></rects>
      <tilted>0</tilted></_>
    <_>
      <rects>
        <_>
          7 0 2 12 -1.</_>
        <_>
          7 4 2 4 3.</_></rects>
      <tilted>0</tilted></_>
    <_>
      <rects>
        <_>
          7 0 3 12 -1.</_>
        <_>
          7 4 3 4 3.</_></rects>
      <tilted>0</tilted></_>
    <_>
      <rects>
        <_>
          7 0 8 9 -1.</_>
        <_>
          7 3 8 3 3.</_></rects>
      <tilted>0</tilted></_>
    <_>
      <rects>
        <_>
          7 2 9 16 -1.</_>
        <_>
          7 10 9 8 2.</_></rects>
      <tilted>0</tilted></_>
    <_>
      <rects>
        <_>
          7 4 9 14 -1.</_>
        <_>
          7 11 9 7 2.</_></rects>
      <tilted>0</tilted></_>
    <_>
      <rects>
        <_>
          7 9 11 9 -1.</_>
        <_>
          7 12 11 3 3.</_></rects>
      <tilted>0</tilted></_>
    <_>
      <rects>
        <_>
          7 13 9 5 -1.</_>
        <_>
          10 13 3 5 3.</_></rects>
      <tilted>0</tilted></_>
    <_>
      <rects>
        <_>
          8 0 2 12 -1.</_>
        <_>
          8 4 2 4 3.</_></rects>
      <tilted>0</tilted></_>
    <_>
      <rects>
        <_>
          8 15 14 7 -1.</_>
        <_>
          15 15 7 7 2.</_></rects>
      <tilted>0</tilted></_>
    <_>
      <rects>
        <_>
          8 18 7 6 -1.</_>
        <_>
          8 20 7 2 3.</_></rects>
      <tilted>0</tilted></_>
    <_>
      <rects>
        <_>
          8 22 8 2 -1.</_>
        <_>
          8 22 4 1 2.</_>
        <_>
          12 23 4 1 2.</_></rects>
      <tilted>0</tilted></_>
    <_>
      <rects>
        <_>
          9 0 3 6 -1.</_>
        <_>
          9 2 3 2 3.</_></rects>
      <tilted>0</tilted></_>
    <_>
      <rects>
        <_>
          9 0 5 4 -1.</_>
        <_>
          9 2 5 2 2.</_></rects>
      <tilted>0</tilted></_>
    <_>
      <rects>
        <_>
          9 0 8 9 -1.</_>
        <_>
          9 3 8 3 3.</_></rects>
      <tilted>0</tilted></_>
    <_>
      <rects>
        <_>
          9 1 9 15 -1.</_>
        <_>
          12 1 3 15 3.</_></rects>
      <tilted>0</tilted></_>
    <_>
      <rects>
        <_>
          9 3 6 19 -1.</_>
        <_>
          11 3 2 19 3.</_></rects>
      <tilted>0</tilted></_>
    <_>
      <rects>
        <_>
          9 4 3 7 -1.</_>
        <_>
          10 4 1 7 3.</_></rects>
      <tilted>0</tilted></_>
    <_>
      <rects>
        <_>
          9 4 4 2 -1.</_>
        <_>
          11 4 2 2 2.</_></rects>
      <tilted>0</tilted></_>
    <_>
      <rects>
        <_>
          9 4 6 2 -1.</_>
        <_>
          11 4 2 2 3.</_></rects>
      <tilted>0</tilted></_>
    <_>
      <rects>
        <_>
          9 16 10 8 -1.</_>
        <_>
          9 16 5 4 2.</_>
        <_>
          14 20 5 4 2.</_></rects>
      <tilted>0</tilted></_>
    <_>
      <rects>
        <_>
          9 20 1 4 -1.</_>
        <_>
          9 22 1 2 2.</_></rects>
      <tilted>0</tilted></_>
    <_>
      <rects>
        <_>
          10 0 4 4 -1.</_>
        <_>
          10 2 4 2 2.</_></rects>
      <tilted>0</tilted></_>
    <_>
      <rects>
        <_>
          10 1 4 3 -1.</_>
        <_>
          10 2 4 1 3.</_></rects>
      <tilted>0</tilted></_>
    <_>
      <rects>
        <_>
          10 11 8 8 -1.</_>
        <_>
          14 11 4 8 2.</_></rects>
      <tilted>0</tilted></_>
    <_>
      <rects>
        <_>
          10 12 8 7 -1.</_>
        <_>
          14 12 4 7 2.</_></rects>
      <tilted>0</tilted></_>
    <_>
      <rects>
        <_>
          10 20 8 2 -1.</_>
        <_>
          10 20 4 1 2.</_>
        <_>
          14 21 4 1 2.</_></rects>
      <tilted>0</tilted></_>
    <_>
      <rects>
        <_>
          11 0 4 6 -1.</_>
        <_>
          11 2 4 2 3.</_></rects>
      <tilted>0</tilted></_>
    <_>
      <rects>
        <_>
          11 2 3 8 -1.</_>
        <_>
          12 2 1 8 3.</_></rects>
      <tilted>0</tilted></_>
    <_>
      <rects>
        <_>
          11 3 6 2 -1.</_>
        <_>
          14 3 3 2 2.</_></rects>
      <tilted>0</tilted></_>
    <_>
      <rects>
        <_>
          11 4 3 8 -1.</_>
        <_>
          12 4 1 8 3.</_></rects>
      <tilted>0</tilted></_>
    <_>
      <rects>
        <_>
          11 18 12 1 -1.</_>
        <_>
          15 18 4 1 3.</_></rects>
      <tilted>0</tilted></_>
    <_>
      <rects>
        <_>
          11 20 7 2 -1.</_>
        <_>
          11 21 7 1 2.</_></rects>
      <tilted>0</tilted></_>
    <_>
      <rects>
        <_>
          12 2 8 2 -1.</_>
        <_>
          12 2 4 1 2.</_>
        <_>
          16 3 4 1 2.</_></rects>
      <tilted>0</tilted></_>
    <_>
      <rects>
        <_>
          12 7 2 14 -1.</_>
        <_>
          12 7 1 7 2.</_>
        <_>
          13 14 1 7 2.</_></rects>
      <tilted>0</tilted></_>
    <_>
      <rects>
        <_>
          12 7 12 12 -1.</_>
        <_>
          16 7 4 12 3.</_></rects>
      <tilted>0</tilted></_>
    <_>
      <rects>
        <_>
          12 7 12 13 -1.</_>
        <_>
          16 7 4 13 3.</_></rects>
      <tilted>0</tilted></_>
    <_>
      <rects>
        <_>
          12 10 2 2 -1.</_>
        <_>
          13 10 1 2 2.</_></rects>
      <tilted>0</tilted></_>
    <_>
      <rects>
        <_>
          12 10 12 4 -1.</_>
        <_>
          16 10 4 4 3.</_></rects>
      <tilted>0</tilted></_>
    <_>
      <rects>
        <_>
          12 12 8 2 -1.</_>
        <_>
          12 12 4 1 2.</_>
        <_>
          16 13 4 1 2.</_></rects>
      <tilted>0</tilted></_>
    <_>
      <rects>
        <_>
          12 12 5 6 -1.</_>
        <_>
          12 15 5 3 2.</_></rects>
      <tilted>0</tilted></_>
    <_>
      <rects>
        <_>
          12 20 6 4 -1.</_>
        <_>
          12 22 6 2 2.</_></rects>
      <tilted>0</tilted></_>
    <_>
      <rects>
        <_>
          13 0 8 18 -1.</_>
        <_>
          13 6 8 6 3.</_></rects>
      <tilted>0</tilted></_>
    <_>
      <rects>
        <_>
          13 1 1 3 -1.</_>
        <_>
          13 2 1 1 3.</_></rects>
      <tilted>0</tilted></_>
    <_>
      <rects>
        <_>
          13 1 4 3 -1.</_>
        <_>
          13 2 4 1 3.</_></rects>
      <tilted>0</tilted></_>
    <_>
      <rects>
        <_>
          13 4 10 20 -1.</_>
        <_>
          13 4 5 10 2.</_>
        <_>
          18 14 5 10 2.</_></rects>
      <tilted>0</tilted></_>
    <_>
      <rects>
        <_>
          13 20 2 4 -1.</_>
        <_>
          13 22 2 2 2.</_></rects>
      <tilted>0</tilted></_>
    <_>
      <rects>
        <_>
          14 0 1 4 -1.</_>
        <_>
          14 2 1 2 2.</_></rects>
      <tilted>0</tilted></_>
    <_>
      <rects>
        <_>
          14 0 2 3 -1.</_>
        <_>
          14 1 2 1 3.</_></rects>
      <tilted>0</tilted></_>
    <_>
      <rects>
        <_>
          14 0 6 18 -1.</_>
        <_>
          14 6 6 6 3.</_></rects>
      <tilted>0</tilted></_>
    <_>
      <rects>
        <_>
          14 1 4 4 -1.</_>
        <_>
          14 1 2 2 2.</_>
        <_>
          16 3 2 2 2.</_></rects>
      <tilted>0</tilted></_>
    <_>
      <rects>
        <_>
          14 3 2 2 -1.</_>
        <_>
          14 3 1 1 2.</_>
        <_>
          15 4 1 1 2.</_></rects>
      <tilted>0</tilted></_>
    <_>
      <rects>
        <_>
          14 3 4 11 -1.</_>
        <_>
          16 3 2 11 2.</_></rects>
      <tilted>0</tilted></_>
    <_>
      <rects>
        <_>
          14 7 2 2 -1.</_>
        <_>
          15 7 1 2 2.</_></rects>
      <tilted>0</tilted></_>
    <_>
      <rects>
        <_>
          14 8 2 1 -1.</_>
        <_>
          15 8 1 1 2.</_></rects>
      <tilted>0</tilted></_>
    <_>
      <rects>
        <_>
          14 8 1 2 -1.</_>
        <_>
          14 9 1 1 2.</_></rects>
      <tilted>0</tilted></_>
    <_>
      <rects>
        <_>
          14 10 10 8 -1.</_>
        <_>
          14 10 5 4 2.</_>
        <_>
          19 14 5 4 2.</_></rects>
      <tilted>0</tilted></_>
    <_>
      <rects>
        <_>
          14 11 2 1 -1.</_>
        <_>
          15 11 1 1 2.</_></rects>
      <tilted>0</tilted></_>
    <_>
      <rects>
        <_>
          14 13 4 2 -1.</_>
        <_>
          14 14 4 1 2.</_></rects>
      <tilted>0</tilted></_>
    <_>
      <rects>
        <_>
          14 14 4 9 -1.</_>
        <_>
          14 17 4 3 3.</_></rects>
      <tilted>0</tilted></_>
    <_>
      <rects>
        <_>
          14 20 2 4 -1.</_>
        <_>
          14 22 2 2 2.</_></rects>
      <tilted>0</tilted></_>
    <_>
      <rects>
        <_>
          14 21 2 2 -1.</_>
        <_>
          14 22 2 1 2.</_></rects>
      <tilted>0</tilted></_>
    <_>
      <rects>
        <_>
          14 21 8 2 -1.</_>
        <_>
          14 21 4 1 2.</_>
        <_>
          18 22 4 1 2.</_></rects>
      <tilted>0</tilted></_>
    <_>
      <rects>
        <_>
          15 9 6 7 -1.</_>
        <_>
          17 9 2 7 3.</_></rects>
      <tilted>0</tilted></_>
    <_>
      <rects>
        <_>
          15 10 4 8 -1.</_>
        <_>
          15 14 4 4 2.</_></rects>
      <tilted>0</tilted></_>
    <_>
      <rects>
        <_>
          16 0 4 21 -1.</_>
        <_>
          16 7 4 7 3.</_></rects>
      <tilted>0</tilted></_>
    <_>
      <rects>
        <_>
          16 1 4 18 -1.</_>
        <_>
          16 7 4 6 3.</_></rects>
      <tilted>0</tilted></_>
    <_>
      <rects>
        <_>
          16 5 2 10 -1.</_>
        <_>
          17 5 1 10 2.</_></rects>
      <tilted>0</tilted></_>
    <_>
      <rects>
        <_>
          16 16 2 6 -1.</_>
        <_>
          16 18 2 2 3.</_></rects>
      <tilted>0</tilted></_>
    <_>
      <rects>
        <_>
          17 0 1 24 -1.</_>
        <_>
          17 12 1 12 2.</_></rects>
      <tilted>0</tilted></_>
    <_>
      <rects>
        <_>
          17 11 2 12 -1.</_>
        <_>
          17 15 2 4 3.</_></rects>
      <tilted>0</tilted></_>
    <_>
      <rects>
        <_>
          17 16 4 4 -1.</_>
        <_>
          17 16 2 2 2.</_>
        <_>
          19 18 2 2 2.</_></rects>
      <tilted>0</tilted></_>
    <_>
      <rects>
        <_>
          18 0 4 12 -1.</_>
        <_>
          18 0 2 6 2.</_>
        <_>
          20 6 2 6 2.</_></rects>
      <tilted>0</tilted></_>
    <_>
      <rects>
        <_>
          18 5 2 6 -1.</_>
        <_>
          19 5 1 6 2.</_></rects>
      <tilted>0</tilted></_>
    <_>
      <rects>
        <_>
          18 5 3 13 -1.</_>
        <_>
          19 5 1 13 3.</_></rects>
      <tilted>0</tilted></_>
    <_>
      <rects>
        <_>
          18 7 3 4 -1.</_>
        <_>
          18 9 3 2 2.</_></rects>
      <tilted>0</tilted></_>
    <_>
      <rects>
        <_>
          18 13 3 4 -1.</_>
        <_>
          19 13 1 4 3.</_></rects>
      <tilted>0</tilted></_>
    <_>
      <rects>
        <_>
          18 14 4 4 -1.</_>
        <_>
          18 14 2 2 2.</_>
        <_>
          20 16 2 2 2.</_></rects>
      <tilted>0</tilted></_>
    <_>
      <rects>
        <_>
          18 15 2 2 -1.</_>
        <_>
          18 15 1 1 2.</_>
        <_>
          19 16 1 1 2.</_></rects>
      <tilted>0</tilted></_>
    <_>
      <rects>
        <_>
          18 15 3 8 -1.</_>
        <_>
          18 19 3 4 2.</_></rects>
      <tilted>0</tilted></_>
    <_>
      <rects>
        <_>
          19 1 4 21 -1.</_>
        <_>
          19 8 4 7 3.</_></rects>
      <tilted>0</tilted></_>
    <_>
      <rects>
        <_>
          19 13 2 4 -1.</_>
        <_>
          19 13 1 2 2.</_>
        <_>
          20 15 1 2 2.</_></rects>
      <tilted>0</tilted></_>
    <_>
      <rects>
        <_>
          19 22 5 2 -1.</_>
        <_>
          19 23 5 1 2.</_></rects>
      <tilted>0</tilted></_>
    <_>
      <rects>
        <_>
          20 22 2 2 -1.</_>
        <_>
          20 23 2 1 2.</_></rects>
      <tilted>0</tilted></_>
    <_>
      <rects>
        <_>
          22 0 2 15 -1.</_>
        <_>
          22 5 2 5 3.</_></rects>
      <tilted>0</tilted></_>
    <_>
      <rects>
        <_>
          22 11 2 3 -1.</_>
        <_>
          23 11 1 3 2.</_></rects>
      <tilted>0</tilted></_></features></cascade>
</opencv_storage>
