<?xml version="1.0"?>
<opencv_storage>
<stage5>
  <maxWeakCount>17</maxWeakCount>
  <stageThreshold>-5.8498948812484741e-01</stageThreshold>
  <weakClassifiers>
    <_>
      <internalNodes>
        0 -1 80858 -1.8042137846350670e-02</internalNodes>
      <leafValues>
        7.1219509840011597e-01 1.6326529905200005e-02</leafValues></_>
    <_>
      <internalNodes>
        0 -1 114233 1.8086708150804043e-03</internalNodes>
      <leafValues>
        -1.9848562777042389e-01 5.2029061317443848e-01</leafValues></_>
    <_>
      <internalNodes>
        0 -1 16717 -1.5256296843290329e-02</internalNodes>
      <leafValues>
        3.2980850338935852e-01 -3.1703063845634460e-01</leafValues></_>
    <_>
      <internalNodes>
        0 -1 135154 1.6162779647856951e-03</internalNodes>
      <leafValues>
        2.5442320108413696e-01 -4.2874127626419067e-01</leafValues></_>
    <_>
      <internalNodes>
        0 -1 68206 3.2744361087679863e-03</internalNodes>
      <leafValues>
        -2.6538693904876709e-01 4.1412320733070374e-01</leafValues></_>
    <_>
      <internalNodes>
        0 -1 25361 -9.1679990291595459e-02</internalNodes>
      <leafValues>
        8.9486140012741089e-01 -1.1680005490779877e-01</leafValues></_>
    <_>
      <internalNodes>
        0 -1 115551 -2.5622998364269733e-03</internalNodes>
      <leafValues>
        -5.7113474607467651e-01 1.8869730830192566e-01</leafValues></_>
    <_>
      <internalNodes>
        0 -1 62855 3.6992589011788368e-03</internalNodes>
      <leafValues>
        -1.4950637519359589e-01 7.8545618057250977e-01</leafValues></_>
    <_>
      <internalNodes>
        0 -1 134119 -5.4638400673866272e-02</internalNodes>
      <leafValues>
        3.6089700460433960e-01 -2.5484091043472290e-01</leafValues></_>
    <_>
      <internalNodes>
        0 -1 33874 1.1426466517150402e-02</internalNodes>
      <leafValues>
        -1.1553714424371719e-01 7.8301697969436646e-01</leafValues></_>
    <_>
      <internalNodes>
        0 -1 63908 6.9812154397368431e-03</internalNodes>
      <leafValues>
        -1.5204463899135590e-01 5.5168169736862183e-01</leafValues></_>
    <_>
      <internalNodes>
        0 -1 59265 -1.0028458200395107e-02</internalNodes>
      <leafValues>
        4.9497011303901672e-01 -1.6153962910175323e-01</leafValues></_>
    <_>
      <internalNodes>
        0 -1 154684 3.6577307619154453e-03</internalNodes>
      <leafValues>
        -1.3817530870437622e-01 6.2261831760406494e-01</leafValues></_>
    <_>
      <internalNodes>
        0 -1 142233 -9.9442582577466965e-03</internalNodes>
      <leafValues>
        4.3211826682090759e-01 -1.9900999963283539e-01</leafValues></_>
    <_>
      <internalNodes>
        0 -1 130062 -3.7887148559093475e-02</internalNodes>
      <leafValues>
        3.7996333837509155e-01 -2.2799575328826904e-01</leafValues></_>
    <_>
      <internalNodes>
        0 -1 98610 3.8720043376088142e-03</internalNodes>
      <leafValues>
        -1.3919611275196075e-01 6.6110712289810181e-01</leafValues></_>
    <_>
      <internalNodes>
        0 -1 4809 -7.8821768984198570e-03</internalNodes>
      <leafValues>
        -7.6271498203277588e-01 1.4424638450145721e-01</leafValues></_></weakClassifiers></stage5>
</opencv_storage>
