<?xml version="1.0"?>
<opencv_storage>
<stage7>
  <maxWeakCount>13</maxWeakCount>
  <stageThreshold>-8.1711804866790771e-01</stageThreshold>
  <weakClassifiers>
    <_>
      <internalNodes>
        0 -1 82733 9.0635448694229126e-02</internalNodes>
      <leafValues>
        2.7343750000000000e-02 7.3711341619491577e-01</leafValues></_>
    <_>
      <internalNodes>
        0 -1 101167 -2.0595360547304153e-03</internalNodes>
      <leafValues>
        -5.5146861076354980e-01 2.4970000982284546e-01</leafValues></_>
    <_>
      <internalNodes>
        0 -1 133609 4.5795850455760956e-03</internalNodes>
      <leafValues>
        -2.1731959283351898e-01 5.4625183343887329e-01</leafValues></_>
    <_>
      <internalNodes>
        0 -1 51512 -1.0047793388366699e-02</internalNodes>
      <leafValues>
        4.4323408603668213e-01 -2.4055121839046478e-01</leafValues></_>
    <_>
      <internalNodes>
        0 -1 97577 -1.0006169974803925e-01</internalNodes>
      <leafValues>
        6.2742209434509277e-01 -1.5993188321590424e-01</leafValues></_>
    <_>
      <internalNodes>
        0 -1 151516 5.9106675907969475e-03</internalNodes>
      <leafValues>
        -1.0093172639608383e-01 8.4448868036270142e-01</leafValues></_>
    <_>
      <internalNodes>
        0 -1 157596 -1.4845510013401508e-03</internalNodes>
      <leafValues>
        -5.8077651262283325e-01 2.1673248708248138e-01</leafValues></_>
    <_>
      <internalNodes>
        0 -1 32727 4.3333891779184341e-02</internalNodes>
      <leafValues>
        -1.5874177217483521e-01 6.7143732309341431e-01</leafValues></_>
    <_>
      <internalNodes>
        0 -1 25343 -2.5001499801874161e-02</internalNodes>
      <leafValues>
        5.9364444017410278e-01 -1.6718664765357971e-01</leafValues></_>
    <_>
      <internalNodes>
        0 -1 101206 3.0271813739091158e-03</internalNodes>
      <leafValues>
        1.9949801266193390e-01 -6.3701540231704712e-01</leafValues></_>
    <_>
      <internalNodes>
        0 -1 42702 2.1992610767483711e-02</internalNodes>
      <leafValues>
        -1.7263430356979370e-01 6.5418231487274170e-01</leafValues></_>
    <_>
      <internalNodes>
        0 -1 86 6.2039936892688274e-04</internalNodes>
      <leafValues>
        2.3793849349021912e-01 -4.2854961752891541e-01</leafValues></_>
    <_>
      <internalNodes>
        0 -1 153664 4.4267382472753525e-03</internalNodes>
      <leafValues>
        1.3545449078083038e-01 -7.3959249258041382e-01</leafValues></_></weakClassifiers></stage7>
</opencv_storage>
