<?xml version="1.0"?>
<opencv_storage>
<stage2>
  <maxWeakCount>14</maxWeakCount>
  <stageThreshold>-7.0703351497650146e-01</stageThreshold>
  <weakClassifiers>
    <_>
      <internalNodes>
        0 -1 17444 -1.0073198005557060e-02</internalNodes>
      <leafValues>
        7.2881358861923218e-01 -1.0280373692512512e-01</leafValues></_>
    <_>
      <internalNodes>
        0 -1 124885 -7.0868089795112610e-02</internalNodes>
      <leafValues>
        5.7179546356201172e-01 -2.6545777916908264e-01</leafValues></_>
    <_>
      <internalNodes>
        0 -1 13959 -1.5796918421983719e-02</internalNodes>
      <leafValues>
        6.5801328420639038e-01 -2.0611985027790070e-01</leafValues></_>
    <_>
      <internalNodes>
        0 -1 23103 -3.7852548994123936e-03</internalNodes>
      <leafValues>
        6.5555375814437866e-01 -2.4188192188739777e-01</leafValues></_>
    <_>
      <internalNodes>
        0 -1 80738 3.3548041246831417e-03</internalNodes>
      <leafValues>
        -2.4053046107292175e-01 5.7112687826156616e-01</leafValues></_>
    <_>
      <internalNodes>
        0 -1 61448 8.6503280326724052e-03</internalNodes>
      <leafValues>
        -2.1294915676116943e-01 7.6085233688354492e-01</leafValues></_>
    <_>
      <internalNodes>
        0 -1 43777 7.3149441741406918e-03</internalNodes>
      <leafValues>
        -2.2184233367443085e-01 5.8531981706619263e-01</leafValues></_>
    <_>
      <internalNodes>
        0 -1 57775 -1.7549125477671623e-02</internalNodes>
      <leafValues>
        5.8720105886459351e-01 -2.1218533813953400e-01</leafValues></_>
    <_>
      <internalNodes>
        0 -1 137546 -1.4929430559277534e-02</internalNodes>
      <leafValues>
        5.4284793138504028e-01 -2.4868656694889069e-01</leafValues></_>
    <_>
      <internalNodes>
        0 -1 57214 -2.2591287270188332e-03</internalNodes>
      <leafValues>
        7.8152614831924438e-01 -1.4529140293598175e-01</leafValues></_>
    <_>
      <internalNodes>
        0 -1 112638 -3.0096743255853653e-02</internalNodes>
      <leafValues>
        4.5612207055091858e-01 -2.1945235133171082e-01</leafValues></_>
    <_>
      <internalNodes>
        0 -1 122631 2.4612834677100182e-03</internalNodes>
      <leafValues>
        -1.9558644294738770e-01 5.6677424907684326e-01</leafValues></_>
    <_>
      <internalNodes>
        0 -1 155586 -3.9532884955406189e-02</internalNodes>
      <leafValues>
        4.4397956132888794e-01 -2.4089190363883972e-01</leafValues></_>
    <_>
      <internalNodes>
        0 -1 8334 -9.1142151504755020e-03</internalNodes>
      <leafValues>
        5.4951584339141846e-01 -2.0294667780399323e-01</leafValues></_></weakClassifiers></stage2>
</opencv_storage>
