<?xml version="1.0"?>
<opencv_storage>
<stage1>
  <maxWeakCount>10</maxWeakCount>
  <stageThreshold>-1.1267358064651489e+00</stageThreshold>
  <weakClassifiers>
    <_>
      <internalNodes>
        0 -1 81282 -1.8053408712148666e-02</internalNodes>
      <leafValues>
        7.6679843664169312e-01 -2.2335025668144226e-01</leafValues></_>
    <_>
      <internalNodes>
        0 -1 78528 3.7472918629646301e-02</internalNodes>
      <leafValues>
        -1.9960565865039825e-01 8.3132970333099365e-01</leafValues></_>
    <_>
      <internalNodes>
        0 -1 139158 6.0571543872356415e-04</internalNodes>
      <leafValues>
        -3.1240740418434143e-01 5.9272855520248413e-01</leafValues></_>
    <_>
      <internalNodes>
        0 -1 144612 -2.0748298615217209e-02</internalNodes>
      <leafValues>
        4.0322202444076538e-01 -4.0427228808403015e-01</leafValues></_>
    <_>
      <internalNodes>
        0 -1 112321 -1.1885077692568302e-02</internalNodes>
      <leafValues>
        2.9588168859481812e-01 -3.9762118458747864e-01</leafValues></_>
    <_>
      <internalNodes>
        0 -1 80851 -7.1817804127931595e-03</internalNodes>
      <leafValues>
        5.5703967809677124e-01 -2.6574751734733582e-01</leafValues></_>
    <_>
      <internalNodes>
        0 -1 116561 4.0765991434454918e-03</internalNodes>
      <leafValues>
        1.8616873025894165e-01 -7.7176940441131592e-01</leafValues></_>
    <_>
      <internalNodes>
        0 -1 138380 -1.1581844650208950e-02</internalNodes>
      <leafValues>
        5.6641745567321777e-01 -2.4279674887657166e-01</leafValues></_>
    <_>
      <internalNodes>
        0 -1 46983 1.1588336527347565e-01</internalNodes>
      <leafValues>
        -1.2382584065198898e-01 8.7419736385345459e-01</leafValues></_>
    <_>
      <internalNodes>
        0 -1 68128 2.3146201856434345e-03</internalNodes>
      <leafValues>
        -1.4130079746246338e-01 7.0308011770248413e-01</leafValues></_></weakClassifiers></stage1>
</opencv_storage>
