<?xml version="1.0"?>
<opencv_storage>
<stage9>
  <maxWeakCount>15</maxWeakCount>
  <stageThreshold>-7.2821265459060669e-01</stageThreshold>
  <weakClassifiers>
    <_>
      <internalNodes>
        0 -1 84003 7.2866126894950867e-02</internalNodes>
      <leafValues>
        1.0482179932296276e-02 6.9739955663681030e-01</leafValues></_>
    <_>
      <internalNodes>
        0 -1 133762 -2.0463394466787577e-03</internalNodes>
      <leafValues>
        4.9153971672058105e-01 -2.1471464633941650e-01</leafValues></_>
    <_>
      <internalNodes>
        0 -1 69527 -7.4361927807331085e-02</internalNodes>
      <leafValues>
        7.1667951345443726e-01 -1.5663059055805206e-01</leafValues></_>
    <_>
      <internalNodes>
        0 -1 86645 -3.1297020614147186e-02</internalNodes>
      <leafValues>
        6.0837423801422119e-01 -2.1803534030914307e-01</leafValues></_>
    <_>
      <internalNodes>
        0 -1 138184 1.1585340835154057e-03</internalNodes>
      <leafValues>
        -2.1445073187351227e-01 4.3756905198097229e-01</leafValues></_>
    <_>
      <internalNodes>
        0 -1 124706 5.8900453150272369e-03</internalNodes>
      <leafValues>
        1.5276195108890533e-01 -6.7025738954544067e-01</leafValues></_>
    <_>
      <internalNodes>
        0 -1 78270 2.6967148296535015e-03</internalNodes>
      <leafValues>
        -2.2390283644199371e-01 4.4291487336158752e-01</leafValues></_>
    <_>
      <internalNodes>
        0 -1 150887 -1.4214590191841125e-02</internalNodes>
      <leafValues>
        6.2802523374557495e-01 -1.6310748457908630e-01</leafValues></_>
    <_>
      <internalNodes>
        0 -1 3627 -6.6836312413215637e-02</internalNodes>
      <leafValues>
        3.8418805599212646e-01 -2.2167900204658508e-01</leafValues></_>
    <_>
      <internalNodes>
        0 -1 145666 -1.0233839275315404e-03</internalNodes>
      <leafValues>
        3.1617987155914307e-01 -2.7779576182365417e-01</leafValues></_>
    <_>
      <internalNodes>
        0 -1 21654 1.7373950686305761e-03</internalNodes>
      <leafValues>
        -1.9028934836387634e-01 5.1100140810012817e-01</leafValues></_>
    <_>
      <internalNodes>
        0 -1 136487 6.5086665563285351e-04</internalNodes>
      <leafValues>
        1.4433427155017853e-01 -6.7481851577758789e-01</leafValues></_>
    <_>
      <internalNodes>
        0 -1 154759 4.4614411308430135e-04</internalNodes>
      <leafValues>
        -1.9033996760845184e-01 5.0290083885192871e-01</leafValues></_>
    <_>
      <internalNodes>
        0 -1 128443 -6.2782779335975647e-02</internalNodes>
      <leafValues>
        3.6905819177627563e-01 -2.2376154363155365e-01</leafValues></_>
    <_>
      <internalNodes>
        0 -1 88001 3.9471961557865143e-02</internalNodes>
      <leafValues>
        1.1299639940261841e-01 -7.0237481594085693e-01</leafValues></_></weakClassifiers></stage9>
</opencv_storage>
