<?xml version="1.0"?>
<opencv_storage>
<stage0>
  <maxWeakCount>8</maxWeakCount>
  <stageThreshold>-1.0670865774154663e+00</stageThreshold>
  <weakClassifiers>
    <_>
      <internalNodes>
        0 -1 73552 2.7894850820302963e-02</internalNodes>
      <leafValues>
        -2.3943662643432617e-01 8.4810125827789307e-01</leafValues></_>
    <_>
      <internalNodes>
        0 -1 144278 -2.7324307709932327e-02</internalNodes>
      <leafValues>
        6.9145095348358154e-01 -3.7257292866706848e-01</leafValues></_>
    <_>
      <internalNodes>
        0 -1 80938 -1.5261374413967133e-02</internalNodes>
      <leafValues>
        6.8404352664947510e-01 -2.9750114679336548e-01</leafValues></_>
    <_>
      <internalNodes>
        0 -1 139095 1.7503671115264297e-03</internalNodes>
      <leafValues>
        -3.2081115245819092e-01 6.1160486936569214e-01</leafValues></_>
    <_>
      <internalNodes>
        0 -1 48274 -1.4909530058503151e-02</internalNodes>
      <leafValues>
        6.7098641395568848e-01 -2.6943811774253845e-01</leafValues></_>
    <_>
      <internalNodes>
        0 -1 116561 -2.9353927820920944e-03</internalNodes>
      <leafValues>
        -8.8931208848953247e-01 2.1486832201480865e-01</leafValues></_>
    <_>
      <internalNodes>
        0 -1 107046 -6.4545376226305962e-03</internalNodes>
      <leafValues>
        6.3099956512451172e-01 -2.9960548877716064e-01</leafValues></_>
    <_>
      <internalNodes>
        0 -1 120960 -3.7976552266627550e-03</internalNodes>
      <leafValues>
        5.1741063594818115e-01 -3.8640397787094116e-01</leafValues></_></weakClassifiers></stage0>
</opencv_storage>
