<?xml version="1.0"?>
<opencv_storage>
<stage6>
  <maxWeakCount>17</maxWeakCount>
  <stageThreshold>-7.4511069059371948e-01</stageThreshold>
  <weakClassifiers>
    <_>
      <internalNodes>
        0 -1 114660 -8.0088265240192413e-03</internalNodes>
      <leafValues>
        7.3821991682052612e-01 3.4749034792184830e-02</leafValues></_>
    <_>
      <internalNodes>
        0 -1 124883 -1.0694523155689240e-01</internalNodes>
      <leafValues>
        6.1447441577911377e-01 -1.4517070353031158e-01</leafValues></_>
    <_>
      <internalNodes>
        0 -1 40041 -1.5922944992780685e-02</internalNodes>
      <leafValues>
        4.2148870229721069e-01 -2.5244665145874023e-01</leafValues></_>
    <_>
      <internalNodes>
        0 -1 154826 1.8797190859913826e-02</internalNodes>
      <leafValues>
        -2.0901338756084442e-01 5.9614312648773193e-01</leafValues></_>
    <_>
      <internalNodes>
        0 -1 63571 -7.3489593341946602e-04</internalNodes>
      <leafValues>
        6.2173533439636230e-01 -1.4761526882648468e-01</leafValues></_>
    <_>
      <internalNodes>
        0 -1 47810 2.8673715423792601e-03</internalNodes>
      <leafValues>
        -3.1550705432891846e-01 2.7737966179847717e-01</leafValues></_>
    <_>
      <internalNodes>
        0 -1 134292 2.9732515104115009e-03</internalNodes>
      <leafValues>
        -1.9104784727096558e-01 4.9692335724830627e-01</leafValues></_>
    <_>
      <internalNodes>
        0 -1 126472 2.0821886137127876e-03</internalNodes>
      <leafValues>
        -1.5738721191883087e-01 5.4880124330520630e-01</leafValues></_>
    <_>
      <internalNodes>
        0 -1 148353 2.6642901822924614e-02</internalNodes>
      <leafValues>
        1.5629659593105316e-01 -6.4279097318649292e-01</leafValues></_>
    <_>
      <internalNodes>
        0 -1 161839 -5.2201165817677975e-04</internalNodes>
      <leafValues>
        -4.2032244801521301e-01 1.9829729199409485e-01</leafValues></_>
    <_>
      <internalNodes>
        0 -1 139178 -4.5729495468549430e-04</internalNodes>
      <leafValues>
        2.9258519411087036e-01 -2.9077467322349548e-01</leafValues></_>
    <_>
      <internalNodes>
        0 -1 35870 -2.7382937259972095e-03</internalNodes>
      <leafValues>
        5.3384786844253540e-01 -1.7693196237087250e-01</leafValues></_>
    <_>
      <internalNodes>
        0 -1 137618 -1.6189920643228106e-05</internalNodes>
      <leafValues>
        2.8355574607849121e-01 -3.2705801725387573e-01</leafValues></_>
    <_>
      <internalNodes>
        0 -1 62225 3.8323225453495979e-03</internalNodes>
      <leafValues>
        -1.8811453878879547e-01 5.1495832204818726e-01</leafValues></_>
    <_>
      <internalNodes>
        0 -1 50284 -3.6922253668308258e-02</internalNodes>
      <leafValues>
        3.8902899622917175e-01 -3.0209591984748840e-01</leafValues></_>
    <_>
      <internalNodes>
        0 -1 154541 2.4696919135749340e-03</internalNodes>
      <leafValues>
        -1.8597164750099182e-01 5.6063956022262573e-01</leafValues></_>
    <_>
      <internalNodes>
        0 -1 38772 1.1023802682757378e-02</internalNodes>
      <leafValues>
        -1.3994413614273071e-01 6.4293497800827026e-01</leafValues></_></weakClassifiers></stage6>
</opencv_storage>
