<?xml version="1.0"?>
<opencv_storage>
<stage3>
  <maxWeakCount>14</maxWeakCount>
  <stageThreshold>-9.4287496805191040e-01</stageThreshold>
  <weakClassifiers>
    <_>
      <internalNodes>
        0 -1 89922 -5.9087593108415604e-03</internalNodes>
      <leafValues>
        6.0695654153823853e-01 -1.5076923370361328e-01</leafValues></_>
    <_>
      <internalNodes>
        0 -1 106002 1.8141839653253555e-02</internalNodes>
      <leafValues>
        -2.5527375936508179e-01 4.9039542675018311e-01</leafValues></_>
    <_>
      <internalNodes>
        0 -1 142545 6.2607144936919212e-03</internalNodes>
      <leafValues>
        -3.2233011722564697e-01 3.7635445594787598e-01</leafValues></_>
    <_>
      <internalNodes>
        0 -1 99169 -3.4416601061820984e-02</internalNodes>
      <leafValues>
        4.2279613018035889e-01 -2.4127553403377533e-01</leafValues></_>
    <_>
      <internalNodes>
        0 -1 121212 1.8451558426022530e-03</internalNodes>
      <leafValues>
        -2.6337659358978271e-01 4.2596334218978882e-01</leafValues></_>
    <_>
      <internalNodes>
        0 -1 151993 1.4197938144207001e-02</internalNodes>
      <leafValues>
        -1.7746458947658539e-01 5.6492269039154053e-01</leafValues></_>
    <_>
      <internalNodes>
        0 -1 100691 -1.4987803995609283e-02</internalNodes>
      <leafValues>
        -6.3368803262710571e-01 1.8435657024383545e-01</leafValues></_>
    <_>
      <internalNodes>
        0 -1 133839 -4.6963547356426716e-04</internalNodes>
      <leafValues>
        4.5597511529922485e-01 -2.1594984829425812e-01</leafValues></_>
    <_>
      <internalNodes>
        0 -1 128515 -5.6904507800936699e-04</internalNodes>
      <leafValues>
        5.5674719810485840e-01 -1.6981729865074158e-01</leafValues></_>
    <_>
      <internalNodes>
        0 -1 157111 8.8300101924687624e-04</internalNodes>
      <leafValues>
        -2.0239129662513733e-01 5.0681757926940918e-01</leafValues></_>
    <_>
      <internalNodes>
        0 -1 824 8.3655424416065216e-02</internalNodes>
      <leafValues>
        2.0465119183063507e-01 -5.9036242961883545e-01</leafValues></_>
    <_>
      <internalNodes>
        0 -1 116177 -3.8920203223824501e-03</internalNodes>
      <leafValues>
        -6.5868467092514038e-01 1.2077224999666214e-01</leafValues></_>
    <_>
      <internalNodes>
        0 -1 13260 2.6715874671936035e-02</internalNodes>
      <leafValues>
        1.1593870818614960e-01 -7.5976443290710449e-01</leafValues></_>
    <_>
      <internalNodes>
        0 -1 68213 9.2811938375234604e-03</internalNodes>
      <leafValues>
        -2.4187035858631134e-01 4.9214652180671692e-01</leafValues></_></weakClassifiers></stage3>
</opencv_storage>
