<?xml version="1.0"?>
<opencv_storage>
<stage4>
  <maxWeakCount>15</maxWeakCount>
  <stageThreshold>-6.6336184740066528e-01</stageThreshold>
  <weakClassifiers>
    <_>
      <internalNodes>
        0 -1 98978 -6.9589549675583839e-03</internalNodes>
      <leafValues>
        6.6873705387115479e-01 -5.5155877023935318e-02</leafValues></_>
    <_>
      <internalNodes>
        0 -1 21165 9.4875320792198181e-02</internalNodes>
      <leafValues>
        -1.3929234445095062e-01 6.6340559720993042e-01</leafValues></_>
    <_>
      <internalNodes>
        0 -1 62993 1.0193921625614166e-02</internalNodes>
      <leafValues>
        -1.8129098415374756e-01 5.7966762781143188e-01</leafValues></_>
    <_>
      <internalNodes>
        0 -1 78904 2.2441901266574860e-02</internalNodes>
      <leafValues>
        -2.6609447598457336e-01 4.1270771622657776e-01</leafValues></_>
    <_>
      <internalNodes>
        0 -1 136788 3.9724237285554409e-04</internalNodes>
      <leafValues>
        1.5270349383354187e-01 -7.4971640110015869e-01</leafValues></_>
    <_>
      <internalNodes>
        0 -1 127910 6.9850594736635685e-03</internalNodes>
      <leafValues>
        -2.9203876852989197e-01 3.5296046733856201e-01</leafValues></_>
    <_>
      <internalNodes>
        0 -1 19061 -5.0873145461082458e-02</internalNodes>
      <leafValues>
        5.1695120334625244e-01 -1.8579202890396118e-01</leafValues></_>
    <_>
      <internalNodes>
        0 -1 125903 -1.6806546598672867e-02</internalNodes>
      <leafValues>
        3.1378802657127380e-01 -3.0673038959503174e-01</leafValues></_>
    <_>
      <internalNodes>
        0 -1 69300 -1.1201396584510803e-02</internalNodes>
      <leafValues>
        6.5284860134124756e-01 -1.5142151713371277e-01</leafValues></_>
    <_>
      <internalNodes>
        0 -1 159724 8.8169705122709274e-04</internalNodes>
      <leafValues>
        1.7369540035724640e-01 -5.6711888313293457e-01</leafValues></_>
    <_>
      <internalNodes>
        0 -1 99532 8.5291847586631775e-02</internalNodes>
      <leafValues>
        7.6433241367340088e-02 -9.4741386175155640e-01</leafValues></_>
    <_>
      <internalNodes>
        0 -1 45580 -1.4876453205943108e-03</internalNodes>
      <leafValues>
        3.4823095798492432e-01 -2.5556427240371704e-01</leafValues></_>
    <_>
      <internalNodes>
        0 -1 106568 -3.7878910079598427e-03</internalNodes>
      <leafValues>
        7.9371154308319092e-01 -1.0932627320289612e-01</leafValues></_>
    <_>
      <internalNodes>
        0 -1 44382 4.8034349456429482e-03</internalNodes>
      <leafValues>
        -1.4301086962223053e-01 5.7113188505172729e-01</leafValues></_>
    <_>
      <internalNodes>
        0 -1 128739 1.4908761950209737e-03</internalNodes>
      <leafValues>
        -1.6134089231491089e-01 4.9872732162475586e-01</leafValues></_></weakClassifiers></stage4>
</opencv_storage>
