<?xml version="1.0"?>
<opencv_storage>
<stage8>
  <maxWeakCount>16</maxWeakCount>
  <stageThreshold>-6.8270862102508545e-01</stageThreshold>
  <weakClassifiers>
    <_>
      <internalNodes>
        0 -1 126517 9.0398881584405899e-03</internalNodes>
      <leafValues>
        2.5341130793094635e-02 7.4160206317901611e-01</leafValues></_>
    <_>
      <internalNodes>
        0 -1 53623 -3.2108265440911055e-03</internalNodes>
      <leafValues>
        5.2716904878616333e-01 -1.8960934877395630e-01</leafValues></_>
    <_>
      <internalNodes>
        0 -1 125753 -1.6448468159069307e-05</internalNodes>
      <leafValues>
        3.1656324863433838e-01 -3.9973360300064087e-01</leafValues></_>
    <_>
      <internalNodes>
        0 -1 98203 -1.2318482622504234e-02</internalNodes>
      <leafValues>
        4.5690447092056274e-01 -2.6777350902557373e-01</leafValues></_>
    <_>
      <internalNodes>
        0 -1 153179 -6.6639361903071404e-03</internalNodes>
      <leafValues>
        7.1848547458648682e-01 -1.6087704896926880e-01</leafValues></_>
    <_>
      <internalNodes>
        0 -1 147854 -1.3732197694480419e-03</internalNodes>
      <leafValues>
        3.7094441056251526e-01 -2.8662267327308655e-01</leafValues></_>
    <_>
      <internalNodes>
        0 -1 153155 6.6656721755862236e-03</internalNodes>
      <leafValues>
        -1.2834382057189941e-01 8.6110848188400269e-01</leafValues></_>
    <_>
      <internalNodes>
        0 -1 136789 -7.5782905332744122e-04</internalNodes>
      <leafValues>
        -6.6422396898269653e-01 1.7330874502658844e-01</leafValues></_>
    <_>
      <internalNodes>
        0 -1 80483 -1.6310801729559898e-03</internalNodes>
      <leafValues>
        6.9421154260635376e-01 -1.6685509681701660e-01</leafValues></_>
    <_>
      <internalNodes>
        0 -1 10679 1.0578387416899204e-02</internalNodes>
      <leafValues>
        -1.6782173514366150e-01 5.9019654989242554e-01</leafValues></_>
    <_>
      <internalNodes>
        0 -1 68553 -1.2095835991203785e-03</internalNodes>
      <leafValues>
        6.5572786331176758e-01 -1.2720413506031036e-01</leafValues></_>
    <_>
      <internalNodes>
        0 -1 101208 -2.9700091108679771e-03</internalNodes>
      <leafValues>
        -6.3507777452468872e-01 1.9518740475177765e-01</leafValues></_>
    <_>
      <internalNodes>
        0 -1 135042 -1.2157846867921762e-05</internalNodes>
      <leafValues>
        3.4246435761451721e-01 -3.0317214131355286e-01</leafValues></_>
    <_>
      <internalNodes>
        0 -1 107656 2.4060509167611599e-03</internalNodes>
      <leafValues>
        -1.6907107830047607e-01 6.2532049417495728e-01</leafValues></_>
    <_>
      <internalNodes>
        0 -1 98820 -8.8807754218578339e-03</internalNodes>
      <leafValues>
        5.5894380807876587e-01 -1.7295452952384949e-01</leafValues></_>
    <_>
      <internalNodes>
        0 -1 161249 -1.5099581331014633e-02</internalNodes>
      <leafValues>
        -5.2575206756591797e-01 2.2231373190879822e-01</leafValues></_></weakClassifiers></stage8>
</opencv_storage>
