<?xml version="1.0"?>
<opencv_storage>
<cascade>
  <stageType>BOOST</stageType>
  <featureType>HAAR</featureType>
  <height>24</height>
  <width>24</width>
  <stageParams>
    <boostType>GAB</boostType>
    <minHitRate>9.9500000476837158e-01</minHitRate>
    <maxFalseAlarm>5.0000000000000000e-01</maxFalseAlarm>
    <weightTrimRate>9.4999999999999996e-01</weightTrimRate>
    <maxDepth>1</maxDepth>
    <maxWeakCount>100</maxWeakCount></stageParams>
  <featureParams>
    <maxCatCount>0</maxCatCount>
    <featSize>1</featSize>
    <mode>BASIC</mode></featureParams>
  <stageNum>20</stageNum>
  <stages>
    <!-- stage 0 -->
    <_>
      <maxWeakCount>7</maxWeakCount>
      <stageThreshold>-7.7026504278182983e-01</stageThreshold>
      <weakClassifiers>
        <_>
          <internalNodes>
            0 -1 82 3.6639936268329620e-02</internalNodes>
          <leafValues>
            -2.0754717290401459e-01 9.4326239824295044e-01</leafValues></_>
        <_>
          <internalNodes>
            0 -1 141 9.6272665541619062e-04</internalNodes>
          <leafValues>
            -4.3332582712173462e-01 7.9657363891601563e-01</leafValues></_>
        <_>
          <internalNodes>
            0 -1 77 -1.0341571643948555e-02</internalNodes>
          <leafValues>
            7.1057808399200439e-01 -3.8702398538589478e-01</leafValues></_>
        <_>
          <internalNodes>
            0 -1 72 4.8393979668617249e-03</internalNodes>
          <leafValues>
            -2.9853728413581848e-01 9.2833578586578369e-01</leafValues></_>
        <_>
          <internalNodes>
            0 -1 80 -5.6687761098146439e-02</internalNodes>
          <leafValues>
            8.6496102809906006e-01 -3.7075561285018921e-01</leafValues></_>
        <_>
          <internalNodes>
            0 -1 15 -1.8165571964345872e-04</internalNodes>
          <leafValues>
            -4.9783885478973389e-01 5.9652489423751831e-01</leafValues></_>
        <_>
          <internalNodes>
            0 -1 122 -2.9354717116802931e-03</internalNodes>
          <leafValues>
            -8.7660086154937744e-01 3.3039996027946472e-01</leafValues></_></weakClassifiers></_>
    <!-- stage 1 -->
    <_>
      <maxWeakCount>8</maxWeakCount>
      <stageThreshold>-1.0964763164520264e+00</stageThreshold>
      <weakClassifiers>
        <_>
          <internalNodes>
            0 -1 120 -9.6502415835857391e-03</internalNodes>
          <leafValues>
            8.0722892284393311e-01 -2.5373134016990662e-01</leafValues></_>
        <_>
          <internalNodes>
            0 -1 87 4.0827281773090363e-03</internalNodes>
          <leafValues>
            -2.6736694574356079e-01 8.4995955228805542e-01</leafValues></_>
        <_>
          <internalNodes>
            0 -1 152 1.0324067261535674e-04</internalNodes>
          <leafValues>
            4.8111414909362793e-01 -5.3503912687301636e-01</leafValues></_>
        <_>
          <internalNodes>
            0 -1 77 -1.5261374413967133e-02</internalNodes>
          <leafValues>
            6.9542557001113892e-01 -3.7316167354583740e-01</leafValues></_>
        <_>
          <internalNodes>
            0 -1 161 1.4193837996572256e-03</internalNodes>
          <leafValues>
            -3.6512970924377441e-01 7.4275022745132446e-01</leafValues></_>
        <_>
          <internalNodes>
            0 -1 36 -6.0462215915322304e-03</internalNodes>
          <leafValues>
            7.3553019762039185e-01 -3.0064398050308228e-01</leafValues></_>
        <_>
          <internalNodes>
            0 -1 183 -3.2197418622672558e-03</internalNodes>
          <leafValues>
            6.4726299047470093e-01 -3.6138027906417847e-01</leafValues></_>
        <_>
          <internalNodes>
            0 -1 134 2.0281553268432617e-02</internalNodes>
          <leafValues>
            3.4382343292236328e-01 -7.6116269826889038e-01</leafValues></_></weakClassifiers></_>
    <!-- stage 2 -->
    <_>
      <maxWeakCount>12</maxWeakCount>
      <stageThreshold>-8.4720909595489502e-01</stageThreshold>
      <weakClassifiers>
        <_>
          <internalNodes>
            0 -1 67 -4.2706541717052460e-02</internalNodes>
          <leafValues>
            8.2432430982589722e-01 -1.4473684132099152e-01</leafValues></_>
        <_>
          <internalNodes>
            0 -1 90 2.4482639506459236e-02</internalNodes>
          <leafValues>
            -2.1400769054889679e-01 9.0398985147476196e-01</leafValues></_>
        <_>
          <internalNodes>
            0 -1 98 1.1037032119929790e-02</internalNodes>
          <leafValues>
            -2.7768045663833618e-01 7.7020525932312012e-01</leafValues></_>
        <_>
          <internalNodes>
            0 -1 76 -2.8367534279823303e-02</internalNodes>
          <leafValues>
            8.9412868022918701e-01 -2.2189825773239136e-01</leafValues></_>
        <_>
          <internalNodes>
            0 -1 159 2.3865643888711929e-03</internalNodes>
          <leafValues>
            -2.9831716418266296e-01 7.0065385103225708e-01</leafValues></_>
        <_>
          <internalNodes>
            0 -1 123 6.0670286417007446e-02</internalNodes>
          <leafValues>
            -2.2201974689960480e-01 8.6586183309555054e-01</leafValues></_>
        <_>
          <internalNodes>
            0 -1 116 2.9607606120407581e-03</internalNodes>
          <leafValues>
            -2.6747530698776245e-01 7.7006340026855469e-01</leafValues></_>
        <_>
          <internalNodes>
            0 -1 50 4.0560487832408398e-05</internalNodes>
          <leafValues>
            4.5861715078353882e-01 -4.5142832398414612e-01</leafValues></_>
        <_>
          <internalNodes>
            0 -1 166 -3.7064036587253213e-04</internalNodes>
          <leafValues>
            5.8694148063659668e-01 -3.4207642078399658e-01</leafValues></_>
        <_>
          <internalNodes>
            0 -1 137 2.5729658082127571e-03</internalNodes>
          <leafValues>
            3.0755075812339783e-01 -7.1954351663589478e-01</leafValues></_>
        <_>
          <internalNodes>
            0 -1 127 5.0714111421257257e-04</internalNodes>
          <leafValues>
            -2.4930803477764130e-01 7.5939339399337769e-01</leafValues></_>
        <_>
          <internalNodes>
            0 -1 24 -4.4063292443752289e-02</internalNodes>
          <leafValues>
            7.6764768362045288e-01 -2.7675172686576843e-01</leafValues></_></weakClassifiers></_>
    <!-- stage 3 -->
    <_>
      <maxWeakCount>7</maxWeakCount>
      <stageThreshold>-7.2979712486267090e-01</stageThreshold>
      <weakClassifiers>
        <_>
          <internalNodes>
            0 -1 108 -2.2428012453019619e-03</internalNodes>
          <leafValues>
            7.9084968566894531e-01 -1.4285714924335480e-01</leafValues></_>
        <_>
          <internalNodes>
            0 -1 150 -5.2263005636632442e-04</internalNodes>
          <leafValues>
            4.7735348343849182e-01 -4.0216100215911865e-01</leafValues></_>
        <_>
          <internalNodes>
            0 -1 119 -2.0953387022018433e-02</internalNodes>
          <leafValues>
            -7.2628641128540039e-01 2.9474195837974548e-01</leafValues></_>
        <_>
          <internalNodes>
            0 -1 157 -8.0319656990468502e-04</internalNodes>
          <leafValues>
            6.5553861856460571e-01 -3.7168610095977783e-01</leafValues></_>
        <_>
          <internalNodes>
            0 -1 129 -1.2075342237949371e-02</internalNodes>
          <leafValues>
            7.9558128118515015e-01 -2.4714198708534241e-01</leafValues></_>
        <_>
          <internalNodes>
            0 -1 49 1.3679005205631256e-03</internalNodes>
          <leafValues>
            -2.4208615720272064e-01 8.1069916486740112e-01</leafValues></_>
        <_>
          <internalNodes>
            0 -1 66 4.4140447862446308e-03</internalNodes>
          <leafValues>
            3.9954361319541931e-01 -5.5231350660324097e-01</leafValues></_></weakClassifiers></_>
    <!-- stage 4 -->
    <_>
      <maxWeakCount>8</maxWeakCount>
      <stageThreshold>-8.0094081163406372e-01</stageThreshold>
      <weakClassifiers>
        <_>
          <internalNodes>
            0 -1 8 -9.2283654958009720e-03</internalNodes>
          <leafValues>
            7.3913043737411499e-01 -1.3669064640998840e-01</leafValues></_>
        <_>
          <internalNodes>
            0 -1 154 -7.2902720421552658e-04</internalNodes>
          <leafValues>
            5.8128106594085693e-01 -3.7806794047355652e-01</leafValues></_>
        <_>
          <internalNodes>
            0 -1 54 -2.3157289251685143e-02</internalNodes>
          <leafValues>
            6.8764913082122803e-01 -2.9597967863082886e-01</leafValues></_>
        <_>
          <internalNodes>
            0 -1 28 -9.1615486890077591e-03</internalNodes>
          <leafValues>
            6.6832107305526733e-01 -3.5070639848709106e-01</leafValues></_>
        <_>
          <internalNodes>
            0 -1 193 -9.1628439258784056e-04</internalNodes>
          <leafValues>
            6.5923988819122314e-01 -3.1420525908470154e-01</leafValues></_>
        <_>
          <internalNodes>
            0 -1 187 2.7843590360134840e-03</internalNodes>
          <leafValues>
            -2.5546786189079285e-01 8.3811235427856445e-01</leafValues></_>
        <_>
          <internalNodes>
            0 -1 71 -1.0295789688825607e-02</internalNodes>
          <leafValues>
            -7.5192129611968994e-01 3.0044487118721008e-01</leafValues></_>
        <_>
          <internalNodes>
            0 -1 11 -7.7309450134634972e-03</internalNodes>
          <leafValues>
            6.2973207235336304e-01 -2.9579350352287292e-01</leafValues></_></weakClassifiers></_>
    <!-- stage 5 -->
    <_>
      <maxWeakCount>9</maxWeakCount>
      <stageThreshold>-8.7202912569046021e-01</stageThreshold>
      <weakClassifiers>
        <_>
          <internalNodes>
            0 -1 31 -4.8105893656611443e-03</internalNodes>
          <leafValues>
            7.6551723480224609e-01 -7.0967741310596466e-02</leafValues></_>
        <_>
          <internalNodes>
            0 -1 118 1.9822665490210056e-03</internalNodes>
          <leafValues>
            -1.5741805732250214e-01 7.9999297857284546e-01</leafValues></_>
        <_>
          <internalNodes>
            0 -1 117 9.4912890344858170e-03</internalNodes>
          <leafValues>
            -4.5069408416748047e-01 4.0921205282211304e-01</leafValues></_>
        <_>
          <internalNodes>
            0 -1 147 -2.1108244545757771e-03</internalNodes>
          <leafValues>
            5.0050133466720581e-01 -3.4807074069976807e-01</leafValues></_>
        <_>
          <internalNodes>
            0 -1 97 2.4346725549548864e-03</internalNodes>
          <leafValues>
            -4.3842071294784546e-01 4.2968171834945679e-01</leafValues></_>
        <_>
          <internalNodes>
            0 -1 84 3.5085459239780903e-03</internalNodes>
          <leafValues>
            3.2663050293922424e-01 -5.8990377187728882e-01</leafValues></_>
        <_>
          <internalNodes>
            0 -1 20 -1.0555522888898849e-01</internalNodes>
          <leafValues>
            9.1432970762252808e-01 -2.4445231258869171e-01</leafValues></_>
        <_>
          <internalNodes>
            0 -1 61 1.9639218226075172e-03</internalNodes>
          <leafValues>
            -1.7941391468048096e-01 7.4792170524597168e-01</leafValues></_>
        <_>
          <internalNodes>
            0 -1 140 -1.8661706708371639e-03</internalNodes>
          <leafValues>
            8.9763820171356201e-01 -1.7732445895671844e-01</leafValues></_></weakClassifiers></_>
    <!-- stage 6 -->
    <_>
      <maxWeakCount>14</maxWeakCount>
      <stageThreshold>-1.2186738252639771e+00</stageThreshold>
      <weakClassifiers>
        <_>
          <internalNodes>
            0 -1 1 -8.2510709762573242e-03</internalNodes>
          <leafValues>
            7.8571426868438721e-01 -6.2500000000000000e-02</leafValues></_>
        <_>
          <internalNodes>
            0 -1 138 -3.6838804953731596e-04</internalNodes>
          <leafValues>
            4.0445032715797424e-01 -4.9500581622123718e-01</leafValues></_>
        <_>
          <internalNodes>
            0 -1 106 -2.6388309895992279e-02</internalNodes>
          <leafValues>
            9.4117969274520874e-01 -1.9680777192115784e-01</leafValues></_>
        <_>
          <internalNodes>
            0 -1 26 -5.7956110686063766e-03</internalNodes>
          <leafValues>
            5.3598135709762573e-01 -3.6401960253715515e-01</leafValues></_>
        <_>
          <internalNodes>
            0 -1 176 -1.7026686691679060e-04</internalNodes>
          <leafValues>
            -4.6702629327774048e-01 4.0354311466217041e-01</leafValues></_>
        <_>
          <internalNodes>
            0 -1 41 5.7040415704250336e-03</internalNodes>
          <leafValues>
            -2.4537254869937897e-01 7.3392063379287720e-01</leafValues></_>
        <_>
          <internalNodes>
            0 -1 169 1.7633077222853899e-03</internalNodes>
          <leafValues>
            -2.5940424203872681e-01 7.4723517894744873e-01</leafValues></_>
        <_>
          <internalNodes>
            0 -1 2 1.1685532081173733e-04</internalNodes>
          <leafValues>
            3.6336430907249451e-01 -5.3679597377777100e-01</leafValues></_>
        <_>
          <internalNodes>
            0 -1 64 8.1066158600151539e-04</internalNodes>
          <leafValues>
            -2.2399808466434479e-01 9.8089152574539185e-01</leafValues></_>
        <_>
          <internalNodes>
            0 -1 167 -2.1891098003834486e-04</internalNodes>
          <leafValues>
            4.5128017663955688e-01 -3.5858494043350220e-01</leafValues></_>
        <_>
          <internalNodes>
            0 -1 107 -1.6506296396255493e-01</internalNodes>
          <leafValues>
            -8.8137972354888916e-01 1.8289323151111603e-01</leafValues></_>
        <_>
          <internalNodes>
            0 -1 51 -5.7335644960403442e-03</internalNodes>
          <leafValues>
            8.4563928842544556e-01 -2.3921798169612885e-01</leafValues></_>
        <_>
          <internalNodes>
            0 -1 38 5.0450647249817848e-03</internalNodes>
          <leafValues>
            -2.4775384366512299e-01 7.5219321250915527e-01</leafValues></_>
        <_>
          <internalNodes>
            0 -1 32 -7.2010834701359272e-03</internalNodes>
          <leafValues>
            5.2419036626815796e-01 -3.7333053350448608e-01</leafValues></_></weakClassifiers></_>
    <!-- stage 7 -->
    <_>
      <maxWeakCount>15</maxWeakCount>
      <stageThreshold>-9.9490821361541748e-01</stageThreshold>
      <weakClassifiers>
        <_>
          <internalNodes>
            0 -1 65 -1.2151734903454781e-02</internalNodes>
          <leafValues>
            7.1612900495529175e-01 -7.5862072408199310e-02</leafValues></_>
        <_>
          <internalNodes>
            0 -1 133 -2.3206328973174095e-02</internalNodes>
          <leafValues>
            5.6466108560562134e-01 -3.1762272119522095e-01</leafValues></_>
        <_>
          <internalNodes>
            0 -1 170 -4.7648081090301275e-04</internalNodes>
          <leafValues>
            7.8895258903503418e-01 -2.1223086118698120e-01</leafValues></_>
        <_>
          <internalNodes>
            0 -1 3 -5.9977419674396515e-02</internalNodes>
          <leafValues>
            5.5781543254852295e-01 -2.7721247076988220e-01</leafValues></_>
        <_>
          <internalNodes>
            0 -1 168 4.5577321201562881e-02</internalNodes>
          <leafValues>
            -1.8703041970729828e-01 8.3541858196258545e-01</leafValues></_>
        <_>
          <internalNodes>
            0 -1 88 3.8965679705142975e-02</internalNodes>
          <leafValues>
            -1.8922428786754608e-01 8.7786507606506348e-01</leafValues></_>
        <_>
          <internalNodes>
            0 -1 131 3.3387367147952318e-04</internalNodes>
          <leafValues>
            3.2015776634216309e-01 -5.4128336906433105e-01</leafValues></_>
        <_>
          <internalNodes>
            0 -1 145 2.2539081983268261e-03</internalNodes>
          <leafValues>
            -2.1056562662124634e-01 7.0682883262634277e-01</leafValues></_>
        <_>
          <internalNodes>
            0 -1 163 -1.3987848069518805e-03</internalNodes>
          <leafValues>
            6.9189816713333130e-01 -2.3692537844181061e-01</leafValues></_>
        <_>
          <internalNodes>
            0 -1 13 1.4606212265789509e-02</internalNodes>
          <leafValues>
            -1.4650329947471619e-01 8.6540830135345459e-01</leafValues></_>
        <_>
          <internalNodes>
            0 -1 7 -2.7894293889403343e-03</internalNodes>
          <leafValues>
            -6.1483579874038696e-01 2.8417164087295532e-01</leafValues></_>
        <_>
          <internalNodes>
            0 -1 156 -1.2541811913251877e-02</internalNodes>
          <leafValues>
            7.1501809358596802e-01 -2.2899119555950165e-01</leafValues></_>
        <_>
          <internalNodes>
            0 -1 173 -4.7176701627904549e-05</internalNodes>
          <leafValues>
            -3.5490772128105164e-01 4.3743282556533813e-01</leafValues></_>
        <_>
          <internalNodes>
            0 -1 55 -1.1247849091887474e-02</internalNodes>
          <leafValues>
            6.0283631086349487e-01 -2.9914841055870056e-01</leafValues></_>
        <_>
          <internalNodes>
            0 -1 6 2.7064140886068344e-04</internalNodes>
          <leafValues>
            3.4464627504348755e-01 -5.6662142276763916e-01</leafValues></_></weakClassifiers></_>
    <!-- stage 8 -->
    <_>
      <maxWeakCount>7</maxWeakCount>
      <stageThreshold>-4.0351176261901855e-01</stageThreshold>
      <weakClassifiers>
        <_>
          <internalNodes>
            0 -1 149 4.4038658961653709e-04</internalNodes>
          <leafValues>
            5.8181816339492798e-01 -3.4999999403953552e-01</leafValues></_>
        <_>
          <internalNodes>
            0 -1 5 -5.2552737295627594e-02</internalNodes>
          <leafValues>
            5.2721583843231201e-01 -4.0243992209434509e-01</leafValues></_>
        <_>
          <internalNodes>
            0 -1 23 4.1477121412754059e-02</internalNodes>
          <leafValues>
            -2.1624892950057983e-01 8.5406225919723511e-01</leafValues></_>
        <_>
          <internalNodes>
            0 -1 73 4.6764118596911430e-03</internalNodes>
          <leafValues>
            -2.1118538081645966e-01 8.6087375879287720e-01</leafValues></_>
        <_>
          <internalNodes>
            0 -1 53 -7.4675553478300571e-03</internalNodes>
          <leafValues>
            9.2194420099258423e-01 -1.8376643955707550e-01</leafValues></_>
        <_>
          <internalNodes>
            0 -1 43 5.2049811929464340e-03</internalNodes>
          <leafValues>
            -2.1271598339080811e-01 7.5378453731536865e-01</leafValues></_>
        <_>
          <internalNodes>
            0 -1 109 -2.2493340075016022e-03</internalNodes>
          <leafValues>
            -8.2928448915481567e-01 3.0764722824096680e-01</leafValues></_></weakClassifiers></_>
    <!-- stage 9 -->
    <_>
      <maxWeakCount>10</maxWeakCount>
      <stageThreshold>-6.2955403327941895e-01</stageThreshold>
      <weakClassifiers>
        <_>
          <internalNodes>
            0 -1 125 -4.7028735280036926e-03</internalNodes>
          <leafValues>
            7.3248410224914551e-01 -1.0489510744810104e-01</leafValues></_>
        <_>
          <internalNodes>
            0 -1 37 -1.5466790500795469e-05</internalNodes>
          <leafValues>
            5.5459731817245483e-01 -2.1349035203456879e-01</leafValues></_>
        <_>
          <internalNodes>
            0 -1 165 -1.4477938413619995e-02</internalNodes>
          <leafValues>
            7.1027851104736328e-01 -2.2589080035686493e-01</leafValues></_>
        <_>
          <internalNodes>
            0 -1 190 -8.3966674283146858e-03</internalNodes>
          <leafValues>
            8.7703281641006470e-01 -1.9962993264198303e-01</leafValues></_>
        <_>
          <internalNodes>
            0 -1 130 -3.3279489725828171e-03</internalNodes>
          <leafValues>
            5.8514994382858276e-01 -2.7611526846885681e-01</leafValues></_>
        <_>
          <internalNodes>
            0 -1 4 -4.8931566998362541e-03</internalNodes>
          <leafValues>
            -7.0626890659332275e-01 2.7396336197853088e-01</leafValues></_>
        <_>
          <internalNodes>
            0 -1 75 -1.0950737632811069e-03</internalNodes>
          <leafValues>
            6.7629295587539673e-01 -2.6226910948753357e-01</leafValues></_>
        <_>
          <internalNodes>
            0 -1 91 1.9556873012334108e-03</internalNodes>
          <leafValues>
            2.5801676511764526e-01 -7.4097645282745361e-01</leafValues></_>
        <_>
          <internalNodes>
            0 -1 177 1.0643464047461748e-03</internalNodes>
          <leafValues>
            -2.7810874581336975e-01 6.7612665891647339e-01</leafValues></_>
        <_>
          <internalNodes>
            0 -1 100 -6.8186671705916524e-04</internalNodes>
          <leafValues>
            -4.8591953516006470e-01 3.9886513352394104e-01</leafValues></_></weakClassifiers></_>
    <!-- stage 10 -->
    <_>
      <maxWeakCount>12</maxWeakCount>
      <stageThreshold>-1.1030907630920410e+00</stageThreshold>
      <weakClassifiers>
        <_>
          <internalNodes>
            0 -1 42 -3.5247303545475006e-02</internalNodes>
          <leafValues>
            7.1794873476028442e-01 -8.3333335816860199e-02</leafValues></_>
        <_>
          <internalNodes>
            0 -1 25 -3.9569627493619919e-02</internalNodes>
          <leafValues>
            6.0006582736968994e-01 -2.3993988335132599e-01</leafValues></_>
        <_>
          <internalNodes>
            0 -1 46 1.6294941306114197e-02</internalNodes>
          <leafValues>
            -2.5651130080223083e-01 6.2557435035705566e-01</leafValues></_>
        <_>
          <internalNodes>
            0 -1 155 -4.7504827380180359e-03</internalNodes>
          <leafValues>
            7.4038159847259521e-01 -2.4548606574535370e-01</leafValues></_>
        <_>
          <internalNodes>
            0 -1 35 -3.7892315536737442e-02</internalNodes>
          <leafValues>
            8.4197413921356201e-01 -1.7220047116279602e-01</leafValues></_>
        <_>
          <internalNodes>
            0 -1 186 -9.6949050202965736e-04</internalNodes>
          <leafValues>
            -6.3884168863296509e-01 3.0856180191040039e-01</leafValues></_>
        <_>
          <internalNodes>
            0 -1 188 1.2648639676626772e-04</internalNodes>
          <leafValues>
            -3.7010008096694946e-01 4.3898439407348633e-01</leafValues></_>
        <_>
          <internalNodes>
            0 -1 110 -3.1581697840010747e-05</internalNodes>
          <leafValues>
            5.3708851337432861e-01 -2.9015240073204041e-01</leafValues></_>
        <_>
          <internalNodes>
            0 -1 19 -2.0983954891562462e-02</internalNodes>
          <leafValues>
            5.6796270608901978e-01 -2.9112097620964050e-01</leafValues></_>
        <_>
          <internalNodes>
            0 -1 86 -5.3443331271409988e-02</internalNodes>
          <leafValues>
            5.1907259225845337e-01 -3.4746035933494568e-01</leafValues></_>
        <_>
          <internalNodes>
            0 -1 185 4.4742347672581673e-03</internalNodes>
          <leafValues>
            -2.2451812028884888e-01 7.2425496578216553e-01</leafValues></_>
        <_>
          <internalNodes>
            0 -1 29 1.4199402648955584e-03</internalNodes>
          <leafValues>
            2.5008681416511536e-01 -8.3022075891494751e-01</leafValues></_></weakClassifiers></_>
    <!-- stage 11 -->
    <_>
      <maxWeakCount>9</maxWeakCount>
      <stageThreshold>-6.8294256925582886e-01</stageThreshold>
      <weakClassifiers>
        <_>
          <internalNodes>
            0 -1 182 1.5210870653390884e-02</internalNodes>
          <leafValues>
            5.2631579339504242e-02 8.1818181276321411e-01</leafValues></_>
        <_>
          <internalNodes>
            0 -1 60 4.2503662407398224e-03</internalNodes>
          <leafValues>
            -1.9452257454395294e-01 6.5053957700729370e-01</leafValues></_>
        <_>
          <internalNodes>
            0 -1 128 -3.1210058368742466e-03</internalNodes>
          <leafValues>
            7.8586351871490479e-01 -2.3290893435478210e-01</leafValues></_>
        <_>
          <internalNodes>
            0 -1 144 1.5685090329498053e-03</internalNodes>
          <leafValues>
            -2.1322284638881683e-01 6.9155389070510864e-01</leafValues></_>
        <_>
          <internalNodes>
            0 -1 96 -2.2044684737920761e-02</internalNodes>
          <leafValues>
            5.6179934740066528e-01 -3.0601665377616882e-01</leafValues></_>
        <_>
          <internalNodes>
            0 -1 40 -4.1948975995182991e-03</internalNodes>
          <leafValues>
            9.1613739728927612e-01 -1.8711116909980774e-01</leafValues></_>
        <_>
          <internalNodes>
            0 -1 57 -2.6464038528501987e-03</internalNodes>
          <leafValues>
            7.6139330863952637e-01 -1.7568336427211761e-01</leafValues></_>
        <_>
          <internalNodes>
            0 -1 105 4.0274817729368806e-04</internalNodes>
          <leafValues>
            3.3997878432273865e-01 -5.7686817646026611e-01</leafValues></_>
        <_>
          <internalNodes>
            0 -1 136 7.3547721840441227e-03</internalNodes>
          <leafValues>
            2.3391264677047729e-01 -8.6561024188995361e-01</leafValues></_></weakClassifiers></_>
    <!-- stage 12 -->
    <_>
      <maxWeakCount>8</maxWeakCount>
      <stageThreshold>-7.4012619256973267e-01</stageThreshold>
      <weakClassifiers>
        <_>
          <internalNodes>
            0 -1 92 -2.0027749240398407e-02</internalNodes>
          <leafValues>
            6.3742691278457642e-01 -6.9767445325851440e-02</leafValues></_>
        <_>
          <internalNodes>
            0 -1 164 -2.5207620114088058e-02</internalNodes>
          <leafValues>
            6.5690398216247559e-01 -2.1253466606140137e-01</leafValues></_>
        <_>
          <internalNodes>
            0 -1 74 -5.0651296041905880e-03</internalNodes>
          <leafValues>
            9.2704874277114868e-01 -1.5719167888164520e-01</leafValues></_>
        <_>
          <internalNodes>
            0 -1 62 9.5508707454428077e-04</internalNodes>
          <leafValues>
            -3.0560481548309326e-01 7.2784405946731567e-01</leafValues></_>
        <_>
          <internalNodes>
            0 -1 102 1.0780007578432560e-02</internalNodes>
          <leafValues>
            -1.8527048826217651e-01 8.2341694831848145e-01</leafValues></_>
        <_>
          <internalNodes>
            0 -1 181 1.1402527801692486e-02</internalNodes>
          <leafValues>
            -1.3134500384330750e-01 8.6294072866439819e-01</leafValues></_>
        <_>
          <internalNodes>
            0 -1 10 -3.1596839427947998e-02</internalNodes>
          <leafValues>
            6.6310405731201172e-01 -2.6311248540878296e-01</leafValues></_>
        <_>
          <internalNodes>
            0 -1 175 -2.0450991578400135e-03</internalNodes>
          <leafValues>
            4.4520804286003113e-01 -3.4151616692543030e-01</leafValues></_></weakClassifiers></_>
    <!-- stage 13 -->
    <_>
      <maxWeakCount>11</maxWeakCount>
      <stageThreshold>-7.6508331298828125e-01</stageThreshold>
      <weakClassifiers>
        <_>
          <internalNodes>
            0 -1 126 1.8991606775671244e-03</internalNodes>
          <leafValues>
            -2.3076923191547394e-01 5.7894736528396606e-01</leafValues></_>
        <_>
          <internalNodes>
            0 -1 81 -2.5342809967696667e-03</internalNodes>
          <leafValues>
            7.0037209987640381e-01 -2.0668564736843109e-01</leafValues></_>
        <_>
          <internalNodes>
            0 -1 34 1.3329110108315945e-02</internalNodes>
          <leafValues>
            -2.8211152553558350e-01 6.3823246955871582e-01</leafValues></_>
        <_>
          <internalNodes>
            0 -1 146 4.4799447059631348e-03</internalNodes>
          <leafValues>
            -3.8456976413726807e-01 4.2364943027496338e-01</leafValues></_>
        <_>
          <internalNodes>
            0 -1 135 2.2167381830513477e-03</internalNodes>
          <leafValues>
            -1.8265455961227417e-01 9.0575259923934937e-01</leafValues></_>
        <_>
          <internalNodes>
            0 -1 192 2.4820776889100671e-04</internalNodes>
          <leafValues>
            3.8574472069740295e-01 -4.5068767666816711e-01</leafValues></_>
        <_>
          <internalNodes>
            0 -1 30 6.9775911979377270e-03</internalNodes>
          <leafValues>
            -1.9283181428909302e-01 7.9471683502197266e-01</leafValues></_>
        <_>
          <internalNodes>
            0 -1 162 -2.2822939790785313e-03</internalNodes>
          <leafValues>
            7.8126209974288940e-01 -1.9684319198131561e-01</leafValues></_>
        <_>
          <internalNodes>
            0 -1 163 -1.4042066177353263e-03</internalNodes>
          <leafValues>
            7.6856195926666260e-01 -2.0320303738117218e-01</leafValues></_>
        <_>
          <internalNodes>
            0 -1 111 -9.3558555818162858e-05</internalNodes>
          <leafValues>
            -3.2677227258682251e-01 4.7453811764717102e-01</leafValues></_>
        <_>
          <internalNodes>
            0 -1 195 -2.3316247388720512e-03</internalNodes>
          <leafValues>
            -6.8830674886703491e-01 2.5430262088775635e-01</leafValues></_></weakClassifiers></_>
    <!-- stage 14 -->
    <_>
      <maxWeakCount>13</maxWeakCount>
      <stageThreshold>-1.0557887554168701e+00</stageThreshold>
      <weakClassifiers>
        <_>
          <internalNodes>
            0 -1 16 2.7098672464489937e-02</internalNodes>
          <leafValues>
            4.5724907517433167e-01 -7.4193549156188965e-01</leafValues></_>
        <_>
          <internalNodes>
            0 -1 174 -1.6963477246463299e-03</internalNodes>
          <leafValues>
            7.4751889705657959e-01 -2.2565002739429474e-01</leafValues></_>
        <_>
          <internalNodes>
            0 -1 113 -4.1486062109470367e-03</internalNodes>
          <leafValues>
            5.0335925817489624e-01 -3.7241429090499878e-01</leafValues></_>
        <_>
          <internalNodes>
            0 -1 160 9.1080856509506702e-04</internalNodes>
          <leafValues>
            -3.2293796539306641e-01 6.1705487966537476e-01</leafValues></_>
        <_>
          <internalNodes>
            0 -1 103 4.4555487111210823e-03</internalNodes>
          <leafValues>
            -2.1610911190509796e-01 8.7647140026092529e-01</leafValues></_>
        <_>
          <internalNodes>
            0 -1 21 2.1077988669276237e-02</internalNodes>
          <leafValues>
            -3.1784906983375549e-01 4.9889242649078369e-01</leafValues></_>
        <_>
          <internalNodes>
            0 -1 39 2.0431447774171829e-03</internalNodes>
          <leafValues>
            -2.4279329180717468e-01 7.4008452892303467e-01</leafValues></_>
        <_>
          <internalNodes>
            0 -1 83 -1.5885069966316223e-02</internalNodes>
          <leafValues>
            -4.7916877269744873e-01 3.6255168914794922e-01</leafValues></_>
        <_>
          <internalNodes>
            0 -1 178 -7.3432864155620337e-04</internalNodes>
          <leafValues>
            6.1540699005126953e-01 -2.9591396450996399e-01</leafValues></_>
        <_>
          <internalNodes>
            0 -1 22 -4.4177187373861670e-04</internalNodes>
          <leafValues>
            -2.8231456875801086e-01 5.0737005472183228e-01</leafValues></_>
        <_>
          <internalNodes>
            0 -1 69 5.8235237374901772e-03</internalNodes>
          <leafValues>
            -2.3632349073886871e-01 8.0097872018814087e-01</leafValues></_>
        <_>
          <internalNodes>
            0 -1 101 -5.9035010635852814e-03</internalNodes>
          <leafValues>
            7.1068435907363892e-01 -2.1356466412544250e-01</leafValues></_>
        <_>
          <internalNodes>
            0 -1 52 -3.8135978393256664e-03</internalNodes>
          <leafValues>
            4.4303935766220093e-01 -3.7917572259902954e-01</leafValues></_></weakClassifiers></_>
    <!-- stage 15 -->
    <_>
      <maxWeakCount>10</maxWeakCount>
      <stageThreshold>-4.6502149105072021e-01</stageThreshold>
      <weakClassifiers>
        <_>
          <internalNodes>
            0 -1 115 -1.9438944291323423e-03</internalNodes>
          <leafValues>
            6.8152868747711182e-01 -4.8951048403978348e-02</leafValues></_>
        <_>
          <internalNodes>
            0 -1 59 2.4173302575945854e-02</internalNodes>
          <leafValues>
            -1.0597150772809982e-01 1.</leafValues></_>
        <_>
          <internalNodes>
            0 -1 33 6.2941517680883408e-03</internalNodes>
          <leafValues>
            -1.7370535433292389e-01 8.4187233448028564e-01</leafValues></_>
        <_>
          <internalNodes>
            0 -1 45 1.2022480368614197e-02</internalNodes>
          <leafValues>
            -1.5988960862159729e-01 8.5474199056625366e-01</leafValues></_>
        <_>
          <internalNodes>
            0 -1 153 -3.3228221582248807e-05</internalNodes>
          <leafValues>
            4.1153857111930847e-01 -3.5972806811332703e-01</leafValues></_>
        <_>
          <internalNodes>
            0 -1 48 3.7501987535506487e-03</internalNodes>
          <leafValues>
            -2.3298031091690063e-01 7.6057547330856323e-01</leafValues></_>
        <_>
          <internalNodes>
            0 -1 93 1.6257774084806442e-02</internalNodes>
          <leafValues>
            3.4407818317413330e-01 -5.1051330566406250e-01</leafValues></_>
        <_>
          <internalNodes>
            0 -1 14 2.1491070219781250e-04</internalNodes>
          <leafValues>
            3.9516869187355042e-01 -4.4021409749984741e-01</leafValues></_>
        <_>
          <internalNodes>
            0 -1 142 -1.6115160542540252e-04</internalNodes>
          <leafValues>
            6.4965325593948364e-01 -2.4986733496189117e-01</leafValues></_>
        <_>
          <internalNodes>
            0 -1 132 2.4777608923614025e-03</internalNodes>
          <leafValues>
            1.9094100594520569e-01 -8.7914413213729858e-01</leafValues></_></weakClassifiers></_>
    <!-- stage 16 -->
    <_>
      <maxWeakCount>11</maxWeakCount>
      <stageThreshold>-6.4299786090850830e-01</stageThreshold>
      <weakClassifiers>
        <_>
          <internalNodes>
            0 -1 94 3.3404447138309479e-02</internalNodes>
          <leafValues>
            5.3138077259063721e-01 -4.4262295961380005e-01</leafValues></_>
        <_>
          <internalNodes>
            0 -1 85 6.5246477723121643e-02</internalNodes>
          <leafValues>
            -3.1904006004333496e-01 5.7631701231002808e-01</leafValues></_>
        <_>
          <internalNodes>
            0 -1 78 -2.8056245297193527e-02</internalNodes>
          <leafValues>
            7.1467030048370361e-01 -2.1041919291019440e-01</leafValues></_>
        <_>
          <internalNodes>
            0 -1 194 -5.1884795539081097e-04</internalNodes>
          <leafValues>
            -5.6234967708587646e-01 2.4994441866874695e-01</leafValues></_>
        <_>
          <internalNodes>
            0 -1 47 4.6079391613602638e-03</internalNodes>
          <leafValues>
            -1.9104647636413574e-01 7.9207998514175415e-01</leafValues></_>
        <_>
          <internalNodes>
            0 -1 9 1.0386680066585541e-01</internalNodes>
          <leafValues>
            -2.2952024638652802e-01 7.5476205348968506e-01</leafValues></_>
        <_>
          <internalNodes>
            0 -1 124 -8.0572802107781172e-04</internalNodes>
          <leafValues>
            -4.8312914371490479e-01 4.0234196186065674e-01</leafValues></_>
        <_>
          <internalNodes>
            0 -1 179 6.4326692372560501e-03</internalNodes>
          <leafValues>
            -1.6700893640518188e-01 8.3674061298370361e-01</leafValues></_>
        <_>
          <internalNodes>
            0 -1 172 -4.7880716621875763e-02</internalNodes>
          <leafValues>
            5.0244534015655518e-01 -2.9036116600036621e-01</leafValues></_>
        <_>
          <internalNodes>
            0 -1 17 -1.9237350206822157e-03</internalNodes>
          <leafValues>
            -5.1890826225280762e-01 3.2027846574783325e-01</leafValues></_>
        <_>
          <internalNodes>
            0 -1 18 6.2328041531145573e-04</internalNodes>
          <leafValues>
            2.3445633053779602e-01 -6.6296327114105225e-01</leafValues></_></weakClassifiers></_>
    <!-- stage 17 -->
    <_>
      <maxWeakCount>8</maxWeakCount>
      <stageThreshold>-4.3172821402549744e-01</stageThreshold>
      <weakClassifiers>
        <_>
          <internalNodes>
            0 -1 121 -2.4078129790723324e-03</internalNodes>
          <leafValues>
            -5.6521737575531006e-01 4.9606299400329590e-01</leafValues></_>
        <_>
          <internalNodes>
            0 -1 143 1.0941285640001297e-02</internalNodes>
          <leafValues>
            -2.2776913642883301e-01 7.6803135871887207e-01</leafValues></_>
        <_>
          <internalNodes>
            0 -1 139 -1.1661811731755733e-04</internalNodes>
          <leafValues>
            -5.1932007074356079e-01 3.7779682874679565e-01</leafValues></_>
        <_>
          <internalNodes>
            0 -1 44 -8.2457624375820160e-03</internalNodes>
          <leafValues>
            9.5082032680511475e-01 -1.7912055552005768e-01</leafValues></_>
        <_>
          <internalNodes>
            0 -1 70 2.5214231573045254e-03</internalNodes>
          <leafValues>
            -2.0355141162872314e-01 7.7296358346939087e-01</leafValues></_>
        <_>
          <internalNodes>
            0 -1 0 -8.1534847617149353e-02</internalNodes>
          <leafValues>
            8.7820178270339966e-01 -1.7494992911815643e-01</leafValues></_>
        <_>
          <internalNodes>
            0 -1 171 3.6119753494858742e-03</internalNodes>
          <leafValues>
            -1.4426560699939728e-01 9.4290149211883545e-01</leafValues></_>
        <_>
          <internalNodes>
            0 -1 189 2.2109388373792171e-03</internalNodes>
          <leafValues>
            -2.8131642937660217e-01 5.2118545770645142e-01</leafValues></_></weakClassifiers></_>
    <!-- stage 18 -->
    <_>
      <maxWeakCount>10</maxWeakCount>
      <stageThreshold>-9.4149321317672729e-01</stageThreshold>
      <weakClassifiers>
        <_>
          <internalNodes>
            0 -1 68 -2.9447432607412338e-02</internalNodes>
          <leafValues>
            7.8082191944122314e-01 -9.0909093618392944e-02</leafValues></_>
        <_>
          <internalNodes>
            0 -1 148 -9.0026046382263303e-04</internalNodes>
          <leafValues>
            6.3447034358978271e-01 -3.4126994013786316e-01</leafValues></_>
        <_>
          <internalNodes>
            0 -1 158 1.7086609732359648e-03</internalNodes>
          <leafValues>
            -1.4903067052364349e-01 9.3014413118362427e-01</leafValues></_>
        <_>
          <internalNodes>
            0 -1 114 5.8117584558203816e-04</internalNodes>
          <leafValues>
            -4.1579803824424744e-01 3.8191866874694824e-01</leafValues></_>
        <_>
          <internalNodes>
            0 -1 56 -1.5146769874263555e-04</internalNodes>
          <leafValues>
            6.6243457794189453e-01 -2.5572183728218079e-01</leafValues></_>
        <_>
          <internalNodes>
            0 -1 63 2.3177344352006912e-02</internalNodes>
          <leafValues>
            -2.5965571403503418e-01 7.0360165834426880e-01</leafValues></_>
        <_>
          <internalNodes>
            0 -1 12 -3.4267038106918335e-02</internalNodes>
          <leafValues>
            6.8453890085220337e-01 -3.0020412802696228e-01</leafValues></_>
        <_>
          <internalNodes>
            0 -1 89 6.9162822910584509e-05</internalNodes>
          <leafValues>
            -2.9651737213134766e-01 6.6084885597229004e-01</leafValues></_>
        <_>
          <internalNodes>
            0 -1 191 2.5018234737217426e-04</internalNodes>
          <leafValues>
            5.3618586063385010e-01 -4.1396680474281311e-01</leafValues></_>
        <_>
          <internalNodes>
            0 -1 112 -3.5576879978179932e-02</internalNodes>
          <leafValues>
            7.2587567567825317e-01 -3.5331532359123230e-01</leafValues></_></weakClassifiers></_>
    <!-- stage 19 -->
    <_>
      <maxWeakCount>9</maxWeakCount>
      <stageThreshold>-9.3669658899307251e-01</stageThreshold>
      <weakClassifiers>
        <_>
          <internalNodes>
            0 -1 184 -5.2044838666915894e-02</internalNodes>
          <leafValues>
            -7.1428573131561279e-01 5.3784859180450439e-01</leafValues></_>
        <_>
          <internalNodes>
            0 -1 95 1.3588080037152395e-05</internalNodes>
          <leafValues>
            -3.7031331658363342e-01 4.9928313493728638e-01</leafValues></_>
        <_>
          <internalNodes>
            0 -1 104 3.4818367566913366e-03</internalNodes>
          <leafValues>
            -2.2122254967689514e-01 7.8888386487960815e-01</leafValues></_>
        <_>
          <internalNodes>
            0 -1 151 3.8166739046573639e-02</internalNodes>
          <leafValues>
            -2.8427195549011230e-01 6.9889527559280396e-01</leafValues></_>
        <_>
          <internalNodes>
            0 -1 27 -1.1112799867987633e-02</internalNodes>
          <leafValues>
            7.7856111526489258e-01 -2.1902453899383545e-01</leafValues></_>
        <_>
          <internalNodes>
            0 -1 58 -1.8063016468659043e-03</internalNodes>
          <leafValues>
            5.3202092647552490e-01 -4.3982157111167908e-01</leafValues></_>
        <_>
          <internalNodes>
            0 -1 79 -2.3597776889801025e-03</internalNodes>
          <leafValues>
            8.8272088766098022e-01 -2.1767777204513550e-01</leafValues></_>
        <_>
          <internalNodes>
            0 -1 180 -5.2148988470435143e-03</internalNodes>
          <leafValues>
            8.9590120315551758e-01 -1.7695224285125732e-01</leafValues></_>
        <_>
          <internalNodes>
            0 -1 99 -1.3867458328604698e-03</internalNodes>
          <leafValues>
            -3.8446000218391418e-01 4.5473876595497131e-01</leafValues></_></weakClassifiers></_></stages>
  <features>
    <_>
      <rects>
        <_>
          0 0 20 12 -1.</_>
        <_>
          0 0 10 6 2.</_>
        <_>
          10 6 10 6 2.</_></rects>
      <tilted>0</tilted></_>
    <_>
      <rects>
        <_>
          0 1 14 4 -1.</_>
        <_>
          0 1 7 2 2.</_>
        <_>
          7 3 7 2 2.</_></rects>
      <tilted>0</tilted></_>
    <_>
      <rects>
        <_>
          0 2 1 2 -1.</_>
        <_>
          0 3 1 1 2.</_></rects>
      <tilted>0</tilted></_>
    <_>
      <rects>
        <_>
          0 2 24 3 -1.</_>
        <_>
          8 2 8 3 3.</_></rects>
      <tilted>0</tilted></_>
    <_>
      <rects>
        <_>
          0 3 3 6 -1.</_>
        <_>
          0 5 3 2 3.</_></rects>
      <tilted>0</tilted></_>
    <_>
      <rects>
        <_>
          0 3 24 3 -1.</_>
        <_>
          8 3 8 3 3.</_></rects>
      <tilted>0</tilted></_>
    <_>
      <rects>
        <_>
          0 4 2 1 -1.</_>
        <_>
          1 4 1 1 2.</_></rects>
      <tilted>0</tilted></_>
    <_>
      <rects>
        <_>
          0 4 1 6 -1.</_>
        <_>
          0 7 1 3 2.</_></rects>
      <tilted>0</tilted></_>
    <_>
      <rects>
        <_>
          0 4 14 1 -1.</_>
        <_>
          7 4 7 1 2.</_></rects>
      <tilted>0</tilted></_>
    <_>
      <rects>
        <_>
          0 5 18 8 -1.</_>
        <_>
          6 5 6 8 3.</_></rects>
      <tilted>0</tilted></_>
    <_>
      <rects>
        <_>
          0 8 15 3 -1.</_>
        <_>
          5 8 5 3 3.</_></rects>
      <tilted>0</tilted></_>
    <_>
      <rects>
        <_>
          0 10 15 1 -1.</_>
        <_>
          5 10 5 1 3.</_></rects>
      <tilted>0</tilted></_>
    <_>
      <rects>
        <_>
          0 14 15 5 -1.</_>
        <_>
          5 14 5 5 3.</_></rects>
      <tilted>0</tilted></_>
    <_>
      <rects>
        <_>
          0 16 6 6 -1.</_>
        <_>
          0 16 3 3 2.</_>
        <_>
          3 19 3 3 2.</_></rects>
      <tilted>0</tilted></_>
    <_>
      <rects>
        <_>
          0 18 3 3 -1.</_>
        <_>
          0 19 3 1 3.</_></rects>
      <tilted>0</tilted></_>
    <_>
      <rects>
        <_>
          0 19 3 4 -1.</_>
        <_>
          0 21 3 2 2.</_></rects>
      <tilted>0</tilted></_>
    <_>
      <rects>
        <_>
          0 20 24 1 -1.</_>
        <_>
          12 20 12 1 2.</_></rects>
      <tilted>0</tilted></_>
    <_>
      <rects>
        <_>
          1 0 2 6 -1.</_>
        <_>
          1 2 2 2 3.</_></rects>
      <tilted>0</tilted></_>
    <_>
      <rects>
        <_>
          1 0 6 2 -1.</_>
        <_>
          1 1 6 1 2.</_></rects>
      <tilted>0</tilted></_>
    <_>
      <rects>
        <_>
          1 5 15 3 -1.</_>
        <_>
          6 5 5 3 3.</_></rects>
      <tilted>0</tilted></_>
    <_>
      <rects>
        <_>
          1 6 15 10 -1.</_>
        <_>
          6 6 5 10 3.</_></rects>
      <tilted>0</tilted></_>
    <_>
      <rects>
        <_>
          1 6 12 11 -1.</_>
        <_>
          7 6 6 11 2.</_></rects>
      <tilted>0</tilted></_>
    <_>
      <rects>
        <_>
          1 9 2 13 -1.</_>
        <_>
          2 9 1 13 2.</_></rects>
      <tilted>0</tilted></_>
    <_>
      <rects>
        <_>
          1 11 18 2 -1.</_>
        <_>
          7 11 6 2 3.</_></rects>
      <tilted>0</tilted></_>
    <_>
      <rects>
        <_>
          1 19 18 4 -1.</_>
        <_>
          7 19 6 4 3.</_></rects>
      <tilted>0</tilted></_>
    <_>
      <rects>
        <_>
          2 2 21 3 -1.</_>
        <_>
          9 2 7 3 3.</_></rects>
      <tilted>0</tilted></_>
    <_>
      <rects>
        <_>
          2 11 6 6 -1.</_>
        <_>
          4 11 2 6 3.</_></rects>
      <tilted>0</tilted></_>
    <_>
      <rects>
        <_>
          2 11 6 7 -1.</_>
        <_>
          4 11 2 7 3.</_></rects>
      <tilted>0</tilted></_>
    <_>
      <rects>
        <_>
          2 16 8 6 -1.</_>
        <_>
          2 16 4 3 2.</_>
        <_>
          6 19 4 3 2.</_></rects>
      <tilted>0</tilted></_>
    <_>
      <rects>
        <_>
          2 21 3 2 -1.</_>
        <_>
          2 22 3 1 2.</_></rects>
      <tilted>0</tilted></_>
    <_>
      <rects>
        <_>
          3 2 3 19 -1.</_>
        <_>
          4 2 1 19 3.</_></rects>
      <tilted>0</tilted></_>
    <_>
      <rects>
        <_>
          3 3 10 1 -1.</_>
        <_>
          8 3 5 1 2.</_></rects>
      <tilted>0</tilted></_>
    <_>
      <rects>
        <_>
          3 4 15 1 -1.</_>
        <_>
          8 4 5 1 3.</_></rects>
      <tilted>0</tilted></_>
    <_>
      <rects>
        <_>
          3 9 6 4 -1.</_>
        <_>
          3 9 3 2 2.</_>
        <_>
          6 11 3 2 2.</_></rects>
      <tilted>0</tilted></_>
    <_>
      <rects>
        <_>
          3 12 6 5 -1.</_>
        <_>
          6 12 3 5 2.</_></rects>
      <tilted>0</tilted></_>
    <_>
      <rects>
        <_>
          3 14 12 8 -1.</_>
        <_>
          3 14 6 4 2.</_>
        <_>
          9 18 6 4 2.</_></rects>
      <tilted>0</tilted></_>
    <_>
      <rects>
        <_>
          3 16 6 4 -1.</_>
        <_>
          5 16 2 4 3.</_></rects>
      <tilted>0</tilted></_>
    <_>
      <rects>
        <_>
          3 17 2 1 -1.</_>
        <_>
          4 17 1 1 2.</_></rects>
      <tilted>0</tilted></_>
    <_>
      <rects>
        <_>
          3 20 8 4 -1.</_>
        <_>
          3 20 4 2 2.</_>
        <_>
          7 22 4 2 2.</_></rects>
      <tilted>0</tilted></_>
    <_>
      <rects>
        <_>
          3 21 8 2 -1.</_>
        <_>
          3 21 4 1 2.</_>
        <_>
          7 22 4 1 2.</_></rects>
      <tilted>0</tilted></_>
    <_>
      <rects>
        <_>
          3 21 10 2 -1.</_>
        <_>
          3 21 5 1 2.</_>
        <_>
          8 22 5 1 2.</_></rects>
      <tilted>0</tilted></_>
    <_>
      <rects>
        <_>
          4 0 3 19 -1.</_>
        <_>
          5 0 1 19 3.</_></rects>
      <tilted>0</tilted></_>
    <_>
      <rects>
        <_>
          4 0 16 6 -1.</_>
        <_>
          4 3 16 3 2.</_></rects>
      <tilted>0</tilted></_>
    <_>
      <rects>
        <_>
          4 3 6 4 -1.</_>
        <_>
          4 3 3 2 2.</_>
        <_>
          7 5 3 2 2.</_></rects>
      <tilted>0</tilted></_>
    <_>
      <rects>
        <_>
          4 10 4 10 -1.</_>
        <_>
          4 10 2 5 2.</_>
        <_>
          6 15 2 5 2.</_></rects>
      <tilted>0</tilted></_>
    <_>
      <rects>
        <_>
          4 12 6 6 -1.</_>
        <_>
          4 12 3 3 2.</_>
        <_>
          7 15 3 3 2.</_></rects>
      <tilted>0</tilted></_>
    <_>
      <rects>
        <_>
          4 13 10 6 -1.</_>
        <_>
          4 15 10 2 3.</_></rects>
      <tilted>0</tilted></_>
    <_>
      <rects>
        <_>
          4 13 20 3 -1.</_>
        <_>
          4 14 20 1 3.</_></rects>
      <tilted>0</tilted></_>
    <_>
      <rects>
        <_>
          4 14 2 6 -1.</_>
        <_>
          4 16 2 2 3.</_></rects>
      <tilted>0</tilted></_>
    <_>
      <rects>
        <_>
          4 15 6 2 -1.</_>
        <_>
          4 15 3 1 2.</_>
        <_>
          7 16 3 1 2.</_></rects>
      <tilted>0</tilted></_>
    <_>
      <rects>
        <_>
          4 16 2 5 -1.</_>
        <_>
          5 16 1 5 2.</_></rects>
      <tilted>0</tilted></_>
    <_>
      <rects>
        <_>
          4 20 6 4 -1.</_>
        <_>
          4 20 3 2 2.</_>
        <_>
          7 22 3 2 2.</_></rects>
      <tilted>0</tilted></_>
    <_>
      <rects>
        <_>
          4 20 9 3 -1.</_>
        <_>
          7 20 3 3 3.</_></rects>
      <tilted>0</tilted></_>
    <_>
      <rects>
        <_>
          5 1 4 6 -1.</_>
        <_>
          5 1 2 3 2.</_>
        <_>
          7 4 2 3 2.</_></rects>
      <tilted>0</tilted></_>
    <_>
      <rects>
        <_>
          5 1 3 15 -1.</_>
        <_>
          5 6 3 5 3.</_></rects>
      <tilted>0</tilted></_>
    <_>
      <rects>
        <_>
          5 1 7 4 -1.</_>
        <_>
          5 3 7 2 2.</_></rects>
      <tilted>0</tilted></_>
    <_>
      <rects>
        <_>
          5 3 2 2 -1.</_>
        <_>
          5 3 1 1 2.</_>
        <_>
          6 4 1 1 2.</_></rects>
      <tilted>0</tilted></_>
    <_>
      <rects>
        <_>
          5 3 4 4 -1.</_>
        <_>
          5 3 2 2 2.</_>
        <_>
          7 5 2 2 2.</_></rects>
      <tilted>0</tilted></_>
    <_>
      <rects>
        <_>
          5 3 3 4 -1.</_>
        <_>
          5 5 3 2 2.</_></rects>
      <tilted>0</tilted></_>
    <_>
      <rects>
        <_>
          5 3 6 8 -1.</_>
        <_>
          5 3 3 4 2.</_>
        <_>
          8 7 3 4 2.</_></rects>
      <tilted>0</tilted></_>
    <_>
      <rects>
        <_>
          5 12 9 1 -1.</_>
        <_>
          8 12 3 1 3.</_></rects>
      <tilted>0</tilted></_>
    <_>
      <rects>
        <_>
          5 13 1 6 -1.</_>
        <_>
          5 15 1 2 3.</_></rects>
      <tilted>0</tilted></_>
    <_>
      <rects>
        <_>
          5 13 2 6 -1.</_>
        <_>
          5 13 1 3 2.</_>
        <_>
          6 16 1 3 2.</_></rects>
      <tilted>0</tilted></_>
    <_>
      <rects>
        <_>
          5 13 13 6 -1.</_>
        <_>
          5 15 13 2 3.</_></rects>
      <tilted>0</tilted></_>
    <_>
      <rects>
        <_>
          5 17 2 2 -1.</_>
        <_>
          5 17 1 1 2.</_>
        <_>
          6 18 1 1 2.</_></rects>
      <tilted>0</tilted></_>
    <_>
      <rects>
        <_>
          6 0 5 6 -1.</_>
        <_>
          6 3 5 3 2.</_></rects>
      <tilted>0</tilted></_>
    <_>
      <rects>
        <_>
          6 0 14 14 -1.</_>
        <_>
          6 0 7 7 2.</_>
        <_>
          13 7 7 7 2.</_></rects>
      <tilted>0</tilted></_>
    <_>
      <rects>
        <_>
          6 0 8 12 -1.</_>
        <_>
          6 4 8 4 3.</_></rects>
      <tilted>0</tilted></_>
    <_>
      <rects>
        <_>
          6 1 11 9 -1.</_>
        <_>
          6 4 11 3 3.</_></rects>
      <tilted>0</tilted></_>
    <_>
      <rects>
        <_>
          6 2 6 4 -1.</_>
        <_>
          6 2 3 2 2.</_>
        <_>
          9 4 3 2 2.</_></rects>
      <tilted>0</tilted></_>
    <_>
      <rects>
        <_>
          6 2 8 2 -1.</_>
        <_>
          6 2 4 1 2.</_>
        <_>
          10 3 4 1 2.</_></rects>
      <tilted>0</tilted></_>
    <_>
      <rects>
        <_>
          6 9 6 8 -1.</_>
        <_>
          8 9 2 8 3.</_></rects>
      <tilted>0</tilted></_>
    <_>
      <rects>
        <_>
          6 12 9 4 -1.</_>
        <_>
          6 14 9 2 2.</_></rects>
      <tilted>0</tilted></_>
    <_>
      <rects>
        <_>
          6 15 3 6 -1.</_>
        <_>
          6 17 3 2 3.</_></rects>
      <tilted>0</tilted></_>
    <_>
      <rects>
        <_>
          6 18 4 4 -1.</_>
        <_>
          6 18 2 2 2.</_>
        <_>
          8 20 2 2 2.</_></rects>
      <tilted>0</tilted></_>
    <_>
      <rects>
        <_>
          6 20 4 2 -1.</_>
        <_>
          6 20 2 1 2.</_>
        <_>
          8 21 2 1 2.</_></rects>
      <tilted>0</tilted></_>
    <_>
      <rects>
        <_>
          7 0 2 15 -1.</_>
        <_>
          7 5 2 5 3.</_></rects>
      <tilted>0</tilted></_>
    <_>
      <rects>
        <_>
          7 0 3 12 -1.</_>
        <_>
          7 4 3 4 3.</_></rects>
      <tilted>0</tilted></_>
    <_>
      <rects>
        <_>
          7 0 4 9 -1.</_>
        <_>
          7 3 4 3 3.</_></rects>
      <tilted>0</tilted></_>
    <_>
      <rects>
        <_>
          7 0 8 3 -1.</_>
        <_>
          7 1 8 1 3.</_></rects>
      <tilted>0</tilted></_>
    <_>
      <rects>
        <_>
          7 1 16 12 -1.</_>
        <_>
          7 1 8 6 2.</_>
        <_>
          15 7 8 6 2.</_></rects>
      <tilted>0</tilted></_>
    <_>
      <rects>
        <_>
          7 2 6 1 -1.</_>
        <_>
          10 2 3 1 2.</_></rects>
      <tilted>0</tilted></_>
    <_>
      <rects>
        <_>
          7 3 6 14 -1.</_>
        <_>
          7 10 6 7 2.</_></rects>
      <tilted>0</tilted></_>
    <_>
      <rects>
        <_>
          7 4 10 20 -1.</_>
        <_>
          7 14 10 10 2.</_></rects>
      <tilted>0</tilted></_>
    <_>
      <rects>
        <_>
          7 5 8 10 -1.</_>
        <_>
          7 5 4 5 2.</_>
        <_>
          11 10 4 5 2.</_></rects>
      <tilted>0</tilted></_>
    <_>
      <rects>
        <_>
          7 6 11 12 -1.</_>
        <_>
          7 12 11 6 2.</_></rects>
      <tilted>0</tilted></_>
    <_>
      <rects>
        <_>
          7 13 12 6 -1.</_>
        <_>
          13 13 6 6 2.</_></rects>
      <tilted>0</tilted></_>
    <_>
      <rects>
        <_>
          7 14 4 6 -1.</_>
        <_>
          7 16 4 2 3.</_></rects>
      <tilted>0</tilted></_>
    <_>
      <rects>
        <_>
          7 14 10 9 -1.</_>
        <_>
          7 17 10 3 3.</_></rects>
      <tilted>0</tilted></_>
    <_>
      <rects>
        <_>
          7 15 2 2 -1.</_>
        <_>
          7 15 1 1 2.</_>
        <_>
          8 16 1 1 2.</_></rects>
      <tilted>0</tilted></_>
    <_>
      <rects>
        <_>
          7 16 12 8 -1.</_>
        <_>
          7 16 6 4 2.</_>
        <_>
          13 20 6 4 2.</_></rects>
      <tilted>0</tilted></_>
    <_>
      <rects>
        <_>
          7 18 3 3 -1.</_>
        <_>
          8 18 1 3 3.</_></rects>
      <tilted>0</tilted></_>
    <_>
      <rects>
        <_>
          8 0 7 9 -1.</_>
        <_>
          8 3 7 3 3.</_></rects>
      <tilted>0</tilted></_>
    <_>
      <rects>
        <_>
          8 1 6 21 -1.</_>
        <_>
          10 1 2 21 3.</_></rects>
      <tilted>0</tilted></_>
    <_>
      <rects>
        <_>
          8 1 8 7 -1.</_>
        <_>
          12 1 4 7 2.</_></rects>
      <tilted>0</tilted></_>
    <_>
      <rects>
        <_>
          8 4 2 2 -1.</_>
        <_>
          8 4 1 1 2.</_>
        <_>
          9 5 1 1 2.</_></rects>
      <tilted>0</tilted></_>
    <_>
      <rects>
        <_>
          8 6 10 12 -1.</_>
        <_>
          8 10 10 4 3.</_></rects>
      <tilted>0</tilted></_>
    <_>
      <rects>
        <_>
          8 12 9 6 -1.</_>
        <_>
          11 12 3 6 3.</_></rects>
      <tilted>0</tilted></_>
    <_>
      <rects>
        <_>
          8 12 10 6 -1.</_>
        <_>
          8 14 10 2 3.</_></rects>
      <tilted>0</tilted></_>
    <_>
      <rects>
        <_>
          8 15 4 8 -1.</_>
        <_>
          8 15 2 4 2.</_>
        <_>
          10 19 2 4 2.</_></rects>
      <tilted>0</tilted></_>
    <_>
      <rects>
        <_>
          8 17 3 4 -1.</_>
        <_>
          9 17 1 4 3.</_></rects>
      <tilted>0</tilted></_>
    <_>
      <rects>
        <_>
          8 19 6 4 -1.</_>
        <_>
          11 19 3 4 2.</_></rects>
      <tilted>0</tilted></_>
    <_>
      <rects>
        <_>
          8 20 8 4 -1.</_>
        <_>
          8 20 4 2 2.</_>
        <_>
          12 22 4 2 2.</_></rects>
      <tilted>0</tilted></_>
    <_>
      <rects>
        <_>
          8 20 7 3 -1.</_>
        <_>
          8 21 7 1 3.</_></rects>
      <tilted>0</tilted></_>
    <_>
      <rects>
        <_>
          8 21 6 2 -1.</_>
        <_>
          8 22 6 1 2.</_></rects>
      <tilted>0</tilted></_>
    <_>
      <rects>
        <_>
          8 23 3 1 -1.</_>
        <_>
          9 23 1 1 3.</_></rects>
      <tilted>0</tilted></_>
    <_>
      <rects>
        <_>
          9 0 9 4 -1.</_>
        <_>
          9 2 9 2 2.</_></rects>
      <tilted>0</tilted></_>
    <_>
      <rects>
        <_>
          9 0 13 20 -1.</_>
        <_>
          9 10 13 10 2.</_></rects>
      <tilted>0</tilted></_>
    <_>
      <rects>
        <_>
          9 1 2 4 -1.</_>
        <_>
          9 3 2 2 2.</_></rects>
      <tilted>0</tilted></_>
    <_>
      <rects>
        <_>
          9 3 3 7 -1.</_>
        <_>
          10 3 1 7 3.</_></rects>
      <tilted>0</tilted></_>
    <_>
      <rects>
        <_>
          9 10 1 2 -1.</_>
        <_>
          9 11 1 1 2.</_></rects>
      <tilted>0</tilted></_>
    <_>
      <rects>
        <_>
          9 11 7 3 -1.</_>
        <_>
          9 12 7 1 3.</_></rects>
      <tilted>0</tilted></_>
    <_>
      <rects>
        <_>
          9 16 10 5 -1.</_>
        <_>
          14 16 5 5 2.</_></rects>
      <tilted>0</tilted></_>
    <_>
      <rects>
        <_>
          10 0 1 9 -1.</_>
        <_>
          10 3 1 3 3.</_></rects>
      <tilted>0</tilted></_>
    <_>
      <rects>
        <_>
          10 2 2 10 -1.</_>
        <_>
          10 7 2 5 2.</_></rects>
      <tilted>0</tilted></_>
    <_>
      <rects>
        <_>
          10 3 8 4 -1.</_>
        <_>
          10 3 4 2 2.</_>
        <_>
          14 5 4 2 2.</_></rects>
      <tilted>0</tilted></_>
    <_>
      <rects>
        <_>
          10 5 1 9 -1.</_>
        <_>
          10 8 1 3 3.</_></rects>
      <tilted>0</tilted></_>
    <_>
      <rects>
        <_>
          10 12 5 9 -1.</_>
        <_>
          10 15 5 3 3.</_></rects>
      <tilted>0</tilted></_>
    <_>
      <rects>
        <_>
          10 21 6 2 -1.</_>
        <_>
          10 21 3 1 2.</_>
        <_>
          13 22 3 1 2.</_></rects>
      <tilted>0</tilted></_>
    <_>
      <rects>
        <_>
          11 0 2 24 -1.</_>
        <_>
          11 12 2 12 2.</_></rects>
      <tilted>0</tilted></_>
    <_>
      <rects>
        <_>
          11 0 5 9 -1.</_>
        <_>
          11 3 5 3 3.</_></rects>
      <tilted>0</tilted></_>
    <_>
      <rects>
        <_>
          11 3 3 7 -1.</_>
        <_>
          12 3 1 7 3.</_></rects>
      <tilted>0</tilted></_>
    <_>
      <rects>
        <_>
          11 4 3 9 -1.</_>
        <_>
          12 4 1 9 3.</_></rects>
      <tilted>0</tilted></_>
    <_>
      <rects>
        <_>
          11 6 8 12 -1.</_>
        <_>
          11 12 8 6 2.</_></rects>
      <tilted>0</tilted></_>
    <_>
      <rects>
        <_>
          11 9 6 2 -1.</_>
        <_>
          13 9 2 2 3.</_></rects>
      <tilted>0</tilted></_>
    <_>
      <rects>
        <_>
          11 9 12 1 -1.</_>
        <_>
          15 9 4 1 3.</_></rects>
      <tilted>0</tilted></_>
    <_>
      <rects>
        <_>
          11 10 5 12 -1.</_>
        <_>
          11 14 5 4 3.</_></rects>
      <tilted>0</tilted></_>
    <_>
      <rects>
        <_>
          11 14 1 2 -1.</_>
        <_>
          11 15 1 1 2.</_></rects>
      <tilted>0</tilted></_>
    <_>
      <rects>
        <_>
          12 0 1 6 -1.</_>
        <_>
          12 2 1 2 3.</_></rects>
      <tilted>0</tilted></_>
    <_>
      <rects>
        <_>
          12 0 2 9 -1.</_>
        <_>
          12 3 2 3 3.</_></rects>
      <tilted>0</tilted></_>
    <_>
      <rects>
        <_>
          12 2 8 2 -1.</_>
        <_>
          12 3 8 1 2.</_></rects>
      <tilted>0</tilted></_>
    <_>
      <rects>
        <_>
          12 5 2 6 -1.</_>
        <_>
          12 5 1 3 2.</_>
        <_>
          13 8 1 3 2.</_></rects>
      <tilted>0</tilted></_>
    <_>
      <rects>
        <_>
          12 7 3 3 -1.</_>
        <_>
          13 7 1 3 3.</_></rects>
      <tilted>0</tilted></_>
    <_>
      <rects>
        <_>
          12 8 12 5 -1.</_>
        <_>
          16 8 4 5 3.</_></rects>
      <tilted>0</tilted></_>
    <_>
      <rects>
        <_>
          12 9 9 15 -1.</_>
        <_>
          15 9 3 15 3.</_></rects>
      <tilted>0</tilted></_>
    <_>
      <rects>
        <_>
          13 2 4 2 -1.</_>
        <_>
          13 2 2 1 2.</_>
        <_>
          15 3 2 1 2.</_></rects>
      <tilted>0</tilted></_>
    <_>
      <rects>
        <_>
          13 4 3 17 -1.</_>
        <_>
          14 4 1 17 3.</_></rects>
      <tilted>0</tilted></_>
    <_>
      <rects>
        <_>
          13 6 3 5 -1.</_>
        <_>
          14 6 1 5 3.</_></rects>
      <tilted>0</tilted></_>
    <_>
      <rects>
        <_>
          13 7 4 4 -1.</_>
        <_>
          15 7 2 4 2.</_></rects>
      <tilted>0</tilted></_>
    <_>
      <rects>
        <_>
          13 11 5 9 -1.</_>
        <_>
          13 14 5 3 3.</_></rects>
      <tilted>0</tilted></_>
    <_>
      <rects>
        <_>
          13 12 3 3 -1.</_>
        <_>
          13 13 3 1 3.</_></rects>
      <tilted>0</tilted></_>
    <_>
      <rects>
        <_>
          13 12 7 4 -1.</_>
        <_>
          13 14 7 2 2.</_></rects>
      <tilted>0</tilted></_>
    <_>
      <rects>
        <_>
          13 14 1 3 -1.</_>
        <_>
          13 15 1 1 3.</_></rects>
      <tilted>0</tilted></_>
    <_>
      <rects>
        <_>
          13 16 6 6 -1.</_>
        <_>
          13 16 3 3 2.</_>
        <_>
          16 19 3 3 2.</_></rects>
      <tilted>0</tilted></_>
    <_>
      <rects>
        <_>
          13 20 1 4 -1.</_>
        <_>
          13 22 1 2 2.</_></rects>
      <tilted>0</tilted></_>
    <_>
      <rects>
        <_>
          14 0 4 4 -1.</_>
        <_>
          14 0 2 2 2.</_>
        <_>
          16 2 2 2 2.</_></rects>
      <tilted>0</tilted></_>
    <_>
      <rects>
        <_>
          14 0 2 24 -1.</_>
        <_>
          14 12 2 12 2.</_></rects>
      <tilted>0</tilted></_>
    <_>
      <rects>
        <_>
          14 3 7 2 -1.</_>
        <_>
          14 4 7 1 2.</_></rects>
      <tilted>0</tilted></_>
    <_>
      <rects>
        <_>
          14 4 2 9 -1.</_>
        <_>
          15 4 1 9 2.</_></rects>
      <tilted>0</tilted></_>
    <_>
      <rects>
        <_>
          14 6 2 5 -1.</_>
        <_>
          15 6 1 5 2.</_></rects>
      <tilted>0</tilted></_>
    <_>
      <rects>
        <_>
          14 6 2 8 -1.</_>
        <_>
          15 6 1 8 2.</_></rects>
      <tilted>0</tilted></_>
    <_>
      <rects>
        <_>
          14 6 4 14 -1.</_>
        <_>
          14 13 4 7 2.</_></rects>
      <tilted>0</tilted></_>
    <_>
      <rects>
        <_>
          14 8 2 2 -1.</_>
        <_>
          15 8 1 2 2.</_></rects>
      <tilted>0</tilted></_>
    <_>
      <rects>
        <_>
          14 9 2 1 -1.</_>
        <_>
          15 9 1 1 2.</_></rects>
      <tilted>0</tilted></_>
    <_>
      <rects>
        <_>
          14 10 4 2 -1.</_>
        <_>
          16 10 2 2 2.</_></rects>
      <tilted>0</tilted></_>
    <_>
      <rects>
        <_>
          14 13 4 6 -1.</_>
        <_>
          14 13 2 3 2.</_>
        <_>
          16 16 2 3 2.</_></rects>
      <tilted>0</tilted></_>
    <_>
      <rects>
        <_>
          14 15 9 2 -1.</_>
        <_>
          17 15 3 2 3.</_></rects>
      <tilted>0</tilted></_>
    <_>
      <rects>
        <_>
          14 19 4 3 -1.</_>
        <_>
          14 20 4 1 3.</_></rects>
      <tilted>0</tilted></_>
    <_>
      <rects>
        <_>
          14 20 4 2 -1.</_>
        <_>
          14 20 2 1 2.</_>
        <_>
          16 21 2 1 2.</_></rects>
      <tilted>0</tilted></_>
    <_>
      <rects>
        <_>
          14 20 2 4 -1.</_>
        <_>
          14 22 2 2 2.</_></rects>
      <tilted>0</tilted></_>
    <_>
      <rects>
        <_>
          14 21 2 2 -1.</_>
        <_>
          14 22 2 1 2.</_></rects>
      <tilted>0</tilted></_>
    <_>
      <rects>
        <_>
          14 21 3 2 -1.</_>
        <_>
          14 22 3 1 2.</_></rects>
      <tilted>0</tilted></_>
    <_>
      <rects>
        <_>
          14 21 6 2 -1.</_>
        <_>
          14 21 3 1 2.</_>
        <_>
          17 22 3 1 2.</_></rects>
      <tilted>0</tilted></_>
    <_>
      <rects>
        <_>
          15 2 4 2 -1.</_>
        <_>
          15 2 2 1 2.</_>
        <_>
          17 3 2 1 2.</_></rects>
      <tilted>0</tilted></_>
    <_>
      <rects>
        <_>
          15 3 6 19 -1.</_>
        <_>
          17 3 2 19 3.</_></rects>
      <tilted>0</tilted></_>
    <_>
      <rects>
        <_>
          15 8 6 9 -1.</_>
        <_>
          17 8 2 9 3.</_></rects>
      <tilted>0</tilted></_>
    <_>
      <rects>
        <_>
          15 16 2 1 -1.</_>
        <_>
          16 16 1 1 2.</_></rects>
      <tilted>0</tilted></_>
    <_>
      <rects>
        <_>
          15 16 4 1 -1.</_>
        <_>
          17 16 2 1 2.</_></rects>
      <tilted>0</tilted></_>
    <_>
      <rects>
        <_>
          15 16 6 8 -1.</_>
        <_>
          15 20 6 4 2.</_></rects>
      <tilted>0</tilted></_>
    <_>
      <rects>
        <_>
          15 20 4 2 -1.</_>
        <_>
          15 21 4 1 2.</_></rects>
      <tilted>0</tilted></_>
    <_>
      <rects>
        <_>
          15 21 2 2 -1.</_>
        <_>
          15 21 1 1 2.</_>
        <_>
          16 22 1 1 2.</_></rects>
      <tilted>0</tilted></_>
    <_>
      <rects>
        <_>
          16 0 3 4 -1.</_>
        <_>
          17 0 1 4 3.</_></rects>
      <tilted>0</tilted></_>
    <_>
      <rects>
        <_>
          16 0 8 21 -1.</_>
        <_>
          16 7 8 7 3.</_></rects>
      <tilted>0</tilted></_>
    <_>
      <rects>
        <_>
          16 2 7 3 -1.</_>
        <_>
          16 3 7 1 3.</_></rects>
      <tilted>0</tilted></_>
    <_>
      <rects>
        <_>
          16 10 2 10 -1.</_>
        <_>
          16 10 1 5 2.</_>
        <_>
          17 15 1 5 2.</_></rects>
      <tilted>0</tilted></_>
    <_>
      <rects>
        <_>
          16 11 8 4 -1.</_>
        <_>
          16 11 4 2 2.</_>
        <_>
          20 13 4 2 2.</_></rects>
      <tilted>0</tilted></_>
    <_>
      <rects>
        <_>
          16 12 3 2 -1.</_>
        <_>
          16 13 3 1 2.</_></rects>
      <tilted>0</tilted></_>
    <_>
      <rects>
        <_>
          16 13 2 2 -1.</_>
        <_>
          17 13 1 2 2.</_></rects>
      <tilted>0</tilted></_>
    <_>
      <rects>
        <_>
          16 15 3 3 -1.</_>
        <_>
          16 16 3 1 3.</_></rects>
      <tilted>0</tilted></_>
    <_>
      <rects>
        <_>
          17 1 3 10 -1.</_>
        <_>
          18 1 1 10 3.</_></rects>
      <tilted>0</tilted></_>
    <_>
      <rects>
        <_>
          17 9 3 8 -1.</_>
        <_>
          18 9 1 8 3.</_></rects>
      <tilted>0</tilted></_>
    <_>
      <rects>
        <_>
          17 16 2 6 -1.</_>
        <_>
          17 19 2 3 2.</_></rects>
      <tilted>0</tilted></_>
    <_>
      <rects>
        <_>
          18 0 6 10 -1.</_>
        <_>
          18 0 3 5 2.</_>
        <_>
          21 5 3 5 2.</_></rects>
      <tilted>0</tilted></_>
    <_>
      <rects>
        <_>
          18 7 6 8 -1.</_>
        <_>
          18 7 3 4 2.</_>
        <_>
          21 11 3 4 2.</_></rects>
      <tilted>0</tilted></_>
    <_>
      <rects>
        <_>
          18 7 6 12 -1.</_>
        <_>
          18 11 6 4 3.</_></rects>
      <tilted>0</tilted></_>
    <_>
      <rects>
        <_>
          18 11 3 7 -1.</_>
        <_>
          19 11 1 7 3.</_></rects>
      <tilted>0</tilted></_>
    <_>
      <rects>
        <_>
          18 20 5 3 -1.</_>
        <_>
          18 21 5 1 3.</_></rects>
      <tilted>0</tilted></_>
    <_>
      <rects>
        <_>
          19 1 2 8 -1.</_>
        <_>
          19 1 1 4 2.</_>
        <_>
          20 5 1 4 2.</_></rects>
      <tilted>0</tilted></_>
    <_>
      <rects>
        <_>
          19 20 2 1 -1.</_>
        <_>
          20 20 1 1 2.</_></rects>
      <tilted>0</tilted></_>
    <_>
      <rects>
        <_>
          20 0 2 13 -1.</_>
        <_>
          21 0 1 13 2.</_></rects>
      <tilted>0</tilted></_>
    <_>
      <rects>
        <_>
          20 0 3 21 -1.</_>
        <_>
          21 0 1 21 3.</_></rects>
      <tilted>0</tilted></_>
    <_>
      <rects>
        <_>
          21 1 2 6 -1.</_>
        <_>
          21 3 2 2 3.</_></rects>
      <tilted>0</tilted></_>
    <_>
      <rects>
        <_>
          21 12 2 4 -1.</_>
        <_>
          21 12 1 2 2.</_>
        <_>
          22 14 1 2 2.</_></rects>
      <tilted>0</tilted></_>
    <_>
      <rects>
        <_>
          21 15 1 6 -1.</_>
        <_>
          21 17 1 2 3.</_></rects>
      <tilted>0</tilted></_>
    <_>
      <rects>
        <_>
          22 5 2 2 -1.</_>
        <_>
          22 6 2 1 2.</_></rects>
      <tilted>0</tilted></_>
    <_>
      <rects>
        <_>
          22 7 2 8 -1.</_>
        <_>
          22 7 1 4 2.</_>
        <_>
          23 11 1 4 2.</_></rects>
      <tilted>0</tilted></_></features></cascade>
</opencv_storage>
