<?xml version="1.0"?>
<opencv_storage>
<stage13>
  <maxWeakCount>11</maxWeakCount>
  <stageThreshold>-7.6508331298828125e-01</stageThreshold>
  <weakClassifiers>
    <_>
      <internalNodes>
        0 -1 119171 1.8991606775671244e-03</internalNodes>
      <leafValues>
        -2.3076923191547394e-01 5.7894736528396606e-01</leafValues></_>
    <_>
      <internalNodes>
        0 -1 82347 -2.5342809967696667e-03</internalNodes>
      <leafValues>
        7.0037209987640381e-01 -2.0668564736843109e-01</leafValues></_>
    <_>
      <internalNodes>
        0 -1 46672 1.3329110108315945e-02</internalNodes>
      <leafValues>
        -2.8211152553558350e-01 6.3823246955871582e-01</leafValues></_>
    <_>
      <internalNodes>
        0 -1 133889 4.4799447059631348e-03</internalNodes>
      <leafValues>
        -3.8456976413726807e-01 4.2364943027496338e-01</leafValues></_>
    <_>
      <internalNodes>
        0 -1 129026 2.2167381830513477e-03</internalNodes>
      <leafValues>
        -1.8265455961227417e-01 9.0575259923934937e-01</leafValues></_>
    <_>
      <internalNodes>
        0 -1 160827 2.4820776889100671e-04</internalNodes>
      <leafValues>
        3.8574472069740295e-01 -4.5068767666816711e-01</leafValues></_>
    <_>
      <internalNodes>
        0 -1 39873 6.9775911979377270e-03</internalNodes>
      <leafValues>
        -1.9283181428909302e-01 7.9471683502197266e-01</leafValues></_>
    <_>
      <internalNodes>
        0 -1 139170 -2.2822939790785313e-03</internalNodes>
      <leafValues>
        7.8126209974288940e-01 -1.9684319198131561e-01</leafValues></_>
    <_>
      <internalNodes>
        0 -1 140076 -1.4042066177353263e-03</internalNodes>
      <leafValues>
        7.6856195926666260e-01 -2.0320303738117218e-01</leafValues></_>
    <_>
      <internalNodes>
        0 -1 104635 -9.3558555818162858e-05</internalNodes>
      <leafValues>
        -3.2677227258682251e-01 4.7453811764717102e-01</leafValues></_>
    <_>
      <internalNodes>
        0 -1 161656 -2.3316247388720512e-03</internalNodes>
      <leafValues>
        -6.8830674886703491e-01 2.5430262088775635e-01</leafValues></_></weakClassifiers></stage13>
</opencv_storage>
