<?xml version="1.0"?>
<opencv_storage>
<cascade>
  <stageType>BOOST</stageType>
  <featureType>HAAR</featureType>
  <height>24</height>
  <width>24</width>
  <stageParams>
    <boostType>GAB</boostType>
    <minHitRate>9.9500000476837158e-01</minHitRate>
    <maxFalseAlarm>5.0000000000000000e-01</maxFalseAlarm>
    <weightTrimRate>9.4999999999999996e-01</weightTrimRate>
    <maxDepth>1</maxDepth>
    <maxWeakCount>100</maxWeakCount></stageParams>
  <featureParams>
    <maxCatCount>0</maxCatCount>
    <featSize>1</featSize>
    <mode>BASIC</mode></featureParams>
  <stageNum>20</stageNum>
  <stages>
    <!-- stage 0 -->
    <_>
      <maxWeakCount>7</maxWeakCount>
      <stageThreshold>-7.8399193286895752e-01</stageThreshold>
      <weakClassifiers>
        <_>
          <internalNodes>
            0 -1 96 3.5885259509086609e-02</internalNodes>
          <leafValues>
            -2.8985506296157837e-01 8.6419755220413208e-01</leafValues></_>
        <_>
          <internalNodes>
            0 -1 184 -3.9412289857864380e-02</internalNodes>
          <leafValues>
            7.2085076570510864e-01 -3.1675416231155396e-01</leafValues></_>
        <_>
          <internalNodes>
            0 -1 182 8.5722783114761114e-04</internalNodes>
          <leafValues>
            -3.1170234084129333e-01 7.6652324199676514e-01</leafValues></_>
        <_>
          <internalNodes>
            0 -1 92 -1.5261374413967133e-02</internalNodes>
          <leafValues>
            6.5999245643615723e-01 -3.9574617147445679e-01</leafValues></_>
        <_>
          <internalNodes>
            0 -1 134 -3.0141223687678576e-03</internalNodes>
          <leafValues>
            -9.5791125297546387e-01 2.8207740187644958e-01</leafValues></_>
        <_>
          <internalNodes>
            0 -1 53 6.0743093490600586e-03</internalNodes>
          <leafValues>
            -3.7199518084526062e-01 7.6322662830352783e-01</leafValues></_>
        <_>
          <internalNodes>
            0 -1 119 -6.0923849232494831e-03</internalNodes>
          <leafValues>
            6.1998361349105835e-01 -3.7529623508453369e-01</leafValues></_></weakClassifiers></_>
    <!-- stage 1 -->
    <_>
      <maxWeakCount>9</maxWeakCount>
      <stageThreshold>-9.4828778505325317e-01</stageThreshold>
      <weakClassifiers>
        <_>
          <internalNodes>
            0 -1 92 -1.3194853439927101e-02</internalNodes>
          <leafValues>
            7.9008746147155762e-01 -2.7626457810401917e-01</leafValues></_>
        <_>
          <internalNodes>
            0 -1 180 4.9187969416379929e-03</internalNodes>
          <leafValues>
            -2.5231599807739258e-01 7.8709995746612549e-01</leafValues></_>
        <_>
          <internalNodes>
            0 -1 114 -2.0257456228137016e-02</internalNodes>
          <leafValues>
            5.6896406412124634e-01 -3.8839030265808105e-01</leafValues></_>
        <_>
          <internalNodes>
            0 -1 40 3.0552145093679428e-02</internalNodes>
          <leafValues>
            -3.3069089055061340e-01 6.5080261230468750e-01</leafValues></_>
        <_>
          <internalNodes>
            0 -1 181 1.5333816409111023e-03</internalNodes>
          <leafValues>
            -2.0414303243160248e-01 7.1500724554061890e-01</leafValues></_>
        <_>
          <internalNodes>
            0 -1 145 -1.7313563730567694e-03</internalNodes>
          <leafValues>
            5.8335471153259277e-01 -2.9060566425323486e-01</leafValues></_>
        <_>
          <internalNodes>
            0 -1 20 -1.5565802343189716e-02</internalNodes>
          <leafValues>
            7.2943389415740967e-01 -2.6806616783142090e-01</leafValues></_>
        <_>
          <internalNodes>
            0 -1 73 -4.6278662048280239e-03</internalNodes>
          <leafValues>
            5.4589766263961792e-01 -3.0156284570693970e-01</leafValues></_>
        <_>
          <internalNodes>
            0 -1 139 -1.1710937542375177e-04</internalNodes>
          <leafValues>
            5.1629114151000977e-01 -3.5232970118522644e-01</leafValues></_></weakClassifiers></_>
    <!-- stage 2 -->
    <_>
      <maxWeakCount>9</maxWeakCount>
      <stageThreshold>-5.3253841400146484e-01</stageThreshold>
      <weakClassifiers>
        <_>
          <internalNodes>
            0 -1 5 -1.0461034253239632e-02</internalNodes>
          <leafValues>
            7.2173911333084106e-01 -1.9215686619281769e-01</leafValues></_>
        <_>
          <internalNodes>
            0 -1 130 2.4051280692219734e-02</internalNodes>
          <leafValues>
            -2.5872603058815002e-01 7.5335544347763062e-01</leafValues></_>
        <_>
          <internalNodes>
            0 -1 168 -1.8704248359426856e-03</internalNodes>
          <leafValues>
            6.1312043666839600e-01 -2.7405184507369995e-01</leafValues></_>
        <_>
          <internalNodes>
            0 -1 188 -8.4995701909065247e-03</internalNodes>
          <leafValues>
            6.2661397457122803e-01 -2.6713308691978455e-01</leafValues></_>
        <_>
          <internalNodes>
            0 -1 26 -1.4468317851424217e-02</internalNodes>
          <leafValues>
            5.3150999546051025e-01 -2.8691267967224121e-01</leafValues></_>
        <_>
          <internalNodes>
            0 -1 115 -2.5652302429080009e-03</internalNodes>
          <leafValues>
            -7.5645333528518677e-01 2.2105963528156281e-01</leafValues></_>
        <_>
          <internalNodes>
            0 -1 84 7.3837931267917156e-04</internalNodes>
          <leafValues>
            -2.2858063876628876e-01 6.4982563257217407e-01</leafValues></_>
        <_>
          <internalNodes>
            0 -1 87 -1.7338700126856565e-03</internalNodes>
          <leafValues>
            8.2147979736328125e-01 -1.8730019032955170e-01</leafValues></_>
        <_>
          <internalNodes>
            0 -1 133 -6.6850511357188225e-03</internalNodes>
          <leafValues>
            -7.7178490161895752e-01 2.0660650730133057e-01</leafValues></_></weakClassifiers></_>
    <!-- stage 3 -->
    <_>
      <maxWeakCount>9</maxWeakCount>
      <stageThreshold>-5.4137516021728516e-01</stageThreshold>
      <weakClassifiers>
        <_>
          <internalNodes>
            0 -1 15 -9.8839607089757919e-03</internalNodes>
          <leafValues>
            6.4986735582351685e-01 -2.0179371535778046e-01</leafValues></_>
        <_>
          <internalNodes>
            0 -1 17 1.4053244888782501e-01</internalNodes>
          <leafValues>
            -2.3821467161178589e-01 6.4294439554214478e-01</leafValues></_>
        <_>
          <internalNodes>
            0 -1 37 -1.0618777945637703e-02</internalNodes>
          <leafValues>
            6.8617236614227295e-01 -2.0565301179885864e-01</leafValues></_>
        <_>
          <internalNodes>
            0 -1 163 -2.5381981395184994e-03</internalNodes>
          <leafValues>
            4.5982682704925537e-01 -3.9300894737243652e-01</leafValues></_>
        <_>
          <internalNodes>
            0 -1 62 -3.8895763456821442e-02</internalNodes>
          <leafValues>
            4.5950487256050110e-01 -3.3717271685600281e-01</leafValues></_>
        <_>
          <internalNodes>
            0 -1 186 -2.8648891020566225e-03</internalNodes>
          <leafValues>
            4.3070176243782043e-01 -3.2474720478057861e-01</leafValues></_>
        <_>
          <internalNodes>
            0 -1 72 -1.1652316898107529e-02</internalNodes>
          <leafValues>
            8.1675320863723755e-01 -1.1915220320224762e-01</leafValues></_>
        <_>
          <internalNodes>
            0 -1 159 -1.8074521794915199e-03</internalNodes>
          <leafValues>
            7.9741537570953369e-01 -1.7280779778957367e-01</leafValues></_>
        <_>
          <internalNodes>
            0 -1 54 6.3672225223854184e-04</internalNodes>
          <leafValues>
            -1.5710961818695068e-01 7.8335362672805786e-01</leafValues></_></weakClassifiers></_>
    <!-- stage 4 -->
    <_>
      <maxWeakCount>14</maxWeakCount>
      <stageThreshold>-6.0835623741149902e-01</stageThreshold>
      <weakClassifiers>
        <_>
          <internalNodes>
            0 -1 65 5.6423261761665344e-02</internalNodes>
          <leafValues>
            -9.7222223877906799e-02 7.3076921701431274e-01</leafValues></_>
        <_>
          <internalNodes>
            0 -1 61 -3.3269403502345085e-03</internalNodes>
          <leafValues>
            6.1259061098098755e-01 -2.4606375396251678e-01</leafValues></_>
        <_>
          <internalNodes>
            0 -1 183 2.4562299950048327e-04</internalNodes>
          <leafValues>
            -3.2375276088714600e-01 5.2971911430358887e-01</leafValues></_>
        <_>
          <internalNodes>
            0 -1 149 -7.6495289802551270e-02</internalNodes>
          <leafValues>
            5.3548479080200195e-01 -2.8931236267089844e-01</leafValues></_>
        <_>
          <internalNodes>
            0 -1 93 -1.7536429688334465e-02</internalNodes>
          <leafValues>
            -5.3891223669052124e-01 2.2423706948757172e-01</leafValues></_>
        <_>
          <internalNodes>
            0 -1 174 1.6335353720933199e-03</internalNodes>
          <leafValues>
            -3.1100443005561829e-01 4.1079735755920410e-01</leafValues></_>
        <_>
          <internalNodes>
            0 -1 185 1.5929064247757196e-03</internalNodes>
          <leafValues>
            -2.0140296220779419e-01 6.1917543411254883e-01</leafValues></_>
        <_>
          <internalNodes>
            0 -1 176 -8.1059727817773819e-03</internalNodes>
          <leafValues>
            4.4859334826469421e-01 -3.0089226365089417e-01</leafValues></_>
        <_>
          <internalNodes>
            0 -1 3 -6.8787328898906708e-02</internalNodes>
          <leafValues>
            4.3460080027580261e-01 -2.8977298736572266e-01</leafValues></_>
        <_>
          <internalNodes>
            0 -1 27 -3.9991042576730251e-03</internalNodes>
          <leafValues>
            5.8141088485717773e-01 -2.2052496671676636e-01</leafValues></_>
        <_>
          <internalNodes>
            0 -1 169 2.2776852711103857e-04</internalNodes>
          <leafValues>
            2.2785939276218414e-01 -5.8107656240463257e-01</leafValues></_>
        <_>
          <internalNodes>
            0 -1 160 1.6687778756022453e-02</internalNodes>
          <leafValues>
            1.3498742878437042e-01 -7.6730775833129883e-01</leafValues></_>
        <_>
          <internalNodes>
            0 -1 215 -9.7705109510570765e-04</internalNodes>
          <leafValues>
            6.0221797227859497e-01 -2.3152343928813934e-01</leafValues></_>
        <_>
          <internalNodes>
            0 -1 166 3.4328515175729990e-03</internalNodes>
          <leafValues>
            -1.7498378455638885e-01 5.9423023462295532e-01</leafValues></_></weakClassifiers></_>
    <!-- stage 5 -->
    <_>
      <maxWeakCount>13</maxWeakCount>
      <stageThreshold>-5.5137342214584351e-01</stageThreshold>
      <weakClassifiers>
        <_>
          <internalNodes>
            0 -1 156 -8.0623409303370863e-05</internalNodes>
          <leafValues>
            5.4545456171035767e-01 -2.5000000000000000e-01</leafValues></_>
        <_>
          <internalNodes>
            0 -1 79 -1.7936030402779579e-02</internalNodes>
          <leafValues>
            4.8603788018226624e-01 -2.9793033003807068e-01</leafValues></_>
        <_>
          <internalNodes>
            0 -1 130 2.2056914865970612e-02</internalNodes>
          <leafValues>
            -2.9669675230979919e-01 5.0054019689559937e-01</leafValues></_>
        <_>
          <internalNodes>
            0 -1 59 -1.6602873802185059e-03</internalNodes>
          <leafValues>
            8.2530128955841064e-01 -1.3562074303627014e-01</leafValues></_>
        <_>
          <internalNodes>
            0 -1 73 -1.6788577660918236e-02</internalNodes>
          <leafValues>
            8.0500876903533936e-01 -1.5278790891170502e-01</leafValues></_>
        <_>
          <internalNodes>
            0 -1 49 -3.3573526889085770e-02</internalNodes>
          <leafValues>
            5.0711548328399658e-01 -2.3840434849262238e-01</leafValues></_>
        <_>
          <internalNodes>
            0 -1 8 5.6072447448968887e-02</internalNodes>
          <leafValues>
            -1.7147529125213623e-01 6.3652342557907104e-01</leafValues></_>
        <_>
          <internalNodes>
            0 -1 16 -2.2988034412264824e-02</internalNodes>
          <leafValues>
            6.0841041803359985e-01 -2.1387095749378204e-01</leafValues></_>
        <_>
          <internalNodes>
            0 -1 136 -1.2527822982519865e-03</internalNodes>
          <leafValues>
            -4.2185851931571960e-01 3.4267982840538025e-01</leafValues></_>
        <_>
          <internalNodes>
            0 -1 205 -7.2574667865410447e-04</internalNodes>
          <leafValues>
            5.9591454267501831e-01 -2.3894584178924561e-01</leafValues></_>
        <_>
          <internalNodes>
            0 -1 190 -6.8574678152799606e-04</internalNodes>
          <leafValues>
            6.9115537405014038e-01 -1.5838862955570221e-01</leafValues></_>
        <_>
          <internalNodes>
            0 -1 19 -2.4078190326690674e-02</internalNodes>
          <leafValues>
            8.3655542135238647e-01 -1.0989013314247131e-01</leafValues></_>
        <_>
          <internalNodes>
            0 -1 208 1.9075212767347693e-03</internalNodes>
          <leafValues>
            -1.7101663351058960e-01 6.1964714527130127e-01</leafValues></_></weakClassifiers></_>
    <!-- stage 6 -->
    <_>
      <maxWeakCount>11</maxWeakCount>
      <stageThreshold>-7.4206745624542236e-01</stageThreshold>
      <weakClassifiers>
        <_>
          <internalNodes>
            0 -1 132 -2.1925631444901228e-03</internalNodes>
          <leafValues>
            6.8666666746139526e-01 -1.9999999552965164e-02</leafValues></_>
        <_>
          <internalNodes>
            0 -1 182 8.7986554717645049e-04</internalNodes>
          <leafValues>
            -2.7625066041946411e-01 4.6109497547149658e-01</leafValues></_>
        <_>
          <internalNodes>
            0 -1 165 -3.9847154170274734e-02</internalNodes>
          <leafValues>
            3.3834511041641235e-01 -3.7260779738426208e-01</leafValues></_>
        <_>
          <internalNodes>
            0 -1 219 -2.5373131036758423e-02</internalNodes>
          <leafValues>
            -7.6683562994003296e-01 1.7855596542358398e-01</leafValues></_>
        <_>
          <internalNodes>
            0 -1 36 5.9813866391777992e-03</internalNodes>
          <leafValues>
            -2.5990843772888184e-01 5.7208532094955444e-01</leafValues></_>
        <_>
          <internalNodes>
            0 -1 95 5.6785363703966141e-03</internalNodes>
          <leafValues>
            -2.2621046006679535e-01 5.4357486963272095e-01</leafValues></_>
        <_>
          <internalNodes>
            0 -1 104 -1.0164919309318066e-02</internalNodes>
          <leafValues>
            5.7611769437789917e-01 -2.2127224504947662e-01</leafValues></_>
        <_>
          <internalNodes>
            0 -1 89 3.4188642166554928e-03</internalNodes>
          <leafValues>
            -1.5591724216938019e-01 6.6575527191162109e-01</leafValues></_>
        <_>
          <internalNodes>
            0 -1 151 -5.6212237104773521e-03</internalNodes>
          <leafValues>
            6.2749731540679932e-01 -1.9682151079177856e-01</leafValues></_>
        <_>
          <internalNodes>
            0 -1 216 1.2573036365211010e-03</internalNodes>
          <leafValues>
            -1.3091088831424713e-01 7.5709491968154907e-01</leafValues></_>
        <_>
          <internalNodes>
            0 -1 187 8.7245265021920204e-03</internalNodes>
          <leafValues>
            1.6949048638343811e-01 -6.9894820451736450e-01</leafValues></_></weakClassifiers></_>
    <!-- stage 7 -->
    <_>
      <maxWeakCount>13</maxWeakCount>
      <stageThreshold>-5.9422355890274048e-01</stageThreshold>
      <weakClassifiers>
        <_>
          <internalNodes>
            0 -1 193 -2.0714510232210159e-02</internalNodes>
          <leafValues>
            6.0204082727432251e-01 -1.7307692766189575e-01</leafValues></_>
        <_>
          <internalNodes>
            0 -1 32 -1.8932290375232697e-02</internalNodes>
          <leafValues>
            6.0095882415771484e-01 -1.6893184185028076e-01</leafValues></_>
        <_>
          <internalNodes>
            0 -1 88 -1.7819006461650133e-03</internalNodes>
          <leafValues>
            7.6458734273910522e-01 -1.3022924959659576e-01</leafValues></_>
        <_>
          <internalNodes>
            0 -1 9 1.7230771481990814e-02</internalNodes>
          <leafValues>
            -1.6447043418884277e-01 8.5698807239532471e-01</leafValues></_>
        <_>
          <internalNodes>
            0 -1 212 2.6118820533156395e-03</internalNodes>
          <leafValues>
            -1.5517576038837433e-01 6.2247145175933838e-01</leafValues></_>
        <_>
          <internalNodes>
            0 -1 105 1.2321180292929057e-05</internalNodes>
          <leafValues>
            -3.2414698600769043e-01 3.9922937750816345e-01</leafValues></_>
        <_>
          <internalNodes>
            0 -1 0 -2.3043610155582428e-02</internalNodes>
          <leafValues>
            6.8201339244842529e-01 -1.8995620310306549e-01</leafValues></_>
        <_>
          <internalNodes>
            0 -1 209 2.1344902925193310e-03</internalNodes>
          <leafValues>
            -1.9111438095569611e-01 6.1325240135192871e-01</leafValues></_>
        <_>
          <internalNodes>
            0 -1 196 -3.3023080322891474e-03</internalNodes>
          <leafValues>
            7.3647040128707886e-01 -1.5033671259880066e-01</leafValues></_>
        <_>
          <internalNodes>
            0 -1 150 9.5604569651186466e-05</internalNodes>
          <leafValues>
            -3.2916447520256042e-01 4.1115403175354004e-01</leafValues></_>
        <_>
          <internalNodes>
            0 -1 129 -4.2321933433413506e-03</internalNodes>
          <leafValues>
            5.0627058744430542e-01 -2.2204799950122833e-01</leafValues></_>
        <_>
          <internalNodes>
            0 -1 211 9.5582427456974983e-03</internalNodes>
          <leafValues>
            -2.3472760617733002e-01 5.9710866212844849e-01</leafValues></_>
        <_>
          <internalNodes>
            0 -1 22 -2.6196737308055162e-03</internalNodes>
          <leafValues>
            4.2370256781578064e-01 -3.5285836458206177e-01</leafValues></_></weakClassifiers></_>
    <!-- stage 8 -->
    <_>
      <maxWeakCount>13</maxWeakCount>
      <stageThreshold>-6.3267636299133301e-01</stageThreshold>
      <weakClassifiers>
        <_>
          <internalNodes>
            0 -1 46 -8.8506080210208893e-03</internalNodes>
          <leafValues>
            -1.4042553305625916e-01 6.3835614919662476e-01</leafValues></_>
        <_>
          <internalNodes>
            0 -1 63 2.8083603829145432e-02</internalNodes>
          <leafValues>
            -1.1240970343351364e-01 8.9642381668090820e-01</leafValues></_>
        <_>
          <internalNodes>
            0 -1 122 -9.5740687102079391e-03</internalNodes>
          <leafValues>
            5.7853275537490845e-01 -2.0589964091777802e-01</leafValues></_>
        <_>
          <internalNodes>
            0 -1 162 -5.8578588068485260e-03</internalNodes>
          <leafValues>
            5.7184582948684692e-01 -2.8432279825210571e-01</leafValues></_>
        <_>
          <internalNodes>
            0 -1 207 9.3000102788209915e-03</internalNodes>
          <leafValues>
            -3.2076472043991089e-01 4.5576015114784241e-01</leafValues></_>
        <_>
          <internalNodes>
            0 -1 69 -3.8350417744368315e-03</internalNodes>
          <leafValues>
            5.9451746940612793e-01 -2.3204471170902252e-01</leafValues></_>
        <_>
          <internalNodes>
            0 -1 23 5.7685808278620243e-03</internalNodes>
          <leafValues>
            -1.6278982162475586e-01 7.1731746196746826e-01</leafValues></_>
        <_>
          <internalNodes>
            0 -1 112 3.2461993396282196e-03</internalNodes>
          <leafValues>
            -1.8527163565158844e-01 6.1755126714706421e-01</leafValues></_>
        <_>
          <internalNodes>
            0 -1 91 2.2027010098099709e-02</internalNodes>
          <leafValues>
            -1.5728685259819031e-01 7.7319443225860596e-01</leafValues></_>
        <_>
          <internalNodes>
            0 -1 194 3.6448535975068808e-03</internalNodes>
          <leafValues>
            2.8870311379432678e-01 -5.0845354795455933e-01</leafValues></_>
        <_>
          <internalNodes>
            0 -1 13 -1.3694688677787781e-02</internalNodes>
          <leafValues>
            4.8743709921836853e-01 -2.6432654261589050e-01</leafValues></_>
        <_>
          <internalNodes>
            0 -1 147 -1.2387599563226104e-03</internalNodes>
          <leafValues>
            -5.7241290807723999e-01 2.2432909905910492e-01</leafValues></_>
        <_>
          <internalNodes>
            0 -1 127 -3.5417554900050163e-03</internalNodes>
          <leafValues>
            -8.7234187126159668e-01 1.4330855011940002e-01</leafValues></_></weakClassifiers></_>
    <!-- stage 9 -->
    <_>
      <maxWeakCount>15</maxWeakCount>
      <stageThreshold>-9.3458282947540283e-01</stageThreshold>
      <weakClassifiers>
        <_>
          <internalNodes>
            0 -1 111 4.3049402534961700e-02</internalNodes>
          <leafValues>
            1.1818181723356247e-01 9.2500001192092896e-01</leafValues></_>
        <_>
          <internalNodes>
            0 -1 29 8.9327525347471237e-03</internalNodes>
          <leafValues>
            -1.7474476993083954e-01 5.8276283740997314e-01</leafValues></_>
        <_>
          <internalNodes>
            0 -1 172 4.4422477483749390e-02</internalNodes>
          <leafValues>
            -2.1700888872146606e-01 6.1277085542678833e-01</leafValues></_>
        <_>
          <internalNodes>
            0 -1 24 6.2924525700509548e-03</internalNodes>
          <leafValues>
            -1.2545666098594666e-01 7.5061058998107910e-01</leafValues></_>
        <_>
          <internalNodes>
            0 -1 33 -6.4037265256047249e-03</internalNodes>
          <leafValues>
            7.2209113836288452e-01 -1.4132271707057953e-01</leafValues></_>
        <_>
          <internalNodes>
            0 -1 34 6.8946187384426594e-03</internalNodes>
          <leafValues>
            -1.8157936632633209e-01 6.4623963832855225e-01</leafValues></_>
        <_>
          <internalNodes>
            0 -1 152 -9.0797804296016693e-03</internalNodes>
          <leafValues>
            3.2415446639060974e-01 -3.7780672311782837e-01</leafValues></_>
        <_>
          <internalNodes>
            0 -1 138 -4.4836764573119581e-05</internalNodes>
          <leafValues>
            3.8835677504539490e-01 -3.4908974170684814e-01</leafValues></_>
        <_>
          <internalNodes>
            0 -1 195 -3.3189426176249981e-03</internalNodes>
          <leafValues>
            4.3508940935134888e-01 -3.4479483962059021e-01</leafValues></_>
        <_>
          <internalNodes>
            0 -1 218 2.2711562924087048e-03</internalNodes>
          <leafValues>
            1.4653027057647705e-01 -8.5360372066497803e-01</leafValues></_>
        <_>
          <internalNodes>
            0 -1 201 -3.8968566805124283e-03</internalNodes>
          <leafValues>
            6.0589486360549927e-01 -2.2065629065036774e-01</leafValues></_>
        <_>
          <internalNodes>
            0 -1 70 5.9592761099338531e-03</internalNodes>
          <leafValues>
            -3.0077612400054932e-01 4.0325695276260376e-01</leafValues></_>
        <_>
          <internalNodes>
            0 -1 45 5.7208454236388206e-03</internalNodes>
          <leafValues>
            -1.9868670403957367e-01 6.3825285434722900e-01</leafValues></_>
        <_>
          <internalNodes>
            0 -1 121 -2.2483575157821178e-03</internalNodes>
          <leafValues>
            6.9079971313476563e-01 -1.8528448045253754e-01</leafValues></_>
        <_>
          <internalNodes>
            0 -1 128 -3.2917328178882599e-02</internalNodes>
          <leafValues>
            -8.6242789030075073e-01 1.7850467562675476e-01</leafValues></_></weakClassifiers></_>
    <!-- stage 10 -->
    <_>
      <maxWeakCount>14</maxWeakCount>
      <stageThreshold>-9.3159025907516479e-01</stageThreshold>
      <weakClassifiers>
        <_>
          <internalNodes>
            0 -1 6 -7.7481716871261597e-03</internalNodes>
          <leafValues>
            5.6730771064758301e-01 -1.9565217196941376e-01</leafValues></_>
        <_>
          <internalNodes>
            0 -1 113 1.3116268441081047e-02</internalNodes>
          <leafValues>
            -1.5498167276382446e-01 7.0222699642181396e-01</leafValues></_>
        <_>
          <internalNodes>
            0 -1 191 8.1941429525613785e-03</internalNodes>
          <leafValues>
            -1.2199319154024124e-01 7.5370752811431885e-01</leafValues></_>
        <_>
          <internalNodes>
            0 -1 109 2.2271270863711834e-03</internalNodes>
          <leafValues>
            -1.9211845099925995e-01 6.0763424634933472e-01</leafValues></_>
        <_>
          <internalNodes>
            0 -1 107 2.8990567661821842e-03</internalNodes>
          <leafValues>
            -1.3199461996555328e-01 9.0863901376724243e-01</leafValues></_>
        <_>
          <internalNodes>
            0 -1 28 -4.5416496694087982e-02</internalNodes>
          <leafValues>
            6.6406685113906860e-01 -1.1941123008728027e-01</leafValues></_>
        <_>
          <internalNodes>
            0 -1 161 -1.6524102538824081e-03</internalNodes>
          <leafValues>
            6.4898723363876343e-01 -1.7208924889564514e-01</leafValues></_>
        <_>
          <internalNodes>
            0 -1 117 3.2939766533672810e-03</internalNodes>
          <leafValues>
            1.6753733158111572e-01 -7.4781781435012817e-01</leafValues></_>
        <_>
          <internalNodes>
            0 -1 64 2.4500931613147259e-03</internalNodes>
          <leafValues>
            -1.6794906556606293e-01 7.1077495813369751e-01</leafValues></_>
        <_>
          <internalNodes>
            0 -1 175 -6.5387546783313155e-05</internalNodes>
          <leafValues>
            3.4326964616775513e-01 -3.6987906694412231e-01</leafValues></_>
        <_>
          <internalNodes>
            0 -1 47 -5.8968793600797653e-03</internalNodes>
          <leafValues>
            4.3477338552474976e-01 -2.8406137228012085e-01</leafValues></_>
        <_>
          <internalNodes>
            0 -1 170 -3.8237005472183228e-02</internalNodes>
          <leafValues>
            4.4781145453453064e-01 -2.6973286271095276e-01</leafValues></_>
        <_>
          <internalNodes>
            0 -1 44 2.0583076402544975e-03</internalNodes>
          <leafValues>
            -2.0560714602470398e-01 5.2650171518325806e-01</leafValues></_>
        <_>
          <internalNodes>
            0 -1 14 -5.0908059347420931e-04</internalNodes>
          <leafValues>
            -4.9524396657943726e-01 2.4570889770984650e-01</leafValues></_></weakClassifiers></_>
    <!-- stage 11 -->
    <_>
      <maxWeakCount>13</maxWeakCount>
      <stageThreshold>-6.4815318584442139e-01</stageThreshold>
      <weakClassifiers>
        <_>
          <internalNodes>
            0 -1 86 7.6335787773132324e-02</internalNodes>
          <leafValues>
            -8.2089550793170929e-02 6.6867470741271973e-01</leafValues></_>
        <_>
          <internalNodes>
            0 -1 206 1.9756720867007971e-03</internalNodes>
          <leafValues>
            -1.8703702092170715e-01 5.7649999856948853e-01</leafValues></_>
        <_>
          <internalNodes>
            0 -1 197 1.8592597916722298e-03</internalNodes>
          <leafValues>
            -3.0700632929801941e-01 4.0756386518478394e-01</leafValues></_>
        <_>
          <internalNodes>
            0 -1 99 -1.1836104094982147e-02</internalNodes>
          <leafValues>
            -7.8518861532211304e-01 1.2058335542678833e-01</leafValues></_>
        <_>
          <internalNodes>
            0 -1 58 1.5689735300838947e-03</internalNodes>
          <leafValues>
            -1.5735268592834473e-01 7.0117515325546265e-01</leafValues></_>
        <_>
          <internalNodes>
            0 -1 204 -4.3728873133659363e-03</internalNodes>
          <leafValues>
            5.3597182035446167e-01 -1.6612794995307922e-01</leafValues></_>
        <_>
          <internalNodes>
            0 -1 42 -1.4543191529810429e-02</internalNodes>
          <leafValues>
            4.5033624768257141e-01 -2.3021554946899414e-01</leafValues></_>
        <_>
          <internalNodes>
            0 -1 118 2.4985687807202339e-02</internalNodes>
          <leafValues>
            -1.6550777852535248e-01 7.5086623430252075e-01</leafValues></_>
        <_>
          <internalNodes>
            0 -1 2 4.6479946468025446e-04</internalNodes>
          <leafValues>
            2.0207381248474121e-01 -5.3602457046508789e-01</leafValues></_>
        <_>
          <internalNodes>
            0 -1 110 1.7887098714709282e-02</internalNodes>
          <leafValues>
            -1.5894259512424469e-01 6.6951447725296021e-01</leafValues></_>
        <_>
          <internalNodes>
            0 -1 220 -9.8936744034290314e-03</internalNodes>
          <leafValues>
            -8.4217137098312378e-01 1.4598615467548370e-01</leafValues></_>
        <_>
          <internalNodes>
            0 -1 146 -2.1357205696403980e-03</internalNodes>
          <leafValues>
            5.5035823583602905e-01 -2.0813512802124023e-01</leafValues></_>
        <_>
          <internalNodes>
            0 -1 124 4.6419417485594749e-03</internalNodes>
          <leafValues>
            -1.5648172795772552e-01 7.2339385747909546e-01</leafValues></_></weakClassifiers></_>
    <!-- stage 12 -->
    <_>
      <maxWeakCount>12</maxWeakCount>
      <stageThreshold>-5.7189494371414185e-01</stageThreshold>
      <weakClassifiers>
        <_>
          <internalNodes>
            0 -1 97 -3.9335381239652634e-02</internalNodes>
          <leafValues>
            -9.0909093618392944e-01 4.3165466189384460e-01</leafValues></_>
        <_>
          <internalNodes>
            0 -1 116 4.3085977435112000e-02</internalNodes>
          <leafValues>
            -3.5289096832275391e-01 4.8268511891365051e-01</leafValues></_>
        <_>
          <internalNodes>
            0 -1 123 2.0526114851236343e-02</internalNodes>
          <leafValues>
            -2.0942355692386627e-01 8.1318396329879761e-01</leafValues></_>
        <_>
          <internalNodes>
            0 -1 177 2.3320268839597702e-02</internalNodes>
          <leafValues>
            -2.7659192681312561e-01 5.6091529130935669e-01</leafValues></_>
        <_>
          <internalNodes>
            0 -1 56 -1.9343586172908545e-03</internalNodes>
          <leafValues>
            6.6436910629272461e-01 -1.4781871438026428e-01</leafValues></_>
        <_>
          <internalNodes>
            0 -1 140 -1.6585888806730509e-04</internalNodes>
          <leafValues>
            4.4780167937278748e-01 -2.8267148137092590e-01</leafValues></_>
        <_>
          <internalNodes>
            0 -1 66 2.7018943801522255e-03</internalNodes>
          <leafValues>
            -1.7090538144111633e-01 7.1529817581176758e-01</leafValues></_>
        <_>
          <internalNodes>
            0 -1 171 2.5590643286705017e-02</internalNodes>
          <leafValues>
            -2.3441748321056366e-01 4.9845615029335022e-01</leafValues></_>
        <_>
          <internalNodes>
            0 -1 7 4.1396572487428784e-04</internalNodes>
          <leafValues>
            2.3961940407752991e-01 -5.0892353057861328e-01</leafValues></_>
        <_>
          <internalNodes>
            0 -1 4 -1.2110052630305290e-02</internalNodes>
          <leafValues>
            3.1635344028472900e-01 -3.7693238258361816e-01</leafValues></_>
        <_>
          <internalNodes>
            0 -1 131 -1.4889580197632313e-03</internalNodes>
          <leafValues>
            7.0342838764190674e-01 -2.0030942559242249e-01</leafValues></_>
        <_>
          <internalNodes>
            0 -1 217 -4.6051878598518670e-04</internalNodes>
          <leafValues>
            -5.2006965875625610e-01 2.8592127561569214e-01</leafValues></_></weakClassifiers></_>
    <!-- stage 13 -->
    <_>
      <maxWeakCount>10</maxWeakCount>
      <stageThreshold>-8.3527791500091553e-01</stageThreshold>
      <weakClassifiers>
        <_>
          <internalNodes>
            0 -1 158 6.8438629386946559e-04</internalNodes>
          <leafValues>
            -2.8571429848670959e-01 6.6666668653488159e-01</leafValues></_>
        <_>
          <internalNodes>
            0 -1 48 -5.1934309303760529e-03</internalNodes>
          <leafValues>
            5.4759067296981812e-01 -2.8222665190696716e-01</leafValues></_>
        <_>
          <internalNodes>
            0 -1 76 -5.9133013710379601e-03</internalNodes>
          <leafValues>
            8.9900964498519897e-01 -1.5080906450748444e-01</leafValues></_>
        <_>
          <internalNodes>
            0 -1 81 2.5079241022467613e-02</internalNodes>
          <leafValues>
            -3.2338416576385498e-01 4.6514451503753662e-01</leafValues></_>
        <_>
          <internalNodes>
            0 -1 12 -9.6141488756984472e-04</internalNodes>
          <leafValues>
            7.2213637828826904e-01 -1.8011675775051117e-01</leafValues></_>
        <_>
          <internalNodes>
            0 -1 57 -8.3705771248787642e-04</internalNodes>
          <leafValues>
            7.2232067584991455e-01 -1.9433610141277313e-01</leafValues></_>
        <_>
          <internalNodes>
            0 -1 11 2.3264514748007059e-03</internalNodes>
          <leafValues>
            3.0234435200691223e-01 -5.7066947221755981e-01</leafValues></_>
        <_>
          <internalNodes>
            0 -1 203 -3.6948218476027250e-03</internalNodes>
          <leafValues>
            3.7099146842956543e-01 -3.8662034273147583e-01</leafValues></_>
        <_>
          <internalNodes>
            0 -1 210 4.4049767893739045e-05</internalNodes>
          <leafValues>
            -3.0583333969116211e-01 4.9553954601287842e-01</leafValues></_>
        <_>
          <internalNodes>
            0 -1 85 1.6051702201366425e-02</internalNodes>
          <leafValues>
            1.8288977444171906e-01 -8.5433334112167358e-01</leafValues></_></weakClassifiers></_>
    <!-- stage 14 -->
    <_>
      <maxWeakCount>12</maxWeakCount>
      <stageThreshold>-9.6309363842010498e-01</stageThreshold>
      <weakClassifiers>
        <_>
          <internalNodes>
            0 -1 154 1.4352651487570256e-04</internalNodes>
          <leafValues>
            5.8117645978927612e-01 -2.6857143640518188e-01</leafValues></_>
        <_>
          <internalNodes>
            0 -1 80 -3.1904265284538269e-02</internalNodes>
          <leafValues>
            4.1243726015090942e-01 -3.3838924765586853e-01</leafValues></_>
        <_>
          <internalNodes>
            0 -1 68 8.4435734897851944e-03</internalNodes>
          <leafValues>
            -1.6608819365501404e-01 8.5035133361816406e-01</leafValues></_>
        <_>
          <internalNodes>
            0 -1 55 -2.2320779040455818e-02</internalNodes>
          <leafValues>
            5.6518059968948364e-01 -3.1491106748580933e-01</leafValues></_>
        <_>
          <internalNodes>
            0 -1 142 -1.6936953179538250e-03</internalNodes>
          <leafValues>
            6.2810271978378296e-01 -1.7862796783447266e-01</leafValues></_>
        <_>
          <internalNodes>
            0 -1 18 9.6260141581296921e-03</internalNodes>
          <leafValues>
            -1.8631647527217865e-01 6.2554770708084106e-01</leafValues></_>
        <_>
          <internalNodes>
            0 -1 39 -8.6707159876823425e-02</internalNodes>
          <leafValues>
            5.9520435333251953e-01 -2.1486373245716095e-01</leafValues></_>
        <_>
          <internalNodes>
            0 -1 179 -1.8906695768237114e-03</internalNodes>
          <leafValues>
            5.9040927886962891e-01 -1.9796261191368103e-01</leafValues></_>
        <_>
          <internalNodes>
            0 -1 60 -1.7737764865159988e-03</internalNodes>
          <leafValues>
            -6.4716726541519165e-01 2.4099446833133698e-01</leafValues></_>
        <_>
          <internalNodes>
            0 -1 120 -4.6002534218132496e-03</internalNodes>
          <leafValues>
            8.1459349393844604e-01 -1.7952059209346771e-01</leafValues></_>
        <_>
          <internalNodes>
            0 -1 30 1.2690012808889151e-03</internalNodes>
          <leafValues>
            -2.4628679454326630e-01 5.3415083885192871e-01</leafValues></_>
        <_>
          <internalNodes>
            0 -1 137 -5.2491207607090473e-03</internalNodes>
          <leafValues>
            -4.8357909917831421e-01 2.3770213127136230e-01</leafValues></_></weakClassifiers></_>
    <!-- stage 15 -->
    <_>
      <maxWeakCount>9</maxWeakCount>
      <stageThreshold>-5.5964946746826172e-01</stageThreshold>
      <weakClassifiers>
        <_>
          <internalNodes>
            0 -1 98 -3.7711560726165771e-02</internalNodes>
          <leafValues>
            7.4517375230789185e-01 2.0527860149741173e-02</leafValues></_>
        <_>
          <internalNodes>
            0 -1 31 -7.7348120976239443e-04</internalNodes>
          <leafValues>
            -5.0419646501541138e-01 3.0385214090347290e-01</leafValues></_>
        <_>
          <internalNodes>
            0 -1 71 6.6212967038154602e-02</internalNodes>
          <leafValues>
            -1.8798679113388062e-01 7.1434587240219116e-01</leafValues></_>
        <_>
          <internalNodes>
            0 -1 74 -2.0726127550005913e-03</internalNodes>
          <leafValues>
            6.9826513528823853e-01 -2.0103287696838379e-01</leafValues></_>
        <_>
          <internalNodes>
            0 -1 126 1.2106623034924269e-03</internalNodes>
          <leafValues>
            1.7511324584484100e-01 -8.6947208642959595e-01</leafValues></_>
        <_>
          <internalNodes>
            0 -1 25 -7.0540742017328739e-03</internalNodes>
          <leafValues>
            5.8877307176589966e-01 -2.9199227690696716e-01</leafValues></_>
        <_>
          <internalNodes>
            0 -1 83 -6.0596046969294548e-03</internalNodes>
          <leafValues>
            4.3238952755928040e-01 -3.0774384737014771e-01</leafValues></_>
        <_>
          <internalNodes>
            0 -1 90 3.3773363102227449e-03</internalNodes>
          <leafValues>
            2.5506117939949036e-01 -4.8965933918952942e-01</leafValues></_>
        <_>
          <internalNodes>
            0 -1 155 -1.3386579666985199e-05</internalNodes>
          <leafValues>
            4.0593072772026062e-01 -3.2544812560081482e-01</leafValues></_></weakClassifiers></_>
    <!-- stage 16 -->
    <_>
      <maxWeakCount>12</maxWeakCount>
      <stageThreshold>-7.7935081720352173e-01</stageThreshold>
      <weakClassifiers>
        <_>
          <internalNodes>
            0 -1 102 4.9545891582965851e-02</internalNodes>
          <leafValues>
            4.4565218687057495e-01 -9.5833331346511841e-01</leafValues></_>
        <_>
          <internalNodes>
            0 -1 21 -6.6521298140287399e-03</internalNodes>
          <leafValues>
            4.0561068058013916e-01 -3.9056336879730225e-01</leafValues></_>
        <_>
          <internalNodes>
            0 -1 143 -5.9621529653668404e-03</internalNodes>
          <leafValues>
            4.5925772190093994e-01 -3.3596414327621460e-01</leafValues></_>
        <_>
          <internalNodes>
            0 -1 50 -5.4152659140527248e-03</internalNodes>
          <leafValues>
            3.3193683624267578e-01 -3.5015743970870972e-01</leafValues></_>
        <_>
          <internalNodes>
            0 -1 101 -2.3613339290022850e-03</internalNodes>
          <leafValues>
            6.6664159297943115e-01 -2.1699388325214386e-01</leafValues></_>
        <_>
          <internalNodes>
            0 -1 178 -1.5711012529209256e-03</internalNodes>
          <leafValues>
            3.6673021316528320e-01 -3.4990677237510681e-01</leafValues></_>
        <_>
          <internalNodes>
            0 -1 222 -1.5679094940423965e-03</internalNodes>
          <leafValues>
            -4.6100226044654846e-01 3.1247168779373169e-01</leafValues></_>
        <_>
          <internalNodes>
            0 -1 192 2.8590226429514587e-04</internalNodes>
          <leafValues>
            -2.5561845302581787e-01 6.0286659002304077e-01</leafValues></_>
        <_>
          <internalNodes>
            0 -1 214 1.3134039181750268e-04</internalNodes>
          <leafValues>
            -2.0973874628543854e-01 5.2744621038436890e-01</leafValues></_>
        <_>
          <internalNodes>
            0 -1 67 3.8545709103345871e-03</internalNodes>
          <leafValues>
            -1.7795078456401825e-01 6.1809986829757690e-01</leafValues></_>
        <_>
          <internalNodes>
            0 -1 10 4.2626197682693601e-04</internalNodes>
          <leafValues>
            2.0009611546993256e-01 -6.9687318801879883e-01</leafValues></_>
        <_>
          <internalNodes>
            0 -1 43 -5.0144968554377556e-03</internalNodes>
          <leafValues>
            9.4569444656372070e-01 -1.5547160804271698e-01</leafValues></_></weakClassifiers></_>
    <!-- stage 17 -->
    <_>
      <maxWeakCount>9</maxWeakCount>
      <stageThreshold>-7.9148447513580322e-01</stageThreshold>
      <weakClassifiers>
        <_>
          <internalNodes>
            0 -1 144 1.9533627200871706e-03</internalNodes>
          <leafValues>
            4.7565543651580811e-01 -8.1818181276321411e-01</leafValues></_>
        <_>
          <internalNodes>
            0 -1 148 5.4531730711460114e-04</internalNodes>
          <leafValues>
            3.3695462346076965e-01 -5.2601325511932373e-01</leafValues></_>
        <_>
          <internalNodes>
            0 -1 78 1.0499787516891956e-02</internalNodes>
          <leafValues>
            -2.3066326975822449e-01 6.5452438592910767e-01</leafValues></_>
        <_>
          <internalNodes>
            0 -1 199 -3.8611178752034903e-03</internalNodes>
          <leafValues>
            4.1200339794158936e-01 -4.0036174654960632e-01</leafValues></_>
        <_>
          <internalNodes>
            0 -1 213 -1.8137783044949174e-03</internalNodes>
          <leafValues>
            6.4689856767654419e-01 -2.6292571425437927e-01</leafValues></_>
        <_>
          <internalNodes>
            0 -1 135 -1.8709169235080481e-03</internalNodes>
          <leafValues>
            -7.9537880420684814e-01 2.2095955908298492e-01</leafValues></_>
        <_>
          <internalNodes>
            0 -1 164 7.6068576890975237e-04</internalNodes>
          <leafValues>
            -3.1977552175521851e-01 4.6499475836753845e-01</leafValues></_>
        <_>
          <internalNodes>
            0 -1 41 -9.0223725419491529e-04</internalNodes>
          <leafValues>
            6.9846504926681519e-01 -2.2150896489620209e-01</leafValues></_>
        <_>
          <internalNodes>
            0 -1 82 -8.3861993625760078e-03</internalNodes>
          <leafValues>
            4.9381956458091736e-01 -3.3921611309051514e-01</leafValues></_></weakClassifiers></_>
    <!-- stage 18 -->
    <_>
      <maxWeakCount>14</maxWeakCount>
      <stageThreshold>-3.0659070611000061e-01</stageThreshold>
      <weakClassifiers>
        <_>
          <internalNodes>
            0 -1 221 1.9846089184284210e-02</internalNodes>
          <leafValues>
            4.7908744215965271e-01 -7.0270270109176636e-01</leafValues></_>
        <_>
          <internalNodes>
            0 -1 100 8.9231058955192566e-03</internalNodes>
          <leafValues>
            -1.8320995569229126e-01 7.5255900621414185e-01</leafValues></_>
        <_>
          <internalNodes>
            0 -1 108 -8.8996998965740204e-03</internalNodes>
          <leafValues>
            -5.3338330984115601e-01 2.6496383547782898e-01</leafValues></_>
        <_>
          <internalNodes>
            0 -1 77 2.2532902657985687e-03</internalNodes>
          <leafValues>
            -2.3332346975803375e-01 5.2831864356994629e-01</leafValues></_>
        <_>
          <internalNodes>
            0 -1 75 -4.8922877758741379e-03</internalNodes>
          <leafValues>
            7.5521510839462280e-01 -1.5103746950626373e-01</leafValues></_>
        <_>
          <internalNodes>
            0 -1 202 -2.9555705841630697e-03</internalNodes>
          <leafValues>
            3.2308983802795410e-01 -3.7564444541931152e-01</leafValues></_>
        <_>
          <internalNodes>
            0 -1 198 -4.1840973426587880e-04</internalNodes>
          <leafValues>
            5.3232061862945557e-01 -2.2387947142124176e-01</leafValues></_>
        <_>
          <internalNodes>
            0 -1 125 2.7156632393598557e-02</internalNodes>
          <leafValues>
            1.1794610321521759e-01 -9.4128936529159546e-01</leafValues></_>
        <_>
          <internalNodes>
            0 -1 38 6.2238506507128477e-04</internalNodes>
          <leafValues>
            -2.4709838628768921e-01 4.8341965675354004e-01</leafValues></_>
        <_>
          <internalNodes>
            0 -1 35 -1.0540779680013657e-02</internalNodes>
          <leafValues>
            8.4949845075607300e-01 -1.3774350285530090e-01</leafValues></_>
        <_>
          <internalNodes>
            0 -1 173 5.4524117149412632e-04</internalNodes>
          <leafValues>
            3.0449888110160828e-01 -4.5013791322708130e-01</leafValues></_>
        <_>
          <internalNodes>
            0 -1 51 4.3236590921878815e-02</internalNodes>
          <leafValues>
            -2.1434262394905090e-01 6.6656315326690674e-01</leafValues></_>
        <_>
          <internalNodes>
            0 -1 52 -1.6602700948715210e-01</internalNodes>
          <leafValues>
            7.9425370693206787e-01 -1.2873180210590363e-01</leafValues></_>
        <_>
          <internalNodes>
            0 -1 103 -1.8180717015638947e-03</internalNodes>
          <leafValues>
            5.2153700590133667e-01 -2.0220416784286499e-01</leafValues></_></weakClassifiers></_>
    <!-- stage 19 -->
    <_>
      <maxWeakCount>9</maxWeakCount>
      <stageThreshold>-5.5279248952865601e-01</stageThreshold>
      <weakClassifiers>
        <_>
          <internalNodes>
            0 -1 106 1.0216791927814484e-01</internalNodes>
          <leafValues>
            5.2091252803802490e-01 -1.</leafValues></_>
        <_>
          <internalNodes>
            0 -1 1 -3.5575024783611298e-02</internalNodes>
          <leafValues>
            4.7363266348838806e-01 -4.1544094681739807e-01</leafValues></_>
        <_>
          <internalNodes>
            0 -1 153 -3.3473670482635498e-02</internalNodes>
          <leafValues>
            4.3592616915702820e-01 -3.0886340141296387e-01</leafValues></_>
        <_>
          <internalNodes>
            0 -1 157 5.5503949988633394e-04</internalNodes>
          <leafValues>
            2.1111649274826050e-01 -6.7052811384201050e-01</leafValues></_>
        <_>
          <internalNodes>
            0 -1 189 2.4255262687802315e-02</internalNodes>
          <leafValues>
            -2.0473957061767578e-01 7.6125437021255493e-01</leafValues></_>
        <_>
          <internalNodes>
            0 -1 141 -1.3407673395704478e-04</internalNodes>
          <leafValues>
            4.9992248415946960e-01 -2.5245544314384460e-01</leafValues></_>
        <_>
          <internalNodes>
            0 -1 167 1.4636518433690071e-02</internalNodes>
          <leafValues>
            -2.8686478734016418e-01 4.6412199735641479e-01</leafValues></_>
        <_>
          <internalNodes>
            0 -1 200 -1.0292589431628585e-03</internalNodes>
          <leafValues>
            7.6781737804412842e-01 -1.9082297384738922e-01</leafValues></_>
        <_>
          <internalNodes>
            0 -1 94 5.7153701782226563e-03</internalNodes>
          <leafValues>
            -3.3394721150398254e-01 3.7436556816101074e-01</leafValues></_></weakClassifiers></_></stages>
  <features>
    <_>
      <rects>
        <_>
          0 0 18 4 -1.</_>
        <_>
          0 0 9 2 2.</_>
        <_>
          9 2 9 2 2.</_></rects>
      <tilted>0</tilted></_>
    <_>
      <rects>
        <_>
          0 0 12 12 -1.</_>
        <_>
          0 4 12 4 3.</_></rects>
      <tilted>0</tilted></_>
    <_>
      <rects>
        <_>
          0 2 2 2 -1.</_>
        <_>
          0 3 2 1 2.</_></rects>
      <tilted>0</tilted></_>
    <_>
      <rects>
        <_>
          0 2 24 4 -1.</_>
        <_>
          8 2 8 4 3.</_></rects>
      <tilted>0</tilted></_>
    <_>
      <rects>
        <_>
          0 4 10 5 -1.</_>
        <_>
          5 4 5 5 2.</_></rects>
      <tilted>0</tilted></_>
    <_>
      <rects>
        <_>
          0 4 12 2 -1.</_>
        <_>
          6 4 6 2 2.</_></rects>
      <tilted>0</tilted></_>
    <_>
      <rects>
        <_>
          0 4 14 2 -1.</_>
        <_>
          7 4 7 2 2.</_></rects>
      <tilted>0</tilted></_>
    <_>
      <rects>
        <_>
          0 5 2 1 -1.</_>
        <_>
          1 5 1 1 2.</_></rects>
      <tilted>0</tilted></_>
    <_>
      <rects>
        <_>
          0 9 15 5 -1.</_>
        <_>
          5 9 5 5 3.</_></rects>
      <tilted>0</tilted></_>
    <_>
      <rects>
        <_>
          0 10 15 1 -1.</_>
        <_>
          5 10 5 1 3.</_></rects>
      <tilted>0</tilted></_>
    <_>
      <rects>
        <_>
          0 11 1 2 -1.</_>
        <_>
          0 12 1 1 2.</_></rects>
      <tilted>0</tilted></_>
    <_>
      <rects>
        <_>
          0 16 3 6 -1.</_>
        <_>
          0 18 3 2 3.</_></rects>
      <tilted>0</tilted></_>
    <_>
      <rects>
        <_>
          0 17 6 2 -1.</_>
        <_>
          0 17 3 1 2.</_>
        <_>
          3 18 3 1 2.</_></rects>
      <tilted>0</tilted></_>
    <_>
      <rects>
        <_>
          0 17 12 6 -1.</_>
        <_>
          0 17 6 3 2.</_>
        <_>
          6 20 6 3 2.</_></rects>
      <tilted>0</tilted></_>
    <_>
      <rects>
        <_>
          0 21 3 3 -1.</_>
        <_>
          0 22 3 1 3.</_></rects>
      <tilted>0</tilted></_>
    <_>
      <rects>
        <_>
          1 3 14 2 -1.</_>
        <_>
          8 3 7 2 2.</_></rects>
      <tilted>0</tilted></_>
    <_>
      <rects>
        <_>
          1 9 12 3 -1.</_>
        <_>
          5 9 4 3 3.</_></rects>
      <tilted>0</tilted></_>
    <_>
      <rects>
        <_>
          1 9 18 10 -1.</_>
        <_>
          7 9 6 10 3.</_></rects>
      <tilted>0</tilted></_>
    <_>
      <rects>
        <_>
          1 11 6 8 -1.</_>
        <_>
          1 11 3 4 2.</_>
        <_>
          4 15 3 4 2.</_></rects>
      <tilted>0</tilted></_>
    <_>
      <rects>
        <_>
          1 14 20 1 -1.</_>
        <_>
          11 14 10 1 2.</_></rects>
      <tilted>0</tilted></_>
    <_>
      <rects>
        <_>
          1 16 8 8 -1.</_>
        <_>
          1 16 4 4 2.</_>
        <_>
          5 20 4 4 2.</_></rects>
      <tilted>0</tilted></_>
    <_>
      <rects>
        <_>
          2 0 12 4 -1.</_>
        <_>
          2 2 12 2 2.</_></rects>
      <tilted>0</tilted></_>
    <_>
      <rects>
        <_>
          2 2 12 2 -1.</_>
        <_>
          2 3 12 1 2.</_></rects>
      <tilted>0</tilted></_>
    <_>
      <rects>
        <_>
          2 5 3 15 -1.</_>
        <_>
          3 5 1 15 3.</_></rects>
      <tilted>0</tilted></_>
    <_>
      <rects>
        <_>
          2 11 3 12 -1.</_>
        <_>
          3 11 1 12 3.</_></rects>
      <tilted>0</tilted></_>
    <_>
      <rects>
        <_>
          2 15 6 6 -1.</_>
        <_>
          2 15 3 3 2.</_>
        <_>
          5 18 3 3 2.</_></rects>
      <tilted>0</tilted></_>
    <_>
      <rects>
        <_>
          2 16 21 6 -1.</_>
        <_>
          2 18 21 2 3.</_></rects>
      <tilted>0</tilted></_>
    <_>
      <rects>
        <_>
          2 17 6 4 -1.</_>
        <_>
          2 17 3 2 2.</_>
        <_>
          5 19 3 2 2.</_></rects>
      <tilted>0</tilted></_>
    <_>
      <rects>
        <_>
          2 19 15 5 -1.</_>
        <_>
          7 19 5 5 3.</_></rects>
      <tilted>0</tilted></_>
    <_>
      <rects>
        <_>
          2 20 16 4 -1.</_>
        <_>
          2 20 8 2 2.</_>
        <_>
          10 22 8 2 2.</_></rects>
      <tilted>0</tilted></_>
    <_>
      <rects>
        <_>
          2 21 10 2 -1.</_>
        <_>
          2 21 5 1 2.</_>
        <_>
          7 22 5 1 2.</_></rects>
      <tilted>0</tilted></_>
    <_>
      <rects>
        <_>
          3 2 2 2 -1.</_>
        <_>
          3 3 2 1 2.</_></rects>
      <tilted>0</tilted></_>
    <_>
      <rects>
        <_>
          3 2 8 3 -1.</_>
        <_>
          7 2 4 3 2.</_></rects>
      <tilted>0</tilted></_>
    <_>
      <rects>
        <_>
          3 3 3 12 -1.</_>
        <_>
          4 3 1 12 3.</_></rects>
      <tilted>0</tilted></_>
    <_>
      <rects>
        <_>
          3 3 3 16 -1.</_>
        <_>
          4 3 1 16 3.</_></rects>
      <tilted>0</tilted></_>
    <_>
      <rects>
        <_>
          3 6 3 14 -1.</_>
        <_>
          4 6 1 14 3.</_></rects>
      <tilted>0</tilted></_>
    <_>
      <rects>
        <_>
          3 6 4 6 -1.</_>
        <_>
          3 6 2 3 2.</_>
        <_>
          5 9 2 3 2.</_></rects>
      <tilted>0</tilted></_>
    <_>
      <rects>
        <_>
          3 7 4 6 -1.</_>
        <_>
          5 7 2 6 2.</_></rects>
      <tilted>0</tilted></_>
    <_>
      <rects>
        <_>
          3 10 3 2 -1.</_>
        <_>
          4 10 1 2 3.</_></rects>
      <tilted>0</tilted></_>
    <_>
      <rects>
        <_>
          3 11 20 4 -1.</_>
        <_>
          13 11 10 4 2.</_></rects>
      <tilted>0</tilted></_>
    <_>
      <rects>
        <_>
          3 11 16 6 -1.</_>
        <_>
          3 14 16 3 2.</_></rects>
      <tilted>0</tilted></_>
    <_>
      <rects>
        <_>
          3 13 10 2 -1.</_>
        <_>
          3 13 5 1 2.</_>
        <_>
          8 14 5 1 2.</_></rects>
      <tilted>0</tilted></_>
    <_>
      <rects>
        <_>
          3 15 7 9 -1.</_>
        <_>
          3 18 7 3 3.</_></rects>
      <tilted>0</tilted></_>
    <_>
      <rects>
        <_>
          3 16 6 1 -1.</_>
        <_>
          5 16 2 1 3.</_></rects>
      <tilted>0</tilted></_>
    <_>
      <rects>
        <_>
          3 22 12 2 -1.</_>
        <_>
          3 22 6 1 2.</_>
        <_>
          9 23 6 1 2.</_></rects>
      <tilted>0</tilted></_>
    <_>
      <rects>
        <_>
          4 0 14 3 -1.</_>
        <_>
          4 1 14 1 3.</_></rects>
      <tilted>0</tilted></_>
    <_>
      <rects>
        <_>
          4 0 16 18 -1.</_>
        <_>
          4 9 16 9 2.</_></rects>
      <tilted>0</tilted></_>
    <_>
      <rects>
        <_>
          4 1 8 4 -1.</_>
        <_>
          4 1 4 2 2.</_>
        <_>
          8 3 4 2 2.</_></rects>
      <tilted>0</tilted></_>
    <_>
      <rects>
        <_>
          4 2 15 1 -1.</_>
        <_>
          9 2 5 1 3.</_></rects>
      <tilted>0</tilted></_>
    <_>
      <rects>
        <_>
          4 2 18 3 -1.</_>
        <_>
          10 2 6 3 3.</_></rects>
      <tilted>0</tilted></_>
    <_>
      <rects>
        <_>
          4 3 9 6 -1.</_>
        <_>
          7 3 3 6 3.</_></rects>
      <tilted>0</tilted></_>
    <_>
      <rects>
        <_>
          4 3 10 10 -1.</_>
        <_>
          4 3 5 5 2.</_>
        <_>
          9 8 5 5 2.</_></rects>
      <tilted>0</tilted></_>
    <_>
      <rects>
        <_>
          4 7 14 10 -1.</_>
        <_>
          11 7 7 10 2.</_></rects>
      <tilted>0</tilted></_>
    <_>
      <rects>
        <_>
          4 12 12 4 -1.</_>
        <_>
          4 14 12 2 2.</_></rects>
      <tilted>0</tilted></_>
    <_>
      <rects>
        <_>
          4 14 2 2 -1.</_>
        <_>
          4 14 1 1 2.</_>
        <_>
          5 15 1 1 2.</_></rects>
      <tilted>0</tilted></_>
    <_>
      <rects>
        <_>
          4 14 8 10 -1.</_>
        <_>
          4 14 4 5 2.</_>
        <_>
          8 19 4 5 2.</_></rects>
      <tilted>0</tilted></_>
    <_>
      <rects>
        <_>
          4 16 2 6 -1.</_>
        <_>
          4 16 1 3 2.</_>
        <_>
          5 19 1 3 2.</_></rects>
      <tilted>0</tilted></_>
    <_>
      <rects>
        <_>
          4 18 2 2 -1.</_>
        <_>
          5 18 1 2 2.</_></rects>
      <tilted>0</tilted></_>
    <_>
      <rects>
        <_>
          4 18 2 4 -1.</_>
        <_>
          4 18 1 2 2.</_>
        <_>
          5 20 1 2 2.</_></rects>
      <tilted>0</tilted></_>
    <_>
      <rects>
        <_>
          4 20 4 2 -1.</_>
        <_>
          4 20 2 1 2.</_>
        <_>
          6 21 2 1 2.</_></rects>
      <tilted>0</tilted></_>
    <_>
      <rects>
        <_>
          5 0 3 2 -1.</_>
        <_>
          5 1 3 1 2.</_></rects>
      <tilted>0</tilted></_>
    <_>
      <rects>
        <_>
          5 0 6 4 -1.</_>
        <_>
          5 0 3 2 2.</_>
        <_>
          8 2 3 2 2.</_></rects>
      <tilted>0</tilted></_>
    <_>
      <rects>
        <_>
          5 0 18 6 -1.</_>
        <_>
          5 3 18 3 2.</_></rects>
      <tilted>0</tilted></_>
    <_>
      <rects>
        <_>
          5 2 6 10 -1.</_>
        <_>
          5 2 3 5 2.</_>
        <_>
          8 7 3 5 2.</_></rects>
      <tilted>0</tilted></_>
    <_>
      <rects>
        <_>
          5 2 8 2 -1.</_>
        <_>
          5 2 4 1 2.</_>
        <_>
          9 3 4 1 2.</_></rects>
      <tilted>0</tilted></_>
    <_>
      <rects>
        <_>
          5 2 13 14 -1.</_>
        <_>
          5 9 13 7 2.</_></rects>
      <tilted>0</tilted></_>
    <_>
      <rects>
        <_>
          5 4 8 2 -1.</_>
        <_>
          5 4 4 1 2.</_>
        <_>
          9 5 4 1 2.</_></rects>
      <tilted>0</tilted></_>
    <_>
      <rects>
        <_>
          5 7 3 14 -1.</_>
        <_>
          6 7 1 14 3.</_></rects>
      <tilted>0</tilted></_>
    <_>
      <rects>
        <_>
          5 9 1 12 -1.</_>
        <_>
          5 13 1 4 3.</_></rects>
      <tilted>0</tilted></_>
    <_>
      <rects>
        <_>
          5 9 2 9 -1.</_>
        <_>
          5 12 2 3 3.</_></rects>
      <tilted>0</tilted></_>
    <_>
      <rects>
        <_>
          5 11 4 9 -1.</_>
        <_>
          5 14 4 3 3.</_></rects>
      <tilted>0</tilted></_>
    <_>
      <rects>
        <_>
          5 12 12 12 -1.</_>
        <_>
          5 16 12 4 3.</_></rects>
      <tilted>0</tilted></_>
    <_>
      <rects>
        <_>
          5 14 4 8 -1.</_>
        <_>
          5 14 2 4 2.</_>
        <_>
          7 18 2 4 2.</_></rects>
      <tilted>0</tilted></_>
    <_>
      <rects>
        <_>
          5 14 4 10 -1.</_>
        <_>
          5 14 2 5 2.</_>
        <_>
          7 19 2 5 2.</_></rects>
      <tilted>0</tilted></_>
    <_>
      <rects>
        <_>
          5 15 3 3 -1.</_>
        <_>
          6 15 1 3 3.</_></rects>
      <tilted>0</tilted></_>
    <_>
      <rects>
        <_>
          5 19 4 4 -1.</_>
        <_>
          5 19 2 2 2.</_>
        <_>
          7 21 2 2 2.</_></rects>
      <tilted>0</tilted></_>
    <_>
      <rects>
        <_>
          5 21 8 1 -1.</_>
        <_>
          9 21 4 1 2.</_></rects>
      <tilted>0</tilted></_>
    <_>
      <rects>
        <_>
          5 22 8 2 -1.</_>
        <_>
          5 23 8 1 2.</_></rects>
      <tilted>0</tilted></_>
    <_>
      <rects>
        <_>
          6 0 4 12 -1.</_>
        <_>
          6 0 2 6 2.</_>
        <_>
          8 6 2 6 2.</_></rects>
      <tilted>0</tilted></_>
    <_>
      <rects>
        <_>
          6 0 5 6 -1.</_>
        <_>
          6 3 5 3 2.</_></rects>
      <tilted>0</tilted></_>
    <_>
      <rects>
        <_>
          6 0 5 12 -1.</_>
        <_>
          6 4 5 4 3.</_></rects>
      <tilted>0</tilted></_>
    <_>
      <rects>
        <_>
          6 1 9 23 -1.</_>
        <_>
          9 1 3 23 3.</_></rects>
      <tilted>0</tilted></_>
    <_>
      <rects>
        <_>
          6 1 5 4 -1.</_>
        <_>
          6 3 5 2 2.</_></rects>
      <tilted>0</tilted></_>
    <_>
      <rects>
        <_>
          6 2 14 2 -1.</_>
        <_>
          6 3 14 1 2.</_></rects>
      <tilted>0</tilted></_>
    <_>
      <rects>
        <_>
          6 3 4 2 -1.</_>
        <_>
          6 3 2 1 2.</_>
        <_>
          8 4 2 1 2.</_></rects>
      <tilted>0</tilted></_>
    <_>
      <rects>
        <_>
          6 4 12 2 -1.</_>
        <_>
          10 4 4 2 3.</_></rects>
      <tilted>0</tilted></_>
    <_>
      <rects>
        <_>
          6 4 12 14 -1.</_>
        <_>
          6 11 12 7 2.</_></rects>
      <tilted>0</tilted></_>
    <_>
      <rects>
        <_>
          6 12 3 3 -1.</_>
        <_>
          6 13 3 1 3.</_></rects>
      <tilted>0</tilted></_>
    <_>
      <rects>
        <_>
          6 20 4 2 -1.</_>
        <_>
          6 20 2 1 2.</_>
        <_>
          8 21 2 1 2.</_></rects>
      <tilted>0</tilted></_>
    <_>
      <rects>
        <_>
          6 20 7 2 -1.</_>
        <_>
          6 21 7 1 2.</_></rects>
      <tilted>0</tilted></_>
    <_>
      <rects>
        <_>
          7 0 3 16 -1.</_>
        <_>
          8 0 1 16 3.</_></rects>
      <tilted>0</tilted></_>
    <_>
      <rects>
        <_>
          7 0 2 14 -1.</_>
        <_>
          7 7 2 7 2.</_></rects>
      <tilted>0</tilted></_>
    <_>
      <rects>
        <_>
          7 0 3 12 -1.</_>
        <_>
          7 4 3 4 3.</_></rects>
      <tilted>0</tilted></_>
    <_>
      <rects>
        <_>
          7 0 9 13 -1.</_>
        <_>
          10 0 3 13 3.</_></rects>
      <tilted>0</tilted></_>
    <_>
      <rects>
        <_>
          7 1 8 12 -1.</_>
        <_>
          7 7 8 6 2.</_></rects>
      <tilted>0</tilted></_>
    <_>
      <rects>
        <_>
          7 2 4 8 -1.</_>
        <_>
          7 2 2 4 2.</_>
        <_>
          9 6 2 4 2.</_></rects>
      <tilted>0</tilted></_>
    <_>
      <rects>
        <_>
          7 3 8 14 -1.</_>
        <_>
          7 10 8 7 2.</_></rects>
      <tilted>0</tilted></_>
    <_>
      <rects>
        <_>
          7 4 9 10 -1.</_>
        <_>
          10 4 3 10 3.</_></rects>
      <tilted>0</tilted></_>
    <_>
      <rects>
        <_>
          7 4 16 8 -1.</_>
        <_>
          7 4 8 4 2.</_>
        <_>
          15 8 8 4 2.</_></rects>
      <tilted>0</tilted></_>
    <_>
      <rects>
        <_>
          7 5 6 6 -1.</_>
        <_>
          9 5 2 6 3.</_></rects>
      <tilted>0</tilted></_>
    <_>
      <rects>
        <_>
          7 9 4 6 -1.</_>
        <_>
          7 11 4 2 3.</_></rects>
      <tilted>0</tilted></_>
    <_>
      <rects>
        <_>
          7 12 4 4 -1.</_>
        <_>
          7 12 2 2 2.</_>
        <_>
          9 14 2 2 2.</_></rects>
      <tilted>0</tilted></_>
    <_>
      <rects>
        <_>
          7 14 6 7 -1.</_>
        <_>
          9 14 2 7 3.</_></rects>
      <tilted>0</tilted></_>
    <_>
      <rects>
        <_>
          7 15 17 2 -1.</_>
        <_>
          7 16 17 1 2.</_></rects>
      <tilted>0</tilted></_>
    <_>
      <rects>
        <_>
          7 18 12 1 -1.</_>
        <_>
          13 18 6 1 2.</_></rects>
      <tilted>0</tilted></_>
    <_>
      <rects>
        <_>
          7 20 2 2 -1.</_>
        <_>
          7 20 1 1 2.</_>
        <_>
          8 21 1 1 2.</_></rects>
      <tilted>0</tilted></_>
    <_>
      <rects>
        <_>
          8 1 9 15 -1.</_>
        <_>
          11 1 3 15 3.</_></rects>
      <tilted>0</tilted></_>
    <_>
      <rects>
        <_>
          8 2 4 2 -1.</_>
        <_>
          8 3 4 1 2.</_></rects>
      <tilted>0</tilted></_>
    <_>
      <rects>
        <_>
          8 10 6 12 -1.</_>
        <_>
          10 10 2 12 3.</_></rects>
      <tilted>0</tilted></_>
    <_>
      <rects>
        <_>
          8 15 5 2 -1.</_>
        <_>
          8 16 5 1 2.</_></rects>
      <tilted>0</tilted></_>
    <_>
      <rects>
        <_>
          8 16 14 4 -1.</_>
        <_>
          8 16 7 2 2.</_>
        <_>
          15 18 7 2 2.</_></rects>
      <tilted>0</tilted></_>
    <_>
      <rects>
        <_>
          9 1 2 16 -1.</_>
        <_>
          9 9 2 8 2.</_></rects>
      <tilted>0</tilted></_>
    <_>
      <rects>
        <_>
          9 1 5 3 -1.</_>
        <_>
          9 2 5 1 3.</_></rects>
      <tilted>0</tilted></_>
    <_>
      <rects>
        <_>
          9 2 1 12 -1.</_>
        <_>
          9 8 1 6 2.</_></rects>
      <tilted>0</tilted></_>
    <_>
      <rects>
        <_>
          9 2 12 10 -1.</_>
        <_>
          9 2 6 5 2.</_>
        <_>
          15 7 6 5 2.</_></rects>
      <tilted>0</tilted></_>
    <_>
      <rects>
        <_>
          9 3 3 7 -1.</_>
        <_>
          10 3 1 7 3.</_></rects>
      <tilted>0</tilted></_>
    <_>
      <rects>
        <_>
          9 3 5 16 -1.</_>
        <_>
          9 11 5 8 2.</_></rects>
      <tilted>0</tilted></_>
    <_>
      <rects>
        <_>
          9 4 3 5 -1.</_>
        <_>
          10 4 1 5 3.</_></rects>
      <tilted>0</tilted></_>
    <_>
      <rects>
        <_>
          9 12 4 8 -1.</_>
        <_>
          9 16 4 4 2.</_></rects>
      <tilted>0</tilted></_>
    <_>
      <rects>
        <_>
          9 17 8 2 -1.</_>
        <_>
          13 17 4 2 2.</_></rects>
      <tilted>0</tilted></_>
    <_>
      <rects>
        <_>
          9 19 2 4 -1.</_>
        <_>
          9 21 2 2 2.</_></rects>
      <tilted>0</tilted></_>
    <_>
      <rects>
        <_>
          10 0 3 3 -1.</_>
        <_>
          10 1 3 1 3.</_></rects>
      <tilted>0</tilted></_>
    <_>
      <rects>
        <_>
          10 0 5 6 -1.</_>
        <_>
          10 2 5 2 3.</_></rects>
      <tilted>0</tilted></_>
    <_>
      <rects>
        <_>
          10 0 14 4 -1.</_>
        <_>
          10 0 7 2 2.</_>
        <_>
          17 2 7 2 2.</_></rects>
      <tilted>0</tilted></_>
    <_>
      <rects>
        <_>
          10 1 5 3 -1.</_>
        <_>
          10 2 5 1 3.</_></rects>
      <tilted>0</tilted></_>
    <_>
      <rects>
        <_>
          10 2 9 4 -1.</_>
        <_>
          13 2 3 4 3.</_></rects>
      <tilted>0</tilted></_>
    <_>
      <rects>
        <_>
          10 3 2 2 -1.</_>
        <_>
          11 3 1 2 2.</_></rects>
      <tilted>0</tilted></_>
    <_>
      <rects>
        <_>
          10 3 3 7 -1.</_>
        <_>
          11 3 1 7 3.</_></rects>
      <tilted>0</tilted></_>
    <_>
      <rects>
        <_>
          10 7 13 6 -1.</_>
        <_>
          10 9 13 2 3.</_></rects>
      <tilted>0</tilted></_>
    <_>
      <rects>
        <_>
          10 11 4 6 -1.</_>
        <_>
          10 13 4 2 3.</_></rects>
      <tilted>0</tilted></_>
    <_>
      <rects>
        <_>
          10 16 10 8 -1.</_>
        <_>
          10 16 5 4 2.</_>
        <_>
          15 20 5 4 2.</_></rects>
      <tilted>0</tilted></_>
    <_>
      <rects>
        <_>
          10 21 2 3 -1.</_>
        <_>
          10 22 2 1 3.</_></rects>
      <tilted>0</tilted></_>
    <_>
      <rects>
        <_>
          11 0 2 6 -1.</_>
        <_>
          11 2 2 2 3.</_></rects>
      <tilted>0</tilted></_>
    <_>
      <rects>
        <_>
          11 3 4 5 -1.</_>
        <_>
          13 3 2 5 2.</_></rects>
      <tilted>0</tilted></_>
    <_>
      <rects>
        <_>
          11 4 3 8 -1.</_>
        <_>
          12 4 1 8 3.</_></rects>
      <tilted>0</tilted></_>
    <_>
      <rects>
        <_>
          11 5 3 5 -1.</_>
        <_>
          12 5 1 5 3.</_></rects>
      <tilted>0</tilted></_>
    <_>
      <rects>
        <_>
          11 5 13 3 -1.</_>
        <_>
          11 6 13 1 3.</_></rects>
      <tilted>0</tilted></_>
    <_>
      <rects>
        <_>
          11 7 10 1 -1.</_>
        <_>
          16 7 5 1 2.</_></rects>
      <tilted>0</tilted></_>
    <_>
      <rects>
        <_>
          11 10 1 2 -1.</_>
        <_>
          11 11 1 1 2.</_></rects>
      <tilted>0</tilted></_>
    <_>
      <rects>
        <_>
          11 11 1 2 -1.</_>
        <_>
          11 12 1 1 2.</_></rects>
      <tilted>0</tilted></_>
    <_>
      <rects>
        <_>
          11 11 6 2 -1.</_>
        <_>
          11 12 6 1 2.</_></rects>
      <tilted>0</tilted></_>
    <_>
      <rects>
        <_>
          11 13 2 4 -1.</_>
        <_>
          11 13 1 2 2.</_>
        <_>
          12 15 1 2 2.</_></rects>
      <tilted>0</tilted></_>
    <_>
      <rects>
        <_>
          11 13 4 4 -1.</_>
        <_>
          11 13 2 2 2.</_>
        <_>
          13 15 2 2 2.</_></rects>
      <tilted>0</tilted></_>
    <_>
      <rects>
        <_>
          11 16 8 1 -1.</_>
        <_>
          15 16 4 1 2.</_></rects>
      <tilted>0</tilted></_>
    <_>
      <rects>
        <_>
          11 21 3 1 -1.</_>
        <_>
          12 21 1 1 3.</_></rects>
      <tilted>0</tilted></_>
    <_>
      <rects>
        <_>
          12 0 1 4 -1.</_>
        <_>
          12 2 1 2 2.</_></rects>
      <tilted>0</tilted></_>
    <_>
      <rects>
        <_>
          12 1 3 3 -1.</_>
        <_>
          12 2 3 1 3.</_></rects>
      <tilted>0</tilted></_>
    <_>
      <rects>
        <_>
          12 3 2 6 -1.</_>
        <_>
          12 3 1 3 2.</_>
        <_>
          13 6 1 3 2.</_></rects>
      <tilted>0</tilted></_>
    <_>
      <rects>
        <_>
          12 9 9 3 -1.</_>
        <_>
          15 9 3 3 3.</_></rects>
      <tilted>0</tilted></_>
    <_>
      <rects>
        <_>
          12 9 12 12 -1.</_>
        <_>
          16 9 4 12 3.</_></rects>
      <tilted>0</tilted></_>
    <_>
      <rects>
        <_>
          12 22 1 2 -1.</_>
        <_>
          12 23 1 1 2.</_></rects>
      <tilted>0</tilted></_>
    <_>
      <rects>
        <_>
          13 0 2 4 -1.</_>
        <_>
          13 2 2 2 2.</_></rects>
      <tilted>0</tilted></_>
    <_>
      <rects>
        <_>
          13 1 6 18 -1.</_>
        <_>
          13 1 3 9 2.</_>
        <_>
          16 10 3 9 2.</_></rects>
      <tilted>0</tilted></_>
    <_>
      <rects>
        <_>
          13 2 9 18 -1.</_>
        <_>
          16 2 3 18 3.</_></rects>
      <tilted>0</tilted></_>
    <_>
      <rects>
        <_>
          13 5 4 6 -1.</_>
        <_>
          15 5 2 6 2.</_></rects>
      <tilted>0</tilted></_>
    <_>
      <rects>
        <_>
          13 6 2 2 -1.</_>
        <_>
          13 6 1 1 2.</_>
        <_>
          14 7 1 1 2.</_></rects>
      <tilted>0</tilted></_>
    <_>
      <rects>
        <_>
          13 8 4 2 -1.</_>
        <_>
          15 8 2 2 2.</_></rects>
      <tilted>0</tilted></_>
    <_>
      <rects>
        <_>
          13 9 3 1 -1.</_>
        <_>
          14 9 1 1 3.</_></rects>
      <tilted>0</tilted></_>
    <_>
      <rects>
        <_>
          13 9 6 8 -1.</_>
        <_>
          13 13 6 4 2.</_></rects>
      <tilted>0</tilted></_>
    <_>
      <rects>
        <_>
          13 12 3 3 -1.</_>
        <_>
          13 13 3 1 3.</_></rects>
      <tilted>0</tilted></_>
    <_>
      <rects>
        <_>
          13 13 10 2 -1.</_>
        <_>
          18 13 5 2 2.</_></rects>
      <tilted>0</tilted></_>
    <_>
      <rects>
        <_>
          13 17 4 4 -1.</_>
        <_>
          13 17 2 2 2.</_>
        <_>
          15 19 2 2 2.</_></rects>
      <tilted>0</tilted></_>
    <_>
      <rects>
        <_>
          13 20 8 4 -1.</_>
        <_>
          13 20 4 2 2.</_>
        <_>
          17 22 4 2 2.</_></rects>
      <tilted>0</tilted></_>
    <_>
      <rects>
        <_>
          13 20 10 4 -1.</_>
        <_>
          13 20 5 2 2.</_>
        <_>
          18 22 5 2 2.</_></rects>
      <tilted>0</tilted></_>
    <_>
      <rects>
        <_>
          13 22 2 2 -1.</_>
        <_>
          13 23 2 1 2.</_></rects>
      <tilted>0</tilted></_>
    <_>
      <rects>
        <_>
          14 0 6 18 -1.</_>
        <_>
          14 6 6 6 3.</_></rects>
      <tilted>0</tilted></_>
    <_>
      <rects>
        <_>
          14 1 4 4 -1.</_>
        <_>
          14 1 2 2 2.</_>
        <_>
          16 3 2 2 2.</_></rects>
      <tilted>0</tilted></_>
    <_>
      <rects>
        <_>
          14 3 8 4 -1.</_>
        <_>
          18 3 4 4 2.</_></rects>
      <tilted>0</tilted></_>
    <_>
      <rects>
        <_>
          14 3 6 2 -1.</_>
        <_>
          14 4 6 1 2.</_></rects>
      <tilted>0</tilted></_>
    <_>
      <rects>
        <_>
          14 7 2 1 -1.</_>
        <_>
          15 7 1 1 2.</_></rects>
      <tilted>0</tilted></_>
    <_>
      <rects>
        <_>
          14 7 9 15 -1.</_>
        <_>
          17 7 3 15 3.</_></rects>
      <tilted>0</tilted></_>
    <_>
      <rects>
        <_>
          14 7 6 10 -1.</_>
        <_>
          14 12 6 5 2.</_></rects>
      <tilted>0</tilted></_>
    <_>
      <rects>
        <_>
          14 7 6 12 -1.</_>
        <_>
          14 13 6 6 2.</_></rects>
      <tilted>0</tilted></_>
    <_>
      <rects>
        <_>
          14 8 3 2 -1.</_>
        <_>
          14 9 3 1 2.</_></rects>
      <tilted>0</tilted></_>
    <_>
      <rects>
        <_>
          14 10 1 8 -1.</_>
        <_>
          14 14 1 4 2.</_></rects>
      <tilted>0</tilted></_>
    <_>
      <rects>
        <_>
          14 11 2 1 -1.</_>
        <_>
          15 11 1 1 2.</_></rects>
      <tilted>0</tilted></_>
    <_>
      <rects>
        <_>
          14 14 6 9 -1.</_>
        <_>
          14 17 6 3 3.</_></rects>
      <tilted>0</tilted></_>
    <_>
      <rects>
        <_>
          14 16 5 8 -1.</_>
        <_>
          14 20 5 4 2.</_></rects>
      <tilted>0</tilted></_>
    <_>
      <rects>
        <_>
          14 17 3 6 -1.</_>
        <_>
          14 19 3 2 3.</_></rects>
      <tilted>0</tilted></_>
    <_>
      <rects>
        <_>
          14 17 6 2 -1.</_>
        <_>
          14 18 6 1 2.</_></rects>
      <tilted>0</tilted></_>
    <_>
      <rects>
        <_>
          14 19 5 4 -1.</_>
        <_>
          14 21 5 2 2.</_></rects>
      <tilted>0</tilted></_>
    <_>
      <rects>
        <_>
          14 20 1 4 -1.</_>
        <_>
          14 22 1 2 2.</_></rects>
      <tilted>0</tilted></_>
    <_>
      <rects>
        <_>
          14 21 2 2 -1.</_>
        <_>
          14 22 2 1 2.</_></rects>
      <tilted>0</tilted></_>
    <_>
      <rects>
        <_>
          14 22 1 2 -1.</_>
        <_>
          14 23 1 1 2.</_></rects>
      <tilted>0</tilted></_>
    <_>
      <rects>
        <_>
          15 0 7 21 -1.</_>
        <_>
          15 7 7 7 3.</_></rects>
      <tilted>0</tilted></_>
    <_>
      <rects>
        <_>
          15 3 6 2 -1.</_>
        <_>
          15 3 3 1 2.</_>
        <_>
          18 4 3 1 2.</_></rects>
      <tilted>0</tilted></_>
    <_>
      <rects>
        <_>
          15 8 2 16 -1.</_>
        <_>
          16 8 1 16 2.</_></rects>
      <tilted>0</tilted></_>
    <_>
      <rects>
        <_>
          15 8 6 4 -1.</_>
        <_>
          15 10 6 2 2.</_></rects>
      <tilted>0</tilted></_>
    <_>
      <rects>
        <_>
          15 11 8 6 -1.</_>
        <_>
          15 11 4 3 2.</_>
        <_>
          19 14 4 3 2.</_></rects>
      <tilted>0</tilted></_>
    <_>
      <rects>
        <_>
          15 12 8 10 -1.</_>
        <_>
          15 12 4 5 2.</_>
        <_>
          19 17 4 5 2.</_></rects>
      <tilted>0</tilted></_>
    <_>
      <rects>
        <_>
          15 15 2 2 -1.</_>
        <_>
          15 15 1 1 2.</_>
        <_>
          16 16 1 1 2.</_></rects>
      <tilted>0</tilted></_>
    <_>
      <rects>
        <_>
          15 15 4 6 -1.</_>
        <_>
          15 15 2 3 2.</_>
        <_>
          17 18 2 3 2.</_></rects>
      <tilted>0</tilted></_>
    <_>
      <rects>
        <_>
          15 21 2 2 -1.</_>
        <_>
          15 21 1 1 2.</_>
        <_>
          16 22 1 1 2.</_></rects>
      <tilted>0</tilted></_>
    <_>
      <rects>
        <_>
          16 0 4 18 -1.</_>
        <_>
          16 6 4 6 3.</_></rects>
      <tilted>0</tilted></_>
    <_>
      <rects>
        <_>
          16 3 4 6 -1.</_>
        <_>
          16 5 4 2 3.</_></rects>
      <tilted>0</tilted></_>
    <_>
      <rects>
        <_>
          16 9 8 6 -1.</_>
        <_>
          16 9 4 3 2.</_>
        <_>
          20 12 4 3 2.</_></rects>
      <tilted>0</tilted></_>
    <_>
      <rects>
        <_>
          16 11 3 5 -1.</_>
        <_>
          17 11 1 5 3.</_></rects>
      <tilted>0</tilted></_>
    <_>
      <rects>
        <_>
          16 11 2 6 -1.</_>
        <_>
          16 14 2 3 2.</_></rects>
      <tilted>0</tilted></_>
    <_>
      <rects>
        <_>
          16 15 3 1 -1.</_>
        <_>
          17 15 1 1 3.</_></rects>
      <tilted>0</tilted></_>
    <_>
      <rects>
        <_>
          16 15 4 9 -1.</_>
        <_>
          16 18 4 3 3.</_></rects>
      <tilted>0</tilted></_>
    <_>
      <rects>
        <_>
          16 16 2 4 -1.</_>
        <_>
          16 16 1 2 2.</_>
        <_>
          17 18 1 2 2.</_></rects>
      <tilted>0</tilted></_>
    <_>
      <rects>
        <_>
          16 18 6 4 -1.</_>
        <_>
          16 18 3 2 2.</_>
        <_>
          19 20 3 2 2.</_></rects>
      <tilted>0</tilted></_>
    <_>
      <rects>
        <_>
          17 2 2 6 -1.</_>
        <_>
          17 5 2 3 2.</_></rects>
      <tilted>0</tilted></_>
    <_>
      <rects>
        <_>
          17 4 4 8 -1.</_>
        <_>
          17 8 4 4 2.</_></rects>
      <tilted>0</tilted></_>
    <_>
      <rects>
        <_>
          17 7 3 10 -1.</_>
        <_>
          18 7 1 10 3.</_></rects>
      <tilted>0</tilted></_>
    <_>
      <rects>
        <_>
          17 17 3 1 -1.</_>
        <_>
          18 17 1 1 3.</_></rects>
      <tilted>0</tilted></_>
    <_>
      <rects>
        <_>
          17 19 1 4 -1.</_>
        <_>
          17 21 1 2 2.</_></rects>
      <tilted>0</tilted></_>
    <_>
      <rects>
        <_>
          18 0 6 12 -1.</_>
        <_>
          18 0 3 6 2.</_>
        <_>
          21 6 3 6 2.</_></rects>
      <tilted>0</tilted></_>
    <_>
      <rects>
        <_>
          18 12 3 3 -1.</_>
        <_>
          19 12 1 3 3.</_></rects>
      <tilted>0</tilted></_>
    <_>
      <rects>
        <_>
          18 12 2 8 -1.</_>
        <_>
          18 12 1 4 2.</_>
        <_>
          19 16 1 4 2.</_></rects>
      <tilted>0</tilted></_>
    <_>
      <rects>
        <_>
          18 17 2 2 -1.</_>
        <_>
          18 17 1 1 2.</_>
        <_>
          19 18 1 1 2.</_></rects>
      <tilted>0</tilted></_>
    <_>
      <rects>
        <_>
          19 0 4 20 -1.</_>
        <_>
          19 0 2 10 2.</_>
        <_>
          21 10 2 10 2.</_></rects>
      <tilted>0</tilted></_>
    <_>
      <rects>
        <_>
          19 2 2 8 -1.</_>
        <_>
          19 2 1 4 2.</_>
        <_>
          20 6 1 4 2.</_></rects>
      <tilted>0</tilted></_>
    <_>
      <rects>
        <_>
          19 9 3 4 -1.</_>
        <_>
          20 9 1 4 3.</_></rects>
      <tilted>0</tilted></_>
    <_>
      <rects>
        <_>
          19 14 2 2 -1.</_>
        <_>
          19 14 1 1 2.</_>
        <_>
          20 15 1 1 2.</_></rects>
      <tilted>0</tilted></_>
    <_>
      <rects>
        <_>
          19 16 2 4 -1.</_>
        <_>
          19 16 1 2 2.</_>
        <_>
          20 18 1 2 2.</_></rects>
      <tilted>0</tilted></_>
    <_>
      <rects>
        <_>
          19 18 2 4 -1.</_>
        <_>
          19 18 1 2 2.</_>
        <_>
          20 20 1 2 2.</_></rects>
      <tilted>0</tilted></_>
    <_>
      <rects>
        <_>
          19 20 4 3 -1.</_>
        <_>
          19 21 4 1 3.</_></rects>
      <tilted>0</tilted></_>
    <_>
      <rects>
        <_>
          19 22 4 2 -1.</_>
        <_>
          19 23 4 1 2.</_></rects>
      <tilted>0</tilted></_>
    <_>
      <rects>
        <_>
          21 0 2 15 -1.</_>
        <_>
          21 5 2 5 3.</_></rects>
      <tilted>0</tilted></_>
    <_>
      <rects>
        <_>
          22 2 1 12 -1.</_>
        <_>
          22 6 1 4 3.</_></rects>
      <tilted>0</tilted></_>
    <_>
      <rects>
        <_>
          23 0 1 15 -1.</_>
        <_>
          23 5 1 5 3.</_></rects>
      <tilted>0</tilted></_>
    <_>
      <rects>
        <_>
          23 7 1 6 -1.</_>
        <_>
          23 10 1 3 2.</_></rects>
      <tilted>0</tilted></_></features></cascade>
</opencv_storage>
