<?xml version="1.0"?>
<opencv_storage>
<stage18>
  <maxWeakCount>14</maxWeakCount>
  <stageThreshold>-3.0659070611000061e-01</stageThreshold>
  <weakClassifiers>
    <_>
      <internalNodes>
        0 -1 162109 1.9846089184284210e-02</internalNodes>
      <leafValues>
        4.7908744215965271e-01 -7.0270270109176636e-01</leafValues></_>
    <_>
      <internalNodes>
        0 -1 86424 8.9231058955192566e-03</internalNodes>
      <leafValues>
        -1.8320995569229126e-01 7.5255900621414185e-01</leafValues></_>
    <_>
      <internalNodes>
        0 -1 95718 -8.8996998965740204e-03</internalNodes>
      <leafValues>
        -5.3338330984115601e-01 2.6496383547782898e-01</leafValues></_>
    <_>
      <internalNodes>
        0 -1 70684 2.2532902657985687e-03</internalNodes>
      <leafValues>
        -2.3332346975803375e-01 5.2831864356994629e-01</leafValues></_>
    <_>
      <internalNodes>
        0 -1 70289 -4.8922877758741379e-03</internalNodes>
      <leafValues>
        7.5521510839462280e-01 -1.5103746950626373e-01</leafValues></_>
    <_>
      <internalNodes>
        0 -1 148954 -2.9555705841630697e-03</internalNodes>
      <leafValues>
        3.2308983802795410e-01 -3.7564444541931152e-01</leafValues></_>
    <_>
      <internalNodes>
        0 -1 147696 -4.1840973426587880e-04</internalNodes>
      <leafValues>
        5.3232061862945557e-01 -2.2387947142124176e-01</leafValues></_>
    <_>
      <internalNodes>
        0 -1 108173 2.7156632393598557e-02</internalNodes>
      <leafValues>
        1.1794610321521759e-01 -9.4128936529159546e-01</leafValues></_>
    <_>
      <internalNodes>
        0 -1 45549 6.2238506507128477e-04</internalNodes>
      <leafValues>
        -2.4709838628768921e-01 4.8341965675354004e-01</leafValues></_>
    <_>
      <internalNodes>
        0 -1 43038 -1.0540779680013657e-02</internalNodes>
      <leafValues>
        8.4949845075607300e-01 -1.3774350285530090e-01</leafValues></_>
    <_>
      <internalNodes>
        0 -1 136895 5.4524117149412632e-04</internalNodes>
      <leafValues>
        3.0449888110160828e-01 -4.5013791322708130e-01</leafValues></_>
    <_>
      <internalNodes>
        0 -1 52340 4.3236590921878815e-02</internalNodes>
      <leafValues>
        -2.1434262394905090e-01 6.6656315326690674e-01</leafValues></_>
    <_>
      <internalNodes>
        0 -1 55288 -1.6602700948715210e-01</internalNodes>
      <leafValues>
        7.9425370693206787e-01 -1.2873180210590363e-01</leafValues></_>
    <_>
      <internalNodes>
        0 -1 88796 -1.8180717015638947e-03</internalNodes>
      <leafValues>
        5.2153700590133667e-01 -2.0220416784286499e-01</leafValues></_></weakClassifiers></stage18>
</opencv_storage>
