<?xml version="1.0"?>
<opencv_storage>
<stage17>
  <maxWeakCount>9</maxWeakCount>
  <stageThreshold>-7.9148447513580322e-01</stageThreshold>
  <weakClassifiers>
    <_>
      <internalNodes>
        0 -1 121235 1.9533627200871706e-03</internalNodes>
      <leafValues>
        4.7565543651580811e-01 -8.1818181276321411e-01</leafValues></_>
    <_>
      <internalNodes>
        0 -1 125522 5.4531730711460114e-04</internalNodes>
      <leafValues>
        3.3695462346076965e-01 -5.2601325511932373e-01</leafValues></_>
    <_>
      <internalNodes>
        0 -1 70825 1.0499787516891956e-02</internalNodes>
      <leafValues>
        -2.3066326975822449e-01 6.5452438592910767e-01</leafValues></_>
    <_>
      <internalNodes>
        0 -1 147782 -3.8611178752034903e-03</internalNodes>
      <leafValues>
        4.1200339794158936e-01 -4.0036174654960632e-01</leafValues></_>
    <_>
      <internalNodes>
        0 -1 156690 -1.8137783044949174e-03</internalNodes>
      <leafValues>
        6.4689856767654419e-01 -2.6292571425437927e-01</leafValues></_>
    <_>
      <internalNodes>
        0 -1 117015 -1.8709169235080481e-03</internalNodes>
      <leafValues>
        -7.9537880420684814e-01 2.2095955908298492e-01</leafValues></_>
    <_>
      <internalNodes>
        0 -1 133723 7.6068576890975237e-04</internalNodes>
      <leafValues>
        -3.1977552175521851e-01 4.6499475836753845e-01</leafValues></_>
    <_>
      <internalNodes>
        0 -1 47190 -9.0223725419491529e-04</internalNodes>
      <leafValues>
        6.9846504926681519e-01 -2.2150896489620209e-01</leafValues></_>
    <_>
      <internalNodes>
        0 -1 71850 -8.3861993625760078e-03</internalNodes>
      <leafValues>
        4.9381956458091736e-01 -3.3921611309051514e-01</leafValues></_></weakClassifiers></stage17>
</opencv_storage>
