<?xml version="1.0"?>
<opencv_storage>
<stage19>
  <maxWeakCount>9</maxWeakCount>
  <stageThreshold>-5.5279248952865601e-01</stageThreshold>
  <weakClassifiers>
    <_>
      <internalNodes>
        0 -1 90760 1.0216791927814484e-01</internalNodes>
      <leafValues>
        5.2091252803802490e-01 -1.</leafValues></_>
    <_>
      <internalNodes>
        0 -1 822 -3.5575024783611298e-02</internalNodes>
      <leafValues>
        4.7363266348838806e-01 -4.1544094681739807e-01</leafValues></_>
    <_>
      <internalNodes>
        0 -1 129159 -3.3473670482635498e-02</internalNodes>
      <leafValues>
        4.3592616915702820e-01 -3.0886340141296387e-01</leafValues></_>
    <_>
      <internalNodes>
        0 -1 131517 5.5503949988633394e-04</internalNodes>
      <leafValues>
        2.1111649274826050e-01 -6.7052811384201050e-01</leafValues></_>
    <_>
      <internalNodes>
        0 -1 142962 2.4255262687802315e-02</internalNodes>
      <leafValues>
        -2.0473957061767578e-01 7.6125437021255493e-01</leafValues></_>
    <_>
      <internalNodes>
        0 -1 119889 -1.3407673395704478e-04</internalNodes>
      <leafValues>
        4.9992248415946960e-01 -2.5245544314384460e-01</leafValues></_>
    <_>
      <internalNodes>
        0 -1 135257 1.4636518433690071e-02</internalNodes>
      <leafValues>
        -2.8686478734016418e-01 4.6412199735641479e-01</leafValues></_>
    <_>
      <internalNodes>
        0 -1 147829 -1.0292589431628585e-03</internalNodes>
      <leafValues>
        7.6781737804412842e-01 -1.9082297384738922e-01</leafValues></_>
    <_>
      <internalNodes>
        0 -1 82008 5.7153701782226563e-03</internalNodes>
      <leafValues>
        -3.3394721150398254e-01 3.7436556816101074e-01</leafValues></_></weakClassifiers></stage19>
</opencv_storage>
