<?xml version="1.0"?>
<opencv_storage>
<stage14>
  <maxWeakCount>12</maxWeakCount>
  <stageThreshold>-9.6309363842010498e-01</stageThreshold>
  <weakClassifiers>
    <_>
      <internalNodes>
        0 -1 130256 1.4352651487570256e-04</internalNodes>
      <leafValues>
        5.8117645978927612e-01 -2.6857143640518188e-01</leafValues></_>
    <_>
      <internalNodes>
        0 -1 71054 -3.1904265284538269e-02</internalNodes>
      <leafValues>
        4.1243726015090942e-01 -3.3838924765586853e-01</leafValues></_>
    <_>
      <internalNodes>
        0 -1 66701 8.4435734897851944e-03</internalNodes>
      <leafValues>
        -1.6608819365501404e-01 8.5035133361816406e-01</leafValues></_>
    <_>
      <internalNodes>
        0 -1 58627 -2.2320779040455818e-02</internalNodes>
      <leafValues>
        5.6518059968948364e-01 -3.1491106748580933e-01</leafValues></_>
    <_>
      <internalNodes>
        0 -1 119924 -1.6936953179538250e-03</internalNodes>
      <leafValues>
        6.2810271978378296e-01 -1.7862796783447266e-01</leafValues></_>
    <_>
      <internalNodes>
        0 -1 22243 9.6260141581296921e-03</internalNodes>
      <leafValues>
        -1.8631647527217865e-01 6.2554770708084106e-01</leafValues></_>
    <_>
      <internalNodes>
        0 -1 46445 -8.6707159876823425e-02</internalNodes>
      <leafValues>
        5.9520435333251953e-01 -2.1486373245716095e-01</leafValues></_>
    <_>
      <internalNodes>
        0 -1 138858 -1.8906695768237114e-03</internalNodes>
      <leafValues>
        5.9040927886962891e-01 -1.9796261191368103e-01</leafValues></_>
    <_>
      <internalNodes>
        0 -1 60597 -1.7737764865159988e-03</internalNodes>
      <leafValues>
        -6.4716726541519165e-01 2.4099446833133698e-01</leafValues></_>
    <_>
      <internalNodes>
        0 -1 106464 -4.6002534218132496e-03</internalNodes>
      <leafValues>
        8.1459349393844604e-01 -1.7952059209346771e-01</leafValues></_>
    <_>
      <internalNodes>
        0 -1 37824 1.2690012808889151e-03</internalNodes>
      <leafValues>
        -2.4628679454326630e-01 5.3415083885192871e-01</leafValues></_>
    <_>
      <internalNodes>
        0 -1 118081 -5.2491207607090473e-03</internalNodes>
      <leafValues>
        -4.8357909917831421e-01 2.3770213127136230e-01</leafValues></_></weakClassifiers></stage14>
</opencv_storage>
