<?xml version="1.0"?>
<opencv_storage>
<stage16>
  <maxWeakCount>12</maxWeakCount>
  <stageThreshold>-7.7935081720352173e-01</stageThreshold>
  <weakClassifiers>
    <_>
      <internalNodes>
        0 -1 88288 4.9545891582965851e-02</internalNodes>
      <leafValues>
        4.4565218687057495e-01 -9.5833331346511841e-01</leafValues></_>
    <_>
      <internalNodes>
        0 -1 26590 -6.6521298140287399e-03</internalNodes>
      <leafValues>
        4.0561068058013916e-01 -3.9056336879730225e-01</leafValues></_>
    <_>
      <internalNodes>
        0 -1 120641 -5.9621529653668404e-03</internalNodes>
      <leafValues>
        4.5925772190093994e-01 -3.3596414327621460e-01</leafValues></_>
    <_>
      <internalNodes>
        0 -1 52205 -5.4152659140527248e-03</internalNodes>
      <leafValues>
        3.3193683624267578e-01 -3.5015743970870972e-01</leafValues></_>
    <_>
      <internalNodes>
        0 -1 87585 -2.3613339290022850e-03</internalNodes>
      <leafValues>
        6.6664159297943115e-01 -2.1699388325214386e-01</leafValues></_>
    <_>
      <internalNodes>
        0 -1 138814 -1.5711012529209256e-03</internalNodes>
      <leafValues>
        3.6673021316528320e-01 -3.4990677237510681e-01</leafValues></_>
    <_>
      <internalNodes>
        0 -1 162223 -1.5679094940423965e-03</internalNodes>
      <leafValues>
        -4.6100226044654846e-01 3.1247168779373169e-01</leafValues></_>
    <_>
      <internalNodes>
        0 -1 143963 2.8590226429514587e-04</internalNodes>
      <leafValues>
        -2.5561845302581787e-01 6.0286659002304077e-01</leafValues></_>
    <_>
      <internalNodes>
        0 -1 157189 1.3134039181750268e-04</internalNodes>
      <leafValues>
        -2.0973874628543854e-01 5.2744621038436890e-01</leafValues></_>
    <_>
      <internalNodes>
        0 -1 65598 3.8545709103345871e-03</internalNodes>
      <leafValues>
        -1.7795078456401825e-01 6.1809986829757690e-01</leafValues></_>
    <_>
      <internalNodes>
        0 -1 9437 4.2626197682693601e-04</internalNodes>
      <leafValues>
        2.0009611546993256e-01 -6.9687318801879883e-01</leafValues></_>
    <_>
      <internalNodes>
        0 -1 48207 -5.0144968554377556e-03</internalNodes>
      <leafValues>
        9.4569444656372070e-01 -1.5547160804271698e-01</leafValues></_></weakClassifiers></stage16>
</opencv_storage>
