<?xml version="1.0"?>
<opencv_storage>
<stage15>
  <maxWeakCount>9</maxWeakCount>
  <stageThreshold>-5.5964946746826172e-01</stageThreshold>
  <weakClassifiers>
    <_>
      <internalNodes>
        0 -1 83960 -3.7711560726165771e-02</internalNodes>
      <leafValues>
        7.4517375230789185e-01 2.0527860149741173e-02</leafValues></_>
    <_>
      <internalNodes>
        0 -1 39881 -7.7348120976239443e-04</internalNodes>
      <leafValues>
        -5.0419646501541138e-01 3.0385214090347290e-01</leafValues></_>
    <_>
      <internalNodes>
        0 -1 68471 6.6212967038154602e-02</internalNodes>
      <leafValues>
        -1.8798679113388062e-01 7.1434587240219116e-01</leafValues></_>
    <_>
      <internalNodes>
        0 -1 69265 -2.0726127550005913e-03</internalNodes>
      <leafValues>
        6.9826513528823853e-01 -2.0103287696838379e-01</leafValues></_>
    <_>
      <internalNodes>
        0 -1 108586 1.2106623034924269e-03</internalNodes>
      <leafValues>
        1.7511324584484100e-01 -8.6947208642959595e-01</leafValues></_>
    <_>
      <internalNodes>
        0 -1 36318 -7.0540742017328739e-03</internalNodes>
      <leafValues>
        5.8877307176589966e-01 -2.9199227690696716e-01</leafValues></_>
    <_>
      <internalNodes>
        0 -1 72975 -6.0596046969294548e-03</internalNodes>
      <leafValues>
        4.3238952755928040e-01 -3.0774384737014771e-01</leafValues></_>
    <_>
      <internalNodes>
        0 -1 80823 3.3773363102227449e-03</internalNodes>
      <leafValues>
        2.5506117939949036e-01 -4.8965933918952942e-01</leafValues></_>
    <_>
      <internalNodes>
        0 -1 130535 -1.3386579666985199e-05</internalNodes>
      <leafValues>
        4.0593072772026062e-01 -3.2544812560081482e-01</leafValues></_></weakClassifiers></stage15>
</opencv_storage>
