<?xml version="1.0"?>
<opencv_storage>
<stage11>
  <maxWeakCount>13</maxWeakCount>
  <stageThreshold>-6.4815318584442139e-01</stageThreshold>
  <weakClassifiers>
    <_>
      <internalNodes>
        0 -1 74354 7.6335787773132324e-02</internalNodes>
      <leafValues>
        -8.2089550793170929e-02 6.6867470741271973e-01</leafValues></_>
    <_>
      <internalNodes>
        0 -1 151734 1.9756720867007971e-03</internalNodes>
      <leafValues>
        -1.8703702092170715e-01 5.7649999856948853e-01</leafValues></_>
    <_>
      <internalNodes>
        0 -1 147095 1.8592597916722298e-03</internalNodes>
      <leafValues>
        -3.0700632929801941e-01 4.0756386518478394e-01</leafValues></_>
    <_>
      <internalNodes>
        0 -1 84224 -1.1836104094982147e-02</internalNodes>
      <leafValues>
        -7.8518861532211304e-01 1.2058335542678833e-01</leafValues></_>
    <_>
      <internalNodes>
        0 -1 59739 1.5689735300838947e-03</internalNodes>
      <leafValues>
        -1.5735268592834473e-01 7.0117515325546265e-01</leafValues></_>
    <_>
      <internalNodes>
        0 -1 150124 -4.3728873133659363e-03</internalNodes>
      <leafValues>
        5.3597182035446167e-01 -1.6612794995307922e-01</leafValues></_>
    <_>
      <internalNodes>
        0 -1 48026 -1.4543191529810429e-02</internalNodes>
      <leafValues>
        4.5033624768257141e-01 -2.3021554946899414e-01</leafValues></_>
    <_>
      <internalNodes>
        0 -1 104878 2.4985687807202339e-02</internalNodes>
      <leafValues>
        -1.6550777852535248e-01 7.5086623430252075e-01</leafValues></_>
    <_>
      <internalNodes>
        0 -1 2202 4.6479946468025446e-04</internalNodes>
      <leafValues>
        2.0207381248474121e-01 -5.3602457046508789e-01</leafValues></_>
    <_>
      <internalNodes>
        0 -1 97811 1.7887098714709282e-02</internalNodes>
      <leafValues>
        -1.5894259512424469e-01 6.6951447725296021e-01</leafValues></_>
    <_>
      <internalNodes>
        0 -1 161344 -9.8936744034290314e-03</internalNodes>
      <leafValues>
        -8.4217137098312378e-01 1.4598615467548370e-01</leafValues></_>
    <_>
      <internalNodes>
        0 -1 122049 -2.1357205696403980e-03</internalNodes>
      <leafValues>
        5.5035823583602905e-01 -2.0813512802124023e-01</leafValues></_>
    <_>
      <internalNodes>
        0 -1 107730 4.6419417485594749e-03</internalNodes>
      <leafValues>
        -1.5648172795772552e-01 7.2339385747909546e-01</leafValues></_></weakClassifiers></stage11>
</opencv_storage>
