<?xml version="1.0"?>
<opencv_storage>
<stage10>
  <maxWeakCount>14</maxWeakCount>
  <stageThreshold>-9.3159025907516479e-01</stageThreshold>
  <weakClassifiers>
    <_>
      <internalNodes>
        0 -1 4481 -7.7481716871261597e-03</internalNodes>
      <leafValues>
        5.6730771064758301e-01 -1.9565217196941376e-01</leafValues></_>
    <_>
      <internalNodes>
        0 -1 99973 1.3116268441081047e-02</internalNodes>
      <leafValues>
        -1.5498167276382446e-01 7.0222699642181396e-01</leafValues></_>
    <_>
      <internalNodes>
        0 -1 143396 8.1941429525613785e-03</internalNodes>
      <leafValues>
        -1.2199319154024124e-01 7.5370752811431885e-01</leafValues></_>
    <_>
      <internalNodes>
        0 -1 97512 2.2271270863711834e-03</internalNodes>
      <leafValues>
        -1.9211845099925995e-01 6.0763424634933472e-01</leafValues></_>
    <_>
      <internalNodes>
        0 -1 91447 2.8990567661821842e-03</internalNodes>
      <leafValues>
        -1.3199461996555328e-01 9.0863901376724243e-01</leafValues></_>
    <_>
      <internalNodes>
        0 -1 37520 -4.5416496694087982e-02</internalNodes>
      <leafValues>
        6.6406685113906860e-01 -1.1941123008728027e-01</leafValues></_>
    <_>
      <internalNodes>
        0 -1 133294 -1.6524102538824081e-03</internalNodes>
      <leafValues>
        6.4898723363876343e-01 -1.7208924889564514e-01</leafValues></_>
    <_>
      <internalNodes>
        0 -1 101157 3.2939766533672810e-03</internalNodes>
      <leafValues>
        1.6753733158111572e-01 -7.4781781435012817e-01</leafValues></_>
    <_>
      <internalNodes>
        0 -1 62293 2.4500931613147259e-03</internalNodes>
      <leafValues>
        -1.6794906556606293e-01 7.1077495813369751e-01</leafValues></_>
    <_>
      <internalNodes>
        0 -1 137618 -6.5387546783313155e-05</internalNodes>
      <leafValues>
        3.4326964616775513e-01 -3.6987906694412231e-01</leafValues></_>
    <_>
      <internalNodes>
        0 -1 50614 -5.8968793600797653e-03</internalNodes>
      <leafValues>
        4.3477338552474976e-01 -2.8406137228012085e-01</leafValues></_>
    <_>
      <internalNodes>
        0 -1 136642 -3.8237005472183228e-02</internalNodes>
      <leafValues>
        4.4781145453453064e-01 -2.6973286271095276e-01</leafValues></_>
    <_>
      <internalNodes>
        0 -1 49427 2.0583076402544975e-03</internalNodes>
      <leafValues>
        -2.0560714602470398e-01 5.2650171518325806e-01</leafValues></_>
    <_>
      <internalNodes>
        0 -1 13197 -5.0908059347420931e-04</internalNodes>
      <leafValues>
        -4.9524396657943726e-01 2.4570889770984650e-01</leafValues></_></weakClassifiers></stage10>
</opencv_storage>
