<?xml version="1.0"?>
<opencv_storage>
<stage12>
  <maxWeakCount>12</maxWeakCount>
  <stageThreshold>-5.7189494371414185e-01</stageThreshold>
  <weakClassifiers>
    <_>
      <internalNodes>
        0 -1 83699 -3.9335381239652634e-02</internalNodes>
      <leafValues>
        -9.0909093618392944e-01 4.3165466189384460e-01</leafValues></_>
    <_>
      <internalNodes>
        0 -1 100870 4.3085977435112000e-02</internalNodes>
      <leafValues>
        -3.5289096832275391e-01 4.8268511891365051e-01</leafValues></_>
    <_>
      <internalNodes>
        0 -1 107239 2.0526114851236343e-02</internalNodes>
      <leafValues>
        -2.0942355692386627e-01 8.1318396329879761e-01</leafValues></_>
    <_>
      <internalNodes>
        0 -1 138726 2.3320268839597702e-02</internalNodes>
      <leafValues>
        -2.7659192681312561e-01 5.6091529130935669e-01</leafValues></_>
    <_>
      <internalNodes>
        0 -1 59213 -1.9343586172908545e-03</internalNodes>
      <leafValues>
        6.6436910629272461e-01 -1.4781871438026428e-01</leafValues></_>
    <_>
      <internalNodes>
        0 -1 119496 -1.6585888806730509e-04</internalNodes>
      <leafValues>
        4.4780167937278748e-01 -2.8267148137092590e-01</leafValues></_>
    <_>
      <internalNodes>
        0 -1 63771 2.7018943801522255e-03</internalNodes>
      <leafValues>
        -1.7090538144111633e-01 7.1529817581176758e-01</leafValues></_>
    <_>
      <internalNodes>
        0 -1 136731 2.5590643286705017e-02</internalNodes>
      <leafValues>
        -2.3441748321056366e-01 4.9845615029335022e-01</leafValues></_>
    <_>
      <internalNodes>
        0 -1 4984 4.1396572487428784e-04</internalNodes>
      <leafValues>
        2.3961940407752991e-01 -5.0892353057861328e-01</leafValues></_>
    <_>
      <internalNodes>
        0 -1 4364 -1.2110052630305290e-02</internalNodes>
      <leafValues>
        3.1635344028472900e-01 -3.7693238258361816e-01</leafValues></_>
    <_>
      <internalNodes>
        0 -1 114302 -1.4889580197632313e-03</internalNodes>
      <leafValues>
        7.0342838764190674e-01 -2.0030942559242249e-01</leafValues></_>
    <_>
      <internalNodes>
        0 -1 157558 -4.6051878598518670e-04</internalNodes>
      <leafValues>
        -5.2006965875625610e-01 2.8592127561569214e-01</leafValues></_></weakClassifiers></stage12>
</opencv_storage>
