<?xml version="1.0"?>
<opencv_storage>
<stage13>
  <maxWeakCount>10</maxWeakCount>
  <stageThreshold>-8.3527791500091553e-01</stageThreshold>
  <weakClassifiers>
    <_>
      <internalNodes>
        0 -1 131736 6.8438629386946559e-04</internalNodes>
      <leafValues>
        -2.8571429848670959e-01 6.6666668653488159e-01</leafValues></_>
    <_>
      <internalNodes>
        0 -1 51512 -5.1934309303760529e-03</internalNodes>
      <leafValues>
        5.4759067296981812e-01 -2.8222665190696716e-01</leafValues></_>
    <_>
      <internalNodes>
        0 -1 70578 -5.9133013710379601e-03</internalNodes>
      <leafValues>
        8.9900964498519897e-01 -1.5080906450748444e-01</leafValues></_>
    <_>
      <internalNodes>
        0 -1 71768 2.5079241022467613e-02</internalNodes>
      <leafValues>
        -3.2338416576385498e-01 4.6514451503753662e-01</leafValues></_>
    <_>
      <internalNodes>
        0 -1 12280 -9.6141488756984472e-04</internalNodes>
      <leafValues>
        7.2213637828826904e-01 -1.8011675775051117e-01</leafValues></_>
    <_>
      <internalNodes>
        0 -1 59735 -8.3705771248787642e-04</internalNodes>
      <leafValues>
        7.2232067584991455e-01 -1.9433610141277313e-01</leafValues></_>
    <_>
      <internalNodes>
        0 -1 11940 2.3264514748007059e-03</internalNodes>
      <leafValues>
        3.0234435200691223e-01 -5.7066947221755981e-01</leafValues></_>
    <_>
      <internalNodes>
        0 -1 149577 -3.6948218476027250e-03</internalNodes>
      <leafValues>
        3.7099146842956543e-01 -3.8662034273147583e-01</leafValues></_>
    <_>
      <internalNodes>
        0 -1 154946 4.4049767893739045e-05</internalNodes>
      <leafValues>
        -3.0583333969116211e-01 4.9553954601287842e-01</leafValues></_>
    <_>
      <internalNodes>
        0 -1 73981 1.6051702201366425e-02</internalNodes>
      <leafValues>
        1.8288977444171906e-01 -8.5433334112167358e-01</leafValues></_></weakClassifiers></stage13>
</opencv_storage>
