<?xml version="1.0"?>
<opencv_storage>
<stage31>
  <maxWeakCount>14</maxWeakCount>
  <stageThreshold>-4.9201774597167969e-01</stageThreshold>
  <weakClassifiers>
    <_>
      <internalNodes>
        0 -1 90002 -2.1796319633722305e-02</internalNodes>
      <leafValues>
        5.9840953350067139e-01 -2.5188915897160769e-03</leafValues></_>
    <_>
      <internalNodes>
        0 -1 113686 2.7760153636336327e-02</internalNodes>
      <leafValues>
        -1.5531386435031891e-01 4.8720207810401917e-01</leafValues></_>
    <_>
      <internalNodes>
        0 -1 89731 -7.2276620194315910e-03</internalNodes>
      <leafValues>
        9.0298247337341309e-01 -9.4835676252841949e-02</leafValues></_>
    <_>
      <internalNodes>
        0 -1 114025 1.7570460215210915e-02</internalNodes>
      <leafValues>
        -1.6349279880523682e-01 5.1292169094085693e-01</leafValues></_>
    <_>
      <internalNodes>
        0 -1 143238 -3.6264781374484301e-03</internalNodes>
      <leafValues>
        4.8909181356430054e-01 -1.6389757394790649e-01</leafValues></_>
    <_>
      <internalNodes>
        0 -1 122485 -8.4653613157570362e-05</internalNodes>
      <leafValues>
        3.1934756040573120e-01 -2.4939298629760742e-01</leafValues></_>
    <_>
      <internalNodes>
        0 -1 115062 2.3814663290977478e-03</internalNodes>
      <leafValues>
        -1.3245905935764313e-01 7.5602871179580688e-01</leafValues></_>
    <_>
      <internalNodes>
        0 -1 73780 1.7827772535383701e-04</internalNodes>
      <leafValues>
        -2.1609932184219360e-01 3.8434493541717529e-01</leafValues></_>
    <_>
      <internalNodes>
        0 -1 146163 3.7528027314692736e-04</internalNodes>
      <leafValues>
        2.1433226764202118e-01 -4.2977854609489441e-01</leafValues></_>
    <_>
      <internalNodes>
        0 -1 89751 -2.6146150194108486e-03</internalNodes>
      <leafValues>
        4.4505897164344788e-01 -1.7728802561759949e-01</leafValues></_>
    <_>
      <internalNodes>
        0 -1 70658 3.0452609062194824e-03</internalNodes>
      <leafValues>
        -1.0204564034938812e-01 7.5904035568237305e-01</leafValues></_>
    <_>
      <internalNodes>
        0 -1 162092 5.8295764029026031e-04</internalNodes>
      <leafValues>
        1.6834592819213867e-01 -4.7349762916564941e-01</leafValues></_>
    <_>
      <internalNodes>
        0 -1 102707 -6.9575465749949217e-04</internalNodes>
      <leafValues>
        -6.3577145338058472e-01 1.2862186133861542e-01</leafValues></_>
    <_>
      <internalNodes>
        0 -1 101712 4.0385890752077103e-03</internalNodes>
      <leafValues>
        8.3415530622005463e-02 -7.7965033054351807e-01</leafValues></_></weakClassifiers></stage31>
</opencv_storage>
