<?xml version="1.0"?>
<opencv_storage>
<stage35>
  <maxWeakCount>3</maxWeakCount>
  <stageThreshold>-7.1166563034057617e-01</stageThreshold>
  <weakClassifiers>
    <_>
      <internalNodes>
        0 -1 132974 5.7623311877250671e-03</internalNodes>
      <leafValues>
        6.2962961196899414e-01 -9.2982459068298340e-01</leafValues></_>
    <_>
      <internalNodes>
        0 -1 4373 3.8719676434993744e-02</internalNodes>
      <leafValues>
        -3.4970182180404663e-01 6.3874530792236328e-01</leafValues></_>
    <_>
      <internalNodes>
        0 -1 129531 1.1615026742219925e-03</internalNodes>
      <leafValues>
        5.6786078214645386e-01 -2.7502122521400452e-01</leafValues></_></weakClassifiers></stage35>
</opencv_storage>
