<?xml version="1.0"?>
<opencv_storage>
<stage33>
  <maxWeakCount>14</maxWeakCount>
  <stageThreshold>-7.3331075906753540e-01</stageThreshold>
  <weakClassifiers>
    <_>
      <internalNodes>
        0 -1 108724 -3.6901971325278282e-03</internalNodes>
      <leafValues>
        -4.5355191826820374e-01 5.3417015075683594e-01</leafValues></_>
    <_>
      <internalNodes>
        0 -1 81929 -1.3766539096832275e-01</internalNodes>
      <leafValues>
        6.1832571029663086e-01 -2.0872804522514343e-01</leafValues></_>
    <_>
      <internalNodes>
        0 -1 140348 1.3183416798710823e-02</internalNodes>
      <leafValues>
        2.8802657127380371e-01 -4.8531147837638855e-01</leafValues></_>
    <_>
      <internalNodes>
        0 -1 128665 -1.6263544093817472e-03</internalNodes>
      <leafValues>
        4.9792170524597168e-01 -2.3715616762638092e-01</leafValues></_>
    <_>
      <internalNodes>
        0 -1 149277 -2.3528649471700191e-03</internalNodes>
      <leafValues>
        6.5781909227371216e-01 -1.9255486130714417e-01</leafValues></_>
    <_>
      <internalNodes>
        0 -1 82885 5.0686241593211889e-04</internalNodes>
      <leafValues>
        -2.1101506054401398e-01 5.8273011445999146e-01</leafValues></_>
    <_>
      <internalNodes>
        0 -1 133438 7.2387596592307091e-03</internalNodes>
      <leafValues>
        -1.6789932548999786e-01 6.3984286785125732e-01</leafValues></_>
    <_>
      <internalNodes>
        0 -1 106479 2.7707042172551155e-03</internalNodes>
      <leafValues>
        -1.7733731865882874e-01 6.1665225028991699e-01</leafValues></_>
    <_>
      <internalNodes>
        0 -1 49401 -3.7628045538440347e-04</internalNodes>
      <leafValues>
        -4.5239281654357910e-01 2.4327296018600464e-01</leafValues></_>
    <_>
      <internalNodes>
        0 -1 65580 1.2237399816513062e-02</internalNodes>
      <leafValues>
        -1.3201110064983368e-01 7.2577863931655884e-01</leafValues></_>
    <_>
      <internalNodes>
        0 -1 92582 5.1394681213423610e-04</internalNodes>
      <leafValues>
        2.5135582685470581e-01 -3.7954041361808777e-01</leafValues></_>
    <_>
      <internalNodes>
        0 -1 148191 8.2504702731966972e-04</internalNodes>
      <leafValues>
        3.2942286133766174e-01 -3.0909812450408936e-01</leafValues></_>
    <_>
      <internalNodes>
        0 -1 114220 3.5463792737573385e-03</internalNodes>
      <leafValues>
        -1.5400436520576477e-01 7.3504805564880371e-01</leafValues></_>
    <_>
      <internalNodes>
        0 -1 98191 2.3616848513484001e-02</internalNodes>
      <leafValues>
        -1.0728835314512253e-01 7.0063138008117676e-01</leafValues></_></weakClassifiers></stage33>
</opencv_storage>
