<?xml version="1.0"?>
<opencv_storage>
<stage36>
  <maxWeakCount>7</maxWeakCount>
  <stageThreshold>-7.3142260313034058e-01</stageThreshold>
  <weakClassifiers>
    <_>
      <internalNodes>
        0 -1 137185 -2.4016271345317364e-03</internalNodes>
      <leafValues>
        -7.2093021869659424e-01 5.8241760730743408e-01</leafValues></_>
    <_>
      <internalNodes>
        0 -1 18872 -6.1147133819758892e-03</internalNodes>
      <leafValues>
        -5.4913628101348877e-01 3.2273057103157043e-01</leafValues></_>
    <_>
      <internalNodes>
        0 -1 443 1.1765106022357941e-01</internalNodes>
      <leafValues>
        -1.7784459888935089e-01 7.1720349788665771e-01</leafValues></_>
    <_>
      <internalNodes>
        0 -1 133717 2.3083304404281080e-04</internalNodes>
      <leafValues>
        -3.6397224664688110e-01 4.5039525628089905e-01</leafValues></_>
    <_>
      <internalNodes>
        0 -1 101764 7.5897760689258575e-04</internalNodes>
      <leafValues>
        -3.5159528255462646e-01 4.4705644249916077e-01</leafValues></_>
    <_>
      <internalNodes>
        0 -1 139864 6.7165931686758995e-03</internalNodes>
      <leafValues>
        -2.7044388651847839e-01 4.6866348385810852e-01</leafValues></_>
    <_>
      <internalNodes>
        0 -1 100322 -1.0456737130880356e-02</internalNodes>
      <leafValues>
        -2.8002575039863586e-01 3.9915215969085693e-01</leafValues></_></weakClassifiers></stage36>
</opencv_storage>
