<?xml version="1.0"?>
<opencv_storage>
<stage32>
  <maxWeakCount>14</maxWeakCount>
  <stageThreshold>-7.9883903264999390e-01</stageThreshold>
  <weakClassifiers>
    <_>
      <internalNodes>
        0 -1 100076 3.5580325871706009e-02</internalNodes>
      <leafValues>
        5.1025640964508057e-01 -8.1666666269302368e-01</leafValues></_>
    <_>
      <internalNodes>
        0 -1 100584 1.5045158565044403e-02</internalNodes>
      <leafValues>
        -2.1561458706855774e-01 7.3687088489532471e-01</leafValues></_>
    <_>
      <internalNodes>
        0 -1 130940 6.3090061303228140e-04</internalNodes>
      <leafValues>
        2.1006971597671509e-01 -5.7574754953384399e-01</leafValues></_>
    <_>
      <internalNodes>
        0 -1 51982 1.4819338917732239e-01</internalNodes>
      <leafValues>
        -1.5882670879364014e-01 6.1782586574554443e-01</leafValues></_>
    <_>
      <internalNodes>
        0 -1 90555 1.0804526973515749e-03</internalNodes>
      <leafValues>
        -2.0112921297550201e-01 6.3131392002105713e-01</leafValues></_>
    <_>
      <internalNodes>
        0 -1 82306 -7.8147370368242264e-03</internalNodes>
      <leafValues>
        -4.7493973374366760e-01 2.4974483251571655e-01</leafValues></_>
    <_>
      <internalNodes>
        0 -1 143472 3.4716331865638494e-03</internalNodes>
      <leafValues>
        2.6940995454788208e-01 -3.8682585954666138e-01</leafValues></_>
    <_>
      <internalNodes>
        0 -1 151263 -1.6031744889914989e-03</internalNodes>
      <leafValues>
        7.7446407079696655e-01 -1.6126762330532074e-01</leafValues></_>
    <_>
      <internalNodes>
        0 -1 406 4.2720139026641846e-03</internalNodes>
      <leafValues>
        2.1071001887321472e-01 -4.9836456775665283e-01</leafValues></_>
    <_>
      <internalNodes>
        0 -1 151142 2.2541726939380169e-03</internalNodes>
      <leafValues>
        -1.2777747213840485e-01 7.0228946208953857e-01</leafValues></_>
    <_>
      <internalNodes>
        0 -1 16737 -1.2813800573348999e-01</internalNodes>
      <leafValues>
        6.0431635379791260e-01 -1.5096980333328247e-01</leafValues></_>
    <_>
      <internalNodes>
        0 -1 113417 1.3993941247463226e-03</internalNodes>
      <leafValues>
        -1.7334419488906860e-01 5.3734833002090454e-01</leafValues></_>
    <_>
      <internalNodes>
        0 -1 4147 6.7611446138471365e-04</internalNodes>
      <leafValues>
        1.9279091060161591e-01 -5.2148455381393433e-01</leafValues></_>
    <_>
      <internalNodes>
        0 -1 80701 -8.3647714927792549e-04</internalNodes>
      <leafValues>
        -5.0314402580261230e-01 1.8916182219982147e-01</leafValues></_></weakClassifiers></stage32>
</opencv_storage>
