<?xml version="1.0"?>
<opencv_storage>
<stage34>
  <maxWeakCount>9</maxWeakCount>
  <stageThreshold>-6.1082106828689575e-01</stageThreshold>
  <weakClassifiers>
    <_>
      <internalNodes>
        0 -1 131537 -3.3798711374402046e-03</internalNodes>
      <leafValues>
        -6.1403506994247437e-01 5.5555558204650879e-01</leafValues></_>
    <_>
      <internalNodes>
        0 -1 85365 8.3225928246974945e-03</internalNodes>
      <leafValues>
        -2.8342011570930481e-01 6.5906959772109985e-01</leafValues></_>
    <_>
      <internalNodes>
        0 -1 146430 6.3751460984349251e-03</internalNodes>
      <leafValues>
        -2.7987477183341980e-01 5.8120656013488770e-01</leafValues></_>
    <_>
      <internalNodes>
        0 -1 114985 -1.3650290202349424e-03</internalNodes>
      <leafValues>
        8.4004974365234375e-01 -2.2551462054252625e-01</leafValues></_>
    <_>
      <internalNodes>
        0 -1 70132 2.2492796182632446e-02</internalNodes>
      <leafValues>
        -1.2274888157844543e-01 8.0646586418151855e-01</leafValues></_>
    <_>
      <internalNodes>
        0 -1 112574 -7.4164639227092266e-04</internalNodes>
      <leafValues>
        6.4833605289459229e-01 -1.8237909674644470e-01</leafValues></_>
    <_>
      <internalNodes>
        0 -1 99770 -6.4416185021400452e-02</internalNodes>
      <leafValues>
        7.0250821113586426e-01 -1.4683684706687927e-01</leafValues></_>
    <_>
      <internalNodes>
        0 -1 148155 2.6117288507521152e-04</internalNodes>
      <leafValues>
        -3.4618890285491943e-01 3.9615976810455322e-01</leafValues></_>
    <_>
      <internalNodes>
        0 -1 103608 3.3985223126364872e-05</internalNodes>
      <leafValues>
        -2.7802014350891113e-01 4.2058658599853516e-01</leafValues></_></weakClassifiers></stage34>
</opencv_storage>
