<?xml version="1.0"?>
<opencv_storage>
<stage38>
  <maxWeakCount>2</maxWeakCount>
  <stageThreshold>-3.0050662159919739e-01</stageThreshold>
  <weakClassifiers>
    <_>
      <internalNodes>
        0 -1 32378 -1.4183384180068970e-01</internalNodes>
      <leafValues>
        -9.0476191043853760e-01 6.6244727373123169e-01</leafValues></_>
    <_>
      <internalNodes>
        0 -1 52261 7.5349779799580574e-03</internalNodes>
      <leafValues>
        -4.1508620977401733e-01 6.0425525903701782e-01</leafValues></_></weakClassifiers></stage38>
</opencv_storage>
