<?xml version="1.0"?>
<opencv_storage>
<stage30>
  <maxWeakCount>22</maxWeakCount>
  <stageThreshold>-6.8232750892639160e-01</stageThreshold>
  <weakClassifiers>
    <_>
      <internalNodes>
        0 -1 90641 9.2329113977029920e-04</internalNodes>
      <leafValues>
        -1.0638297535479069e-02 5.8015269041061401e-01</leafValues></_>
    <_>
      <internalNodes>
        0 -1 65485 9.8140031099319458e-02</internalNodes>
      <leafValues>
        -1.8220634758472443e-01 3.7699598073959351e-01</leafValues></_>
    <_>
      <internalNodes>
        0 -1 104069 -4.8526925966143608e-03</internalNodes>
      <leafValues>
        5.0966936349868774e-01 -1.4383317530155182e-01</leafValues></_>
    <_>
      <internalNodes>
        0 -1 49200 7.5413421727716923e-03</internalNodes>
      <leafValues>
        -1.7196139693260193e-01 4.0108478069305420e-01</leafValues></_>
    <_>
      <internalNodes>
        0 -1 102723 -3.3786382991820574e-03</internalNodes>
      <leafValues>
        4.3267124891281128e-01 -1.8110419809818268e-01</leafValues></_>
    <_>
      <internalNodes>
        0 -1 76767 8.4903649985790253e-03</internalNodes>
      <leafValues>
        9.5910780131816864e-02 -7.2313714027404785e-01</leafValues></_>
    <_>
      <internalNodes>
        0 -1 13297 3.9424473652616143e-04</internalNodes>
      <leafValues>
        1.4812208712100983e-01 -5.1827901601791382e-01</leafValues></_>
    <_>
      <internalNodes>
        0 -1 48737 1.5443816082552075e-03</internalNodes>
      <leafValues>
        -1.2399160116910934e-01 7.0255738496780396e-01</leafValues></_>
    <_>
      <internalNodes>
        0 -1 140432 -4.4082687236368656e-04</internalNodes>
      <leafValues>
        4.1326341032981873e-01 -1.6818332672119141e-01</leafValues></_>
    <_>
      <internalNodes>
        0 -1 62855 3.4325821325182915e-03</internalNodes>
      <leafValues>
        -1.2961634993553162e-01 6.3507837057113647e-01</leafValues></_>
    <_>
      <internalNodes>
        0 -1 130074 4.5531447976827621e-03</internalNodes>
      <leafValues>
        1.2922194600105286e-01 -8.0539447069168091e-01</leafValues></_>
    <_>
      <internalNodes>
        0 -1 56705 3.6757369525730610e-03</internalNodes>
      <leafValues>
        -1.8014621734619141e-01 4.6700668334960938e-01</leafValues></_>
    <_>
      <internalNodes>
        0 -1 112865 3.4497096203267574e-03</internalNodes>
      <leafValues>
        -2.1359591186046600e-01 3.3108046650886536e-01</leafValues></_>
    <_>
      <internalNodes>
        0 -1 13356 3.0304361134767532e-02</internalNodes>
      <leafValues>
        1.0535537451505661e-01 -6.7496860027313232e-01</leafValues></_>
    <_>
      <internalNodes>
        0 -1 157426 -3.0242674984037876e-03</internalNodes>
      <leafValues>
        5.0265651941299438e-01 -1.7597383260726929e-01</leafValues></_>
    <_>
      <internalNodes>
        0 -1 147335 -1.0573081672191620e-03</internalNodes>
      <leafValues>
        3.4653362631797791e-01 -2.2851972281932831e-01</leafValues></_>
    <_>
      <internalNodes>
        0 -1 46500 -8.9307419955730438e-02</internalNodes>
      <leafValues>
        5.6183862686157227e-01 -1.3628497719764709e-01</leafValues></_>
    <_>
      <internalNodes>
        0 -1 127292 9.1701396740972996e-04</internalNodes>
      <leafValues>
        -2.0691600441932678e-01 3.6108115315437317e-01</leafValues></_>
    <_>
      <internalNodes>
        0 -1 61682 -7.7581852674484253e-02</internalNodes>
      <leafValues>
        4.9969476461410522e-01 -1.2897415459156036e-01</leafValues></_>
    <_>
      <internalNodes>
        0 -1 153549 -3.4351927752140909e-05</internalNodes>
      <leafValues>
        3.8870775699615479e-01 -1.9103479385375977e-01</leafValues></_>
    <_>
      <internalNodes>
        0 -1 151827 1.9271581550128758e-04</internalNodes>
      <leafValues>
        -2.1790748834609985e-01 3.5737898945808411e-01</leafValues></_>
    <_>
      <internalNodes>
        0 -1 148055 -1.8901580478996038e-03</internalNodes>
      <leafValues>
        4.5771235227584839e-01 -1.6395623981952667e-01</leafValues></_></weakClassifiers></stage30>
</opencv_storage>
