<?xml version="1.0"?>
<opencv_storage>
<stage37>
  <maxWeakCount>10</maxWeakCount>
  <stageThreshold>-9.6158510446548462e-01</stageThreshold>
  <weakClassifiers>
    <_>
      <internalNodes>
        0 -1 140313 -9.4527073204517365e-02</internalNodes>
      <leafValues>
        -9.0825688838958740e-01 5.0442475080490112e-01</leafValues></_>
    <_>
      <internalNodes>
        0 -1 30910 -8.6997933685779572e-03</internalNodes>
      <leafValues>
        4.0533590316772461e-01 -3.5423019528388977e-01</leafValues></_>
    <_>
      <internalNodes>
        0 -1 8191 1.6541061922907829e-03</internalNodes>
      <leafValues>
        2.8532999753952026e-01 -4.9524760246276855e-01</leafValues></_>
    <_>
      <internalNodes>
        0 -1 68226 1.5899538993835449e-02</internalNodes>
      <leafValues>
        -2.9449787735939026e-01 4.2962476611137390e-01</leafValues></_>
    <_>
      <internalNodes>
        0 -1 111541 -4.6064523048698902e-03</internalNodes>
      <leafValues>
        -3.3193483948707581e-01 3.2911941409111023e-01</leafValues></_>
    <_>
      <internalNodes>
        0 -1 110221 3.2242238521575928e-02</internalNodes>
      <leafValues>
        1.4871306717395782e-01 -8.1555235385894775e-01</leafValues></_>
    <_>
      <internalNodes>
        0 -1 134704 1.8354882486164570e-03</internalNodes>
      <leafValues>
        -1.6398589313030243e-01 8.2093453407287598e-01</leafValues></_>
    <_>
      <internalNodes>
        0 -1 128590 -1.5602796338498592e-03</internalNodes>
      <leafValues>
        5.6060618162155151e-01 -2.4602584540843964e-01</leafValues></_>
    <_>
      <internalNodes>
        0 -1 143969 1.3748998753726482e-03</internalNodes>
      <leafValues>
        -1.8865735828876495e-01 5.6468468904495239e-01</leafValues></_>
    <_>
      <internalNodes>
        0 -1 91893 3.2053070754045621e-05</internalNodes>
      <leafValues>
        -3.2072094082832336e-01 3.5459923744201660e-01</leafValues></_></weakClassifiers></stage37>
</opencv_storage>
