<?xml version="1.0"?>
<opencv_storage>
<stage39>
  <maxWeakCount>7</maxWeakCount>
  <stageThreshold>-9.6340972185134888e-01</stageThreshold>
  <weakClassifiers>
    <_>
      <internalNodes>
        0 -1 13384 -1.9173515960574150e-02</internalNodes>
      <leafValues>
        -6.0000002384185791e-01 5.5862069129943848e-01</leafValues></_>
    <_>
      <internalNodes>
        0 -1 12728 1.5008653700351715e-01</internalNodes>
      <leafValues>
        3.0910721421241760e-01 -9.6349889039993286e-01</leafValues></_>
    <_>
      <internalNodes>
        0 -1 53484 6.3921011984348297e-02</internalNodes>
      <leafValues>
        -3.4147870540618896e-01 6.6196680068969727e-01</leafValues></_>
    <_>
      <internalNodes>
        0 -1 98436 -2.3204660974442959e-03</internalNodes>
      <leafValues>
        8.2321679592132568e-01 -1.8999400734901428e-01</leafValues></_>
    <_>
      <internalNodes>
        0 -1 80667 5.7869376614689827e-03</internalNodes>
      <leafValues>
        -1.7033007740974426e-01 7.9632353782653809e-01</leafValues></_>
    <_>
      <internalNodes>
        0 -1 146923 9.2297922819852829e-03</internalNodes>
      <leafValues>
        -1.7567645013332367e-01 8.2378894090652466e-01</leafValues></_>
    <_>
      <internalNodes>
        0 -1 29283 -5.2314974367618561e-02</internalNodes>
      <leafValues>
        -8.5980749130249023e-01 2.0496229827404022e-01</leafValues></_></weakClassifiers></stage39>
</opencv_storage>
