<?xml version="1.0"?>
<opencv_storage>
<stage25>
  <maxWeakCount>11</maxWeakCount>
  <stageThreshold>-8.1292659044265747e-01</stageThreshold>
  <weakClassifiers>
    <_>
      <internalNodes>
        0 -1 129291 1.2432737275958061e-02</internalNodes>
      <leafValues>
        4.6845123171806335e-01 -5.8441555500030518e-01</leafValues></_>
    <_>
      <internalNodes>
        0 -1 104184 -3.5044439136981964e-02</internalNodes>
      <leafValues>
        5.1446115970611572e-01 -3.4484726190567017e-01</leafValues></_>
    <_>
      <internalNodes>
        0 -1 135111 -1.4664724585600197e-04</internalNodes>
      <leafValues>
        4.6397954225540161e-01 -3.3361577987670898e-01</leafValues></_>
    <_>
      <internalNodes>
        0 -1 37946 -1.3372923247516155e-02</internalNodes>
      <leafValues>
        -5.0516104698181152e-01 3.2861807942390442e-01</leafValues></_>
    <_>
      <internalNodes>
        0 -1 55535 7.1653470396995544e-02</internalNodes>
      <leafValues>
        -3.3861184120178223e-01 4.3855485320091248e-01</leafValues></_>
    <_>
      <internalNodes>
        0 -1 97135 1.7305854707956314e-03</internalNodes>
      <leafValues>
        -2.0803558826446533e-01 5.7192671298980713e-01</leafValues></_>
    <_>
      <internalNodes>
        0 -1 112490 -3.3242595236515626e-05</internalNodes>
      <leafValues>
        4.0399983525276184e-01 -3.1742987036705017e-01</leafValues></_>
    <_>
      <internalNodes>
        0 -1 137711 3.5884138196706772e-03</internalNodes>
      <leafValues>
        -1.4818868041038513e-01 7.8670704364776611e-01</leafValues></_>
    <_>
      <internalNodes>
        0 -1 3138 -9.8141876515001059e-04</internalNodes>
      <leafValues>
        -5.1449668407440186e-01 2.4770547449588776e-01</leafValues></_>
    <_>
      <internalNodes>
        0 -1 144397 -4.9634289462119341e-04</internalNodes>
      <leafValues>
        5.7279574871063232e-01 -2.4875214695930481e-01</leafValues></_>
    <_>
      <internalNodes>
        0 -1 13045 9.4329938292503357e-03</internalNodes>
      <leafValues>
        1.5873606503009796e-01 -8.3426070213317871e-01</leafValues></_></weakClassifiers></stage25>
</opencv_storage>
