<?xml version="1.0"?>
<opencv_storage>
<stage20>
  <maxWeakCount>13</maxWeakCount>
  <stageThreshold>-7.3557603359222412e-01</stageThreshold>
  <weakClassifiers>
    <_>
      <internalNodes>
        0 -1 101334 -2.6906891725957394e-03</internalNodes>
      <leafValues>
        -5.7894736528396606e-01 4.2909759283065796e-01</leafValues></_>
    <_>
      <internalNodes>
        0 -1 154721 1.4929929748177528e-02</internalNodes>
      <leafValues>
        -1.4069586992263794e-01 7.6755988597869873e-01</leafValues></_>
    <_>
      <internalNodes>
        0 -1 78973 -5.9023968875408173e-02</internalNodes>
      <leafValues>
        4.7128441929817200e-01 -2.4179606139659882e-01</leafValues></_>
    <_>
      <internalNodes>
        0 -1 88730 2.7844872325658798e-02</internalNodes>
      <leafValues>
        -1.6040606796741486e-01 6.9997584819793701e-01</leafValues></_>
    <_>
      <internalNodes>
        0 -1 50269 -8.2935929298400879e-02</internalNodes>
      <leafValues>
        3.0044081807136536e-01 -3.6893618106842041e-01</leafValues></_>
    <_>
      <internalNodes>
        0 -1 127812 -1.1311253532767296e-02</internalNodes>
      <leafValues>
        7.1028757095336914e-01 -1.2824958562850952e-01</leafValues></_>
    <_>
      <internalNodes>
        0 -1 112166 -3.3978292776737362e-05</internalNodes>
      <leafValues>
        3.8233432173728943e-01 -2.7824121713638306e-01</leafValues></_>
    <_>
      <internalNodes>
        0 -1 135042 -1.0368615039624274e-04</internalNodes>
      <leafValues>
        4.2494782805442810e-01 -2.4246864020824432e-01</leafValues></_>
    <_>
      <internalNodes>
        0 -1 150484 -3.2094154448714107e-05</internalNodes>
      <leafValues>
        3.8120722770690918e-01 -2.7513059973716736e-01</leafValues></_>
    <_>
      <internalNodes>
        0 -1 40888 -1.2359103187918663e-02</internalNodes>
      <leafValues>
        3.6574292182922363e-01 -2.9877409338951111e-01</leafValues></_>
    <_>
      <internalNodes>
        0 -1 46603 -6.7435628734529018e-03</internalNodes>
      <leafValues>
        6.7458963394165039e-01 -1.4355471730232239e-01</leafValues></_>
    <_>
      <internalNodes>
        0 -1 89045 -3.0798553780186921e-05</internalNodes>
      <leafValues>
        3.5614112019538879e-01 -2.3382323980331421e-01</leafValues></_>
    <_>
      <internalNodes>
        0 -1 138927 2.2356738336384296e-03</internalNodes>
      <leafValues>
        -1.6051158308982849e-01 5.4741865396499634e-01</leafValues></_></weakClassifiers></stage20>
</opencv_storage>
