<?xml version="1.0"?>
<opencv_storage>
<stage24>
  <maxWeakCount>6</maxWeakCount>
  <stageThreshold>-5.1737731695175171e-01</stageThreshold>
  <weakClassifiers>
    <_>
      <internalNodes>
        0 -1 154921 -5.0607252866029739e-02</internalNodes>
      <leafValues>
        -9.4666665792465210e-01 5.1619046926498413e-01</leafValues></_>
    <_>
      <internalNodes>
        0 -1 115543 -1.0017626918852329e-03</internalNodes>
      <leafValues>
        5.9827411174774170e-01 -3.1561431288719177e-01</leafValues></_>
    <_>
      <internalNodes>
        0 -1 72389 -2.0887989085167646e-03</internalNodes>
      <leafValues>
        9.6810936927795410e-01 -1.3227027654647827e-01</leafValues></_>
    <_>
      <internalNodes>
        0 -1 96436 6.2197941588237882e-04</internalNodes>
      <leafValues>
        -2.1647310256958008e-01 7.3712128400802612e-01</leafValues></_>
    <_>
      <internalNodes>
        0 -1 108662 -5.7157347910106182e-03</internalNodes>
      <leafValues>
        -6.8440783023834229e-01 2.5786596536636353e-01</leafValues></_>
    <_>
      <internalNodes>
        0 -1 98424 -1.6829970991238952e-03</internalNodes>
      <leafValues>
        8.2446050643920898e-01 -1.9985343515872955e-01</leafValues></_></weakClassifiers></stage24>
</opencv_storage>
