<?xml version="1.0"?>
<opencv_storage>
<stage23>
  <maxWeakCount>11</maxWeakCount>
  <stageThreshold>-4.6331673860549927e-01</stageThreshold>
  <weakClassifiers>
    <_>
      <internalNodes>
        0 -1 494 -4.3275984935462475e-03</internalNodes>
      <leafValues>
        6.1139893531799316e-01 -1.6822430491447449e-01</leafValues></_>
    <_>
      <internalNodes>
        0 -1 86035 -1.1433085799217224e-01</internalNodes>
      <leafValues>
        7.5480598211288452e-01 -1.4115998148918152e-01</leafValues></_>
    <_>
      <internalNodes>
        0 -1 107309 1.9072284922003746e-03</internalNodes>
      <leafValues>
        -2.3079645633697510e-01 5.2138942480087280e-01</leafValues></_>
    <_>
      <internalNodes>
        0 -1 114655 -6.1592261772602797e-04</internalNodes>
      <leafValues>
        4.5935893058776855e-01 -2.7664601802825928e-01</leafValues></_>
    <_>
      <internalNodes>
        0 -1 104504 -2.3056639358401299e-02</internalNodes>
      <leafValues>
        -7.8075283765792847e-01 1.4174780249595642e-01</leafValues></_>
    <_>
      <internalNodes>
        0 -1 141450 -1.7037729267030954e-03</internalNodes>
      <leafValues>
        -6.8946272134780884e-01 1.8820187449455261e-01</leafValues></_>
    <_>
      <internalNodes>
        0 -1 159693 -1.2330533936619759e-03</internalNodes>
      <leafValues>
        -6.6706949472427368e-01 1.6399352252483368e-01</leafValues></_>
    <_>
      <internalNodes>
        0 -1 138891 -4.3971994891762733e-03</internalNodes>
      <leafValues>
        5.9672242403030396e-01 -2.1427395939826965e-01</leafValues></_>
    <_>
      <internalNodes>
        0 -1 155796 2.2232015617191792e-03</internalNodes>
      <leafValues>
        -1.3662001490592957e-01 7.4645042419433594e-01</leafValues></_>
    <_>
      <internalNodes>
        0 -1 41485 -1.0565601987764239e-03</internalNodes>
      <leafValues>
        9.0292125940322876e-01 -9.4387024641036987e-02</leafValues></_>
    <_>
      <internalNodes>
        0 -1 23619 -2.9373255529208109e-05</internalNodes>
      <leafValues>
        4.7516253590583801e-01 -2.3672083020210266e-01</leafValues></_></weakClassifiers></stage23>
</opencv_storage>
