<?xml version="1.0"?>
<opencv_storage>
<stage29>
  <maxWeakCount>8</maxWeakCount>
  <stageThreshold>-5.7001113891601563e-01</stageThreshold>
  <weakClassifiers>
    <_>
      <internalNodes>
        0 -1 3219 -1.5108259394764900e-02</internalNodes>
      <leafValues>
        -5.1562500000000000e-01 5.6355929374694824e-01</leafValues></_>
    <_>
      <internalNodes>
        0 -1 49899 -2.5263983756303787e-02</internalNodes>
      <leafValues>
        4.2101049423217773e-01 -3.8593244552612305e-01</leafValues></_>
    <_>
      <internalNodes>
        0 -1 24858 1.2225484848022461e-01</internalNodes>
      <leafValues>
        -1.6166120767593384e-01 1.</leafValues></_>
    <_>
      <internalNodes>
        0 -1 80921 -3.2885726541280746e-03</internalNodes>
      <leafValues>
        -7.2243756055831909e-01 2.3959742486476898e-01</leafValues></_>
    <_>
      <internalNodes>
        0 -1 142440 -1.5295552657335065e-05</internalNodes>
      <leafValues>
        3.6027273535728455e-01 -4.5145729184150696e-01</leafValues></_>
    <_>
      <internalNodes>
        0 -1 156450 -5.2041606977581978e-03</internalNodes>
      <leafValues>
        7.8585475683212280e-01 -1.8484635651111603e-01</leafValues></_>
    <_>
      <internalNodes>
        0 -1 155188 -7.3297903873026371e-04</internalNodes>
      <leafValues>
        -5.7226669788360596e-01 2.7308830618858337e-01</leafValues></_>
    <_>
      <internalNodes>
        0 -1 91232 -1.0646019291016273e-05</internalNodes>
      <leafValues>
        3.1307610869407654e-01 -4.2394688725471497e-01</leafValues></_></weakClassifiers></stage29>
</opencv_storage>
