<?xml version="1.0"?>
<opencv_storage>
<stage27>
  <maxWeakCount>9</maxWeakCount>
  <stageThreshold>-5.4430741071701050e-01</stageThreshold>
  <weakClassifiers>
    <_>
      <internalNodes>
        0 -1 81165 -2.8853495605289936e-03</internalNodes>
      <leafValues>
        6.8449199199676514e-01 -2.4778760969638824e-01</leafValues></_>
    <_>
      <internalNodes>
        0 -1 136218 -9.7287542303092778e-05</internalNodes>
      <leafValues>
        3.6119255423545837e-01 -4.4232785701751709e-01</leafValues></_>
    <_>
      <internalNodes>
        0 -1 117954 2.8264824301004410e-02</internalNodes>
      <leafValues>
        1.7387399077415466e-01 -9.1098117828369141e-01</leafValues></_>
    <_>
      <internalNodes>
        0 -1 52133 1.5263618901371956e-02</internalNodes>
      <leafValues>
        -2.2293990850448608e-01 7.5778001546859741e-01</leafValues></_>
    <_>
      <internalNodes>
        0 -1 61973 -8.5137873888015747e-02</internalNodes>
      <leafValues>
        4.9080941081047058e-01 -2.9939508438110352e-01</leafValues></_>
    <_>
      <internalNodes>
        0 -1 115212 2.2490797564387321e-03</internalNodes>
      <leafValues>
        -1.6229495406150818e-01 8.7110650539398193e-01</leafValues></_>
    <_>
      <internalNodes>
        0 -1 56061 7.8945781569927931e-04</internalNodes>
      <leafValues>
        -3.0311694741249084e-01 4.7495329380035400e-01</leafValues></_>
    <_>
      <internalNodes>
        0 -1 49225 -6.4512580633163452e-02</internalNodes>
      <leafValues>
        9.6917515993118286e-01 -1.4767548441886902e-01</leafValues></_>
    <_>
      <internalNodes>
        0 -1 144548 -2.8812075033783913e-03</internalNodes>
      <leafValues>
        4.3177086114883423e-01 -3.2165864109992981e-01</leafValues></_></weakClassifiers></stage27>
</opencv_storage>
