<?xml version="1.0"?>
<opencv_storage>
<stage22>
  <maxWeakCount>12</maxWeakCount>
  <stageThreshold>-4.7617751359939575e-01</stageThreshold>
  <weakClassifiers>
    <_>
      <internalNodes>
        0 -1 150075 -4.1487403213977814e-02</internalNodes>
      <leafValues>
        -7.0149254798889160e-01 4.6341463923454285e-01</leafValues></_>
    <_>
      <internalNodes>
        0 -1 80863 -2.9382741078734398e-02</internalNodes>
      <leafValues>
        6.6242474317550659e-01 -2.5257959961891174e-01</leafValues></_>
    <_>
      <internalNodes>
        0 -1 118794 -5.1332544535398483e-02</internalNodes>
      <leafValues>
        7.5430339574813843e-01 -1.9636373221874237e-01</leafValues></_>
    <_>
      <internalNodes>
        0 -1 53603 -4.3529998511075974e-03</internalNodes>
      <leafValues>
        6.5310102701187134e-01 -2.1933716535568237e-01</leafValues></_>
    <_>
      <internalNodes>
        0 -1 128018 -4.1009932756423950e-03</internalNodes>
      <leafValues>
        7.6089113950729370e-01 -1.7844974994659424e-01</leafValues></_>
    <_>
      <internalNodes>
        0 -1 18021 -8.1492814933881164e-04</internalNodes>
      <leafValues>
        -3.9326936006546021e-01 3.5414430499076843e-01</leafValues></_>
    <_>
      <internalNodes>
        0 -1 152959 -6.8240705877542496e-03</internalNodes>
      <leafValues>
        7.5061744451522827e-01 -2.2324013710021973e-01</leafValues></_>
    <_>
      <internalNodes>
        0 -1 36492 2.9503456316888332e-03</internalNodes>
      <leafValues>
        3.0631741881370544e-01 -4.3378686904907227e-01</leafValues></_>
    <_>
      <internalNodes>
        0 -1 122932 3.9899786934256554e-03</internalNodes>
      <leafValues>
        1.4791525900363922e-01 -9.7621840238571167e-01</leafValues></_>
    <_>
      <internalNodes>
        0 -1 72389 -1.6646806616336107e-03</internalNodes>
      <leafValues>
        6.3044244050979614e-01 -2.1709537506103516e-01</leafValues></_>
    <_>
      <internalNodes>
        0 -1 156147 -2.2128440905362368e-03</internalNodes>
      <leafValues>
        6.2753301858901978e-01 -2.0757877826690674e-01</leafValues></_>
    <_>
      <internalNodes>
        0 -1 154526 6.6830316791310906e-04</internalNodes>
      <leafValues>
        -1.9534899294376373e-01 6.1366248130798340e-01</leafValues></_></weakClassifiers></stage22>
</opencv_storage>
