<?xml version="1.0"?>
<opencv_storage>
<stage21>
  <maxWeakCount>15</maxWeakCount>
  <stageThreshold>-5.8509910106658936e-01</stageThreshold>
  <weakClassifiers>
    <_>
      <internalNodes>
        0 -1 115778 -3.9652921259403229e-02</internalNodes>
      <leafValues>
        6.3057327270507813e-01 6.9930069148540497e-03</leafValues></_>
    <_>
      <internalNodes>
        0 -1 108724 -4.4961469247937202e-03</internalNodes>
      <leafValues>
        -6.6396898031234741e-01 2.2313515841960907e-01</leafValues></_>
    <_>
      <internalNodes>
        0 -1 139095 2.7841092087328434e-03</internalNodes>
      <leafValues>
        -3.0141878128051758e-01 4.0004163980484009e-01</leafValues></_>
    <_>
      <internalNodes>
        0 -1 131957 2.4376332759857178e-02</internalNodes>
      <leafValues>
        -2.1662089228630066e-01 5.8023440837860107e-01</leafValues></_>
    <_>
      <internalNodes>
        0 -1 148952 5.8711757883429527e-03</internalNodes>
      <leafValues>
        -1.3231834769248962e-01 8.3102655410766602e-01</leafValues></_>
    <_>
      <internalNodes>
        0 -1 26809 -6.9675873965024948e-04</internalNodes>
      <leafValues>
        -6.3486951589584351e-01 1.6470003128051758e-01</leafValues></_>
    <_>
      <internalNodes>
        0 -1 70285 -2.4273935705423355e-03</internalNodes>
      <leafValues>
        8.3189660310745239e-01 -1.4104074239730835e-01</leafValues></_>
    <_>
      <internalNodes>
        0 -1 26536 2.3499369621276855e-02</internalNodes>
      <leafValues>
        2.2699546813964844e-01 -4.8358276486396790e-01</leafValues></_>
    <_>
      <internalNodes>
        0 -1 97721 8.0452505499124527e-03</internalNodes>
      <leafValues>
        1.5238751471042633e-01 -6.3987356424331665e-01</leafValues></_>
    <_>
      <internalNodes>
        0 -1 34564 4.5238055288791656e-02</internalNodes>
      <leafValues>
        -1.8217985332012177e-01 5.8214372396469116e-01</leafValues></_>
    <_>
      <internalNodes>
        0 -1 22280 1.1351646855473518e-02</internalNodes>
      <leafValues>
        -2.2200807929039001e-01 5.1394808292388916e-01</leafValues></_>
    <_>
      <internalNodes>
        0 -1 70701 3.0059640994295478e-04</internalNodes>
      <leafValues>
        2.4920779466629028e-01 -5.0499832630157471e-01</leafValues></_>
    <_>
      <internalNodes>
        0 -1 121857 1.9456578884273767e-03</internalNodes>
      <leafValues>
        -2.7900558710098267e-01 3.6828571557998657e-01</leafValues></_>
    <_>
      <internalNodes>
        0 -1 114655 -1.2029538629576564e-03</internalNodes>
      <leafValues>
        6.1772197484970093e-01 -2.0266211032867432e-01</leafValues></_>
    <_>
      <internalNodes>
        0 -1 39813 -1.1624917387962341e-03</internalNodes>
      <leafValues>
        -5.1603382825851440e-01 2.0847997069358826e-01</leafValues></_></weakClassifiers></stage21>
</opencv_storage>
