<?xml version="1.0"?>
<opencv_storage>
<stage26>
  <maxWeakCount>7</maxWeakCount>
  <stageThreshold>-3.7448042631149292e-01</stageThreshold>
  <weakClassifiers>
    <_>
      <internalNodes>
        0 -1 115742 8.1578241661190987e-03</internalNodes>
      <leafValues>
        5.7575756311416626e-01 -4.7826087474822998e-01</leafValues></_>
    <_>
      <internalNodes>
        0 -1 62088 -1.3527190312743187e-03</internalNodes>
      <leafValues>
        5.4787874221801758e-01 -3.6346727609634399e-01</leafValues></_>
    <_>
      <internalNodes>
        0 -1 95688 -2.3829443380236626e-03</internalNodes>
      <leafValues>
        7.4069482088088989e-01 -2.1624173223972321e-01</leafValues></_>
    <_>
      <internalNodes>
        0 -1 812 -4.9894511699676514e-02</internalNodes>
      <leafValues>
        -7.8831213712692261e-01 2.4999402463436127e-01</leafValues></_>
    <_>
      <internalNodes>
        0 -1 89732 -4.4141011312603951e-03</internalNodes>
      <leafValues>
        9.6027624607086182e-01 -2.0076316595077515e-01</leafValues></_>
    <_>
      <internalNodes>
        0 -1 63001 -8.7713636457920074e-03</internalNodes>
      <leafValues>
        5.7191181182861328e-01 -3.0359515547752380e-01</leafValues></_>
    <_>
      <internalNodes>
        0 -1 130169 9.6688867779448628e-04</internalNodes>
      <leafValues>
        1.8930692970752716e-01 -8.9096182584762573e-01</leafValues></_></weakClassifiers></stage26>
</opencv_storage>
