<?xml version="1.0"?>
<opencv_storage>
<stage28>
  <maxWeakCount>14</maxWeakCount>
  <stageThreshold>-5.8077341318130493e-01</stageThreshold>
  <weakClassifiers>
    <_>
      <internalNodes>
        0 -1 107182 -7.7321100980043411e-03</internalNodes>
      <leafValues>
        7.4468082189559937e-01 -3.1446542590856552e-02</leafValues></_>
    <_>
      <internalNodes>
        0 -1 56274 2.7682986110448837e-02</internalNodes>
      <leafValues>
        -2.1591827273368835e-01 6.1111098527908325e-01</leafValues></_>
    <_>
      <internalNodes>
        0 -1 63591 -1.7184539465233684e-03</internalNodes>
      <leafValues>
        6.2961071729660034e-01 -1.9841447472572327e-01</leafValues></_>
    <_>
      <internalNodes>
        0 -1 129171 2.2512557916343212e-03</internalNodes>
      <leafValues>
        -2.0471090078353882e-01 6.1576730012893677e-01</leafValues></_>
    <_>
      <internalNodes>
        0 -1 115138 -7.3311885353177786e-04</internalNodes>
      <leafValues>
        5.1032972335815430e-01 -2.2718194127082825e-01</leafValues></_>
    <_>
      <internalNodes>
        0 -1 2726 3.0596584081649780e-02</internalNodes>
      <leafValues>
        1.9944506883621216e-01 -6.6529309749603271e-01</leafValues></_>
    <_>
      <internalNodes>
        0 -1 27501 -6.8746998906135559e-02</internalNodes>
      <leafValues>
        -6.8978506326675415e-01 1.9249805808067322e-01</leafValues></_>
    <_>
      <internalNodes>
        0 -1 60146 -2.4712872691452503e-03</internalNodes>
      <leafValues>
        7.7612364292144775e-01 -1.9138871133327484e-01</leafValues></_>
    <_>
      <internalNodes>
        0 -1 10062 -7.5827830005437136e-04</internalNodes>
      <leafValues>
        -3.2445776462554932e-01 3.9149057865142822e-01</leafValues></_>
    <_>
      <internalNodes>
        0 -1 154377 8.6259213276207447e-04</internalNodes>
      <leafValues>
        -1.8640859425067902e-01 6.7615759372711182e-01</leafValues></_>
    <_>
      <internalNodes>
        0 -1 149236 -4.5612286776304245e-03</internalNodes>
      <leafValues>
        4.1257259249687195e-01 -3.6473524570465088e-01</leafValues></_>
    <_>
      <internalNodes>
        0 -1 153791 -3.6058712285012007e-03</internalNodes>
      <leafValues>
        9.5817869901657104e-01 -1.3876998424530029e-01</leafValues></_>
    <_>
      <internalNodes>
        0 -1 56636 -1.2700140476226807e-01</internalNodes>
      <leafValues>
        9.2382389307022095e-01 -1.0573972016572952e-01</leafValues></_>
    <_>
      <internalNodes>
        0 -1 99330 -2.5384093169122934e-03</internalNodes>
      <leafValues>
        4.9340569972991943e-01 -2.4444675445556641e-01</leafValues></_></weakClassifiers></stage28>
</opencv_storage>
