<?xml version="1.0"?>
<opencv_storage>
<stage46>
  <maxWeakCount>9</maxWeakCount>
  <stageThreshold>-8.5968339443206787e-01</stageThreshold>
  <weakClassifiers>
    <_>
      <internalNodes>
        0 -1 65134 -3.7044836208224297e-03</internalNodes>
      <leafValues>
        -3.0232557654380798e-01 6.8831169605255127e-01</leafValues></_>
    <_>
      <internalNodes>
        0 -1 146800 -4.6554417349398136e-03</internalNodes>
      <leafValues>
        -4.8271963000297546e-01 3.7696829438209534e-01</leafValues></_>
    <_>
      <internalNodes>
        0 -1 24755 3.5788815002888441e-03</internalNodes>
      <leafValues>
        -1.5730920433998108e-01 8.8075304031372070e-01</leafValues></_>
    <_>
      <internalNodes>
        0 -1 140511 -8.4677254781126976e-03</internalNodes>
      <leafValues>
        8.4032553434371948e-01 -1.9692802429199219e-01</leafValues></_>
    <_>
      <internalNodes>
        0 -1 37398 4.6206540428102016e-03</internalNodes>
      <leafValues>
        -1.4273139834403992e-01 7.0292407274246216e-01</leafValues></_>
    <_>
      <internalNodes>
        0 -1 63998 -3.8109593093395233e-02</internalNodes>
      <leafValues>
        4.1245990991592407e-01 -3.4463658928871155e-01</leafValues></_>
    <_>
      <internalNodes>
        0 -1 82209 -3.6877628881484270e-03</internalNodes>
      <leafValues>
        6.4694017171859741e-01 -2.3088674247264862e-01</leafValues></_>
    <_>
      <internalNodes>
        0 -1 61464 -3.8740023970603943e-02</internalNodes>
      <leafValues>
        -6.5783900022506714e-01 2.6984184980392456e-01</leafValues></_>
    <_>
      <internalNodes>
        0 -1 146869 -1.6959357308223844e-03</internalNodes>
      <leafValues>
        5.4218560457229614e-01 -2.6262530684471130e-01</leafValues></_></weakClassifiers></stage46>
</opencv_storage>
