<?xml version="1.0"?>
<opencv_storage>
<stage43>
  <maxWeakCount>14</maxWeakCount>
  <stageThreshold>-4.1198107600212097e-01</stageThreshold>
  <weakClassifiers>
    <_>
      <internalNodes>
        0 -1 162056 5.2276980131864548e-03</internalNodes>
      <leafValues>
        4.4565218687057495e-01 -9.5833331346511841e-01</leafValues></_>
    <_>
      <internalNodes>
        0 -1 37364 -1.4767302200198174e-03</internalNodes>
      <leafValues>
        5.3292196989059448e-01 -2.9576230049133301e-01</leafValues></_>
    <_>
      <internalNodes>
        0 -1 115671 -4.7470191493630409e-03</internalNodes>
      <leafValues>
        -5.1525431871414185e-01 2.6738005876541138e-01</leafValues></_>
    <_>
      <internalNodes>
        0 -1 78645 5.7279871543869376e-04</internalNodes>
      <leafValues>
        -2.5610205531120300e-01 4.8403516411781311e-01</leafValues></_>
    <_>
      <internalNodes>
        0 -1 162334 -1.9410286040510982e-04</internalNodes>
      <leafValues>
        -5.1902407407760620e-01 2.0971268415451050e-01</leafValues></_>
    <_>
      <internalNodes>
        0 -1 150898 -1.6418019309639931e-02</internalNodes>
      <leafValues>
        7.8444069623947144e-01 -1.5688520669937134e-01</leafValues></_>
    <_>
      <internalNodes>
        0 -1 62983 8.8241050252690911e-04</internalNodes>
      <leafValues>
        -2.0016539096832275e-01 5.1578152179718018e-01</leafValues></_>
    <_>
      <internalNodes>
        0 -1 96892 -2.0568631589412689e-03</internalNodes>
      <leafValues>
        8.2342255115509033e-01 -1.2617819011211395e-01</leafValues></_>
    <_>
      <internalNodes>
        0 -1 56695 9.3478633789345622e-04</internalNodes>
      <leafValues>
        -1.6876125335693359e-01 5.6170225143432617e-01</leafValues></_>
    <_>
      <internalNodes>
        0 -1 11891 4.6140782069414854e-04</internalNodes>
      <leafValues>
        3.4886509180068970e-01 -3.0923813581466675e-01</leafValues></_>
    <_>
      <internalNodes>
        0 -1 80607 -3.4921271726489067e-03</internalNodes>
      <leafValues>
        8.9025080204010010e-01 -1.0677526146173477e-01</leafValues></_>
    <_>
      <internalNodes>
        0 -1 69853 2.0271451212465763e-03</internalNodes>
      <leafValues>
        -1.2058607488870621e-01 7.7335971593856812e-01</leafValues></_>
    <_>
      <internalNodes>
        0 -1 158112 -4.7552366741001606e-03</internalNodes>
      <leafValues>
        8.2887029647827148e-01 -1.1958584934473038e-01</leafValues></_>
    <_>
      <internalNodes>
        0 -1 75925 7.8157305717468262e-02</internalNodes>
      <leafValues>
        -9.0292342007160187e-02 9.3248486518859863e-01</leafValues></_></weakClassifiers></stage43>
</opencv_storage>
