<?xml version="1.0"?>
<opencv_storage>
<stage41>
  <maxWeakCount>16</maxWeakCount>
  <stageThreshold>-7.3335820436477661e-01</stageThreshold>
  <weakClassifiers>
    <_>
      <internalNodes>
        0 -1 132467 4.5804469846189022e-03</internalNodes>
      <leafValues>
        -2.9126213863492012e-02 7.1821308135986328e-01</leafValues></_>
    <_>
      <internalNodes>
        0 -1 133609 4.2232554405927658e-03</internalNodes>
      <leafValues>
        -1.8590912222862244e-01 5.7306826114654541e-01</leafValues></_>
    <_>
      <internalNodes>
        0 -1 90555 1.1237652506679296e-03</internalNodes>
      <leafValues>
        -1.4126697182655334e-01 7.8325140476226807e-01</leafValues></_>
    <_>
      <internalNodes>
        0 -1 127945 2.4798335507512093e-03</internalNodes>
      <leafValues>
        -1.6977632045745850e-01 7.8096157312393188e-01</leafValues></_>
    <_>
      <internalNodes>
        0 -1 51377 -6.7592691630125046e-03</internalNodes>
      <leafValues>
        4.3040502071380615e-01 -2.4924202263355255e-01</leafValues></_>
    <_>
      <internalNodes>
        0 -1 56837 -1.6136986669152975e-03</internalNodes>
      <leafValues>
        -3.8274198770523071e-01 3.0748140811920166e-01</leafValues></_>
    <_>
      <internalNodes>
        0 -1 57677 2.2064717486500740e-03</internalNodes>
      <leafValues>
        -1.4420060813426971e-01 7.0932281017303467e-01</leafValues></_>
    <_>
      <internalNodes>
        0 -1 151584 1.8495209515094757e-03</internalNodes>
      <leafValues>
        -1.1338713765144348e-01 6.8349391222000122e-01</leafValues></_>
    <_>
      <internalNodes>
        0 -1 154654 1.7353114672005177e-03</internalNodes>
      <leafValues>
        -1.8383550643920898e-01 5.5875825881958008e-01</leafValues></_>
    <_>
      <internalNodes>
        0 -1 82205 4.7921447549015284e-04</internalNodes>
      <leafValues>
        -1.4502303302288055e-01 6.3112109899520874e-01</leafValues></_>
    <_>
      <internalNodes>
        0 -1 64669 -1.9514909386634827e-01</internalNodes>
      <leafValues>
        9.1855835914611816e-01 -8.9281462132930756e-02</leafValues></_>
    <_>
      <internalNodes>
        0 -1 71793 4.6724207699298859e-02</internalNodes>
      <leafValues>
        -9.2980004847049713e-02 8.8263177871704102e-01</leafValues></_>
    <_>
      <internalNodes>
        0 -1 161 -1.3557644560933113e-03</internalNodes>
      <leafValues>
        -6.6088712215423584e-01 1.8392217159271240e-01</leafValues></_>
    <_>
      <internalNodes>
        0 -1 125750 4.9281807150691748e-04</internalNodes>
      <leafValues>
        1.7447897791862488e-01 -5.2881491184234619e-01</leafValues></_>
    <_>
      <internalNodes>
        0 -1 25627 -5.4694258142262697e-04</internalNodes>
      <leafValues>
        -4.4992846250534058e-01 2.5240761041641235e-01</leafValues></_>
    <_>
      <internalNodes>
        0 -1 90286 8.6581949144601822e-03</internalNodes>
      <leafValues>
        -1.5262316167354584e-01 6.8909102678298950e-01</leafValues></_></weakClassifiers></stage41>
</opencv_storage>
