<?xml version="1.0"?>
<opencv_storage>
<stage47>
  <maxWeakCount>12</maxWeakCount>
  <stageThreshold>-4.9770224094390869e-01</stageThreshold>
  <weakClassifiers>
    <_>
      <internalNodes>
        0 -1 139227 7.7628586441278458e-03</internalNodes>
      <leafValues>
        4.7104248404502869e-01 -5.3658539056777954e-01</leafValues></_>
    <_>
      <internalNodes>
        0 -1 56966 -3.8989543914794922e-02</internalNodes>
      <leafValues>
        8.4594690799713135e-01 -1.2685869634151459e-01</leafValues></_>
    <_>
      <internalNodes>
        0 -1 78645 1.2270488077774644e-03</internalNodes>
      <leafValues>
        -1.3870450854301453e-01 6.1620861291885376e-01</leafValues></_>
    <_>
      <internalNodes>
        0 -1 142352 2.8354236856102943e-03</internalNodes>
      <leafValues>
        -4.1866225004196167e-01 2.8178569674491882e-01</leafValues></_>
    <_>
      <internalNodes>
        0 -1 80496 -1.4377741608768702e-03</internalNodes>
      <leafValues>
        4.8633638024330139e-01 -2.6294913887977600e-01</leafValues></_>
    <_>
      <internalNodes>
        0 -1 146399 -6.0155906248837709e-04</internalNodes>
      <leafValues>
        -5.7946246862411499e-01 2.0281569659709930e-01</leafValues></_>
    <_>
      <internalNodes>
        0 -1 134292 3.4137861803174019e-03</internalNodes>
      <leafValues>
        -1.9842670857906342e-01 5.8359080553054810e-01</leafValues></_>
    <_>
      <internalNodes>
        0 -1 99956 3.4315809898544103e-05</internalNodes>
      <leafValues>
        -3.7806406617164612e-01 3.3608436584472656e-01</leafValues></_>
    <_>
      <internalNodes>
        0 -1 130943 -1.4985788147896528e-03</internalNodes>
      <leafValues>
        -7.1019232273101807e-01 1.9370913505554199e-01</leafValues></_>
    <_>
      <internalNodes>
        0 -1 107582 -1.5990356914699078e-03</internalNodes>
      <leafValues>
        6.7817258834838867e-01 -2.0591592788696289e-01</leafValues></_>
    <_>
      <internalNodes>
        0 -1 161160 -2.7653197757899761e-03</internalNodes>
      <leafValues>
        -5.6939387321472168e-01 2.3956972360610962e-01</leafValues></_>
    <_>
      <internalNodes>
        0 -1 141624 -6.1025857576169074e-05</internalNodes>
      <leafValues>
        3.7745672464370728e-01 -3.0600094795227051e-01</leafValues></_></weakClassifiers></stage47>
</opencv_storage>
