<?xml version="1.0"?>
<opencv_storage>
<stage40>
  <maxWeakCount>18</maxWeakCount>
  <stageThreshold>-6.9797295331954956e-01</stageThreshold>
  <weakClassifiers>
    <_>
      <internalNodes>
        0 -1 74370 1.1667308211326599e-01</internalNodes>
      <leafValues>
        5.0505049526691437e-02 6.1056107282638550e-01</leafValues></_>
    <_>
      <internalNodes>
        0 -1 57771 -3.1407803297042847e-02</internalNodes>
      <leafValues>
        8.4408569335937500e-01 -8.3669379353523254e-02</leafValues></_>
    <_>
      <internalNodes>
        0 -1 60163 -9.0966187417507172e-03</internalNodes>
      <leafValues>
        5.9722721576690674e-01 -1.4931398630142212e-01</leafValues></_>
    <_>
      <internalNodes>
        0 -1 107782 -7.1954689919948578e-03</internalNodes>
      <leafValues>
        7.7060121297836304e-01 -1.0559542477130890e-01</leafValues></_>
    <_>
      <internalNodes>
        0 -1 113109 -1.3884919462725520e-03</internalNodes>
      <leafValues>
        6.5425997972488403e-01 -1.1270306259393692e-01</leafValues></_>
    <_>
      <internalNodes>
        0 -1 4544 -2.0647138357162476e-02</internalNodes>
      <leafValues>
        2.8580820560455322e-01 -2.8714630007743835e-01</leafValues></_>
    <_>
      <internalNodes>
        0 -1 102625 -3.0178461223840714e-02</internalNodes>
      <leafValues>
        7.9592108726501465e-01 -1.2270578742027283e-01</leafValues></_>
    <_>
      <internalNodes>
        0 -1 151489 -2.7198260650038719e-03</internalNodes>
      <leafValues>
        5.0383657217025757e-01 -1.5192969143390656e-01</leafValues></_>
    <_>
      <internalNodes>
        0 -1 160912 -1.6924974042922258e-03</internalNodes>
      <leafValues>
        -3.6467218399047852e-01 2.3292121291160583e-01</leafValues></_>
    <_>
      <internalNodes>
        0 -1 152676 -1.1159551795572042e-03</internalNodes>
      <leafValues>
        6.9865721464157104e-01 -1.3445618748664856e-01</leafValues></_>
    <_>
      <internalNodes>
        0 -1 149413 3.9963289164006710e-03</internalNodes>
      <leafValues>
        -1.3237138092517853e-01 6.3313430547714233e-01</leafValues></_>
    <_>
      <internalNodes>
        0 -1 146952 -1.9797522574663162e-02</internalNodes>
      <leafValues>
        5.7768386602401733e-01 -1.3322335481643677e-01</leafValues></_>
    <_>
      <internalNodes>
        0 -1 38384 2.7547549689188600e-04</internalNodes>
      <leafValues>
        -1.9167041778564453e-01 4.4668248295783997e-01</leafValues></_>
    <_>
      <internalNodes>
        0 -1 29665 1.1574201285839081e-02</internalNodes>
      <leafValues>
        -2.1691948175430298e-01 4.2006474733352661e-01</leafValues></_>
    <_>
      <internalNodes>
        0 -1 138465 -2.2352572705131024e-04</internalNodes>
      <leafValues>
        4.0088942646980286e-01 -2.3576246201992035e-01</leafValues></_>
    <_>
      <internalNodes>
        0 -1 65828 4.6814829111099243e-03</internalNodes>
      <leafValues>
        1.0892192274332047e-01 -8.6509221792221069e-01</leafValues></_>
    <_>
      <internalNodes>
        0 -1 161 -1.6335119653376751e-05</internalNodes>
      <leafValues>
        3.6219462752342224e-01 -3.0288055539131165e-01</leafValues></_>
    <_>
      <internalNodes>
        0 -1 137627 -8.5444349679164588e-05</internalNodes>
      <leafValues>
        3.6885759234428406e-01 -2.1738171577453613e-01</leafValues></_></weakClassifiers></stage40>
</opencv_storage>
