<?xml version="1.0"?>
<opencv_storage>
<stage49>
  <maxWeakCount>2</maxWeakCount>
  <stageThreshold>-2.8811112046241760e-01</stageThreshold>
  <weakClassifiers>
    <_>
      <internalNodes>
        0 -1 98530 -1.4637835323810577e-02</internalNodes>
      <leafValues>
        -9.0476191043853760e-01 7.3509931564331055e-01</leafValues></_>
    <_>
      <internalNodes>
        0 -1 83075 1.4119677245616913e-02</internalNodes>
      <leafValues>
        -4.0097117424011230e-01 6.1665076017379761e-01</leafValues></_></weakClassifiers></stage49>
</opencv_storage>
