<?xml version="1.0"?>
<opencv_storage>
<stage45>
  <maxWeakCount>8</maxWeakCount>
  <stageThreshold>-8.7073314189910889e-01</stageThreshold>
  <weakClassifiers>
    <_>
      <internalNodes>
        0 -1 1262 -8.7957754731178284e-03</internalNodes>
      <leafValues>
        -6.5925925970077515e-01 6.2150537967681885e-01</leafValues></_>
    <_>
      <internalNodes>
        0 -1 150087 4.9993093125522137e-04</internalNodes>
      <leafValues>
        3.2289400696754456e-01 -6.7145580053329468e-01</leafValues></_>
    <_>
      <internalNodes>
        0 -1 161847 -8.6717819795012474e-04</internalNodes>
      <leafValues>
        -4.3980982899665833e-01 3.9891102910041809e-01</leafValues></_>
    <_>
      <internalNodes>
        0 -1 60517 -9.0926687698811293e-04</internalNodes>
      <leafValues>
        -6.4133304357528687e-01 2.0310004055500031e-01</leafValues></_>
    <_>
      <internalNodes>
        0 -1 20827 7.4093267321586609e-03</internalNodes>
      <leafValues>
        -4.9749979376792908e-01 3.3952736854553223e-01</leafValues></_>
    <_>
      <internalNodes>
        0 -1 111429 1.5791194527992047e-05</internalNodes>
      <leafValues>
        -4.4558510184288025e-01 4.4011574983596802e-01</leafValues></_>
    <_>
      <internalNodes>
        0 -1 41586 1.6137247905135155e-02</internalNodes>
      <leafValues>
        -3.2451996207237244e-01 5.2625262737274170e-01</leafValues></_>
    <_>
      <internalNodes>
        0 -1 39808 5.0046545220538974e-04</internalNodes>
      <leafValues>
        2.3987483978271484e-01 -7.2024822235107422e-01</leafValues></_></weakClassifiers></stage45>
</opencv_storage>
