<?xml version="1.0"?>
<opencv_storage>
<stage44>
  <maxWeakCount>10</maxWeakCount>
  <stageThreshold>-5.5115282535552979e-01</stageThreshold>
  <weakClassifiers>
    <_>
      <internalNodes>
        0 -1 162167 -3.0571762472391129e-02</internalNodes>
      <leafValues>
        -7.6811593770980835e-01 4.7645950317382813e-01</leafValues></_>
    <_>
      <internalNodes>
        0 -1 88058 9.2497747391462326e-03</internalNodes>
      <leafValues>
        -2.6069220900535583e-01 6.8712466955184937e-01</leafValues></_>
    <_>
      <internalNodes>
        0 -1 99700 -4.3399538844823837e-03</internalNodes>
      <leafValues>
        5.4237121343612671e-01 -2.9322254657745361e-01</leafValues></_>
    <_>
      <internalNodes>
        0 -1 89591 -3.2266420312225819e-03</internalNodes>
      <leafValues>
        6.3174659013748169e-01 -2.5633773207664490e-01</leafValues></_>
    <_>
      <internalNodes>
        0 -1 100431 2.8144136071205139e-01</internalNodes>
      <leafValues>
        2.5251144170761108e-01 -8.5797929763793945e-01</leafValues></_>
    <_>
      <internalNodes>
        0 -1 9119 2.1783258020877838e-01</internalNodes>
      <leafValues>
        -2.9496806859970093e-01 7.6844137907028198e-01</leafValues></_>
    <_>
      <internalNodes>
        0 -1 97280 3.3880650997161865e-02</internalNodes>
      <leafValues>
        -1.4189310371875763e-01 8.8548612594604492e-01</leafValues></_>
    <_>
      <internalNodes>
        0 -1 53719 3.2441325485706329e-02</internalNodes>
      <leafValues>
        -1.5131674706935883e-01 6.9786453247070313e-01</leafValues></_>
    <_>
      <internalNodes>
        0 -1 127945 2.0187497138977051e-03</internalNodes>
      <leafValues>
        -1.8364578485488892e-01 7.3125129938125610e-01</leafValues></_>
    <_>
      <internalNodes>
        0 -1 157582 -1.3258616672828794e-03</internalNodes>
      <leafValues>
        -5.4160672426223755e-01 3.0195242166519165e-01</leafValues></_></weakClassifiers></stage44>
</opencv_storage>
