<?xml version="1.0"?>
<opencv_storage>
<stage42>
  <maxWeakCount>14</maxWeakCount>
  <stageThreshold>-4.6434363722801208e-01</stageThreshold>
  <weakClassifiers>
    <_>
      <internalNodes>
        0 -1 47744 -1.6712999343872070e-01</internalNodes>
      <leafValues>
        -9.6666663885116577e-01 4.7777777910232544e-01</leafValues></_>
    <_>
      <internalNodes>
        0 -1 96093 -1.9875885918736458e-03</internalNodes>
      <leafValues>
        7.4091047048568726e-01 -1.6499090194702148e-01</leafValues></_>
    <_>
      <internalNodes>
        0 -1 99804 -3.1736013479530811e-03</internalNodes>
      <leafValues>
        5.8380496501922607e-01 -2.4696402251720428e-01</leafValues></_>
    <_>
      <internalNodes>
        0 -1 37045 -1.5154676511883736e-02</internalNodes>
      <leafValues>
        7.0214992761611938e-01 -1.9967502355575562e-01</leafValues></_>
    <_>
      <internalNodes>
        0 -1 161385 -3.4628226421773434e-03</internalNodes>
      <leafValues>
        -5.0498080253601074e-01 2.6078554987907410e-01</leafValues></_>
    <_>
      <internalNodes>
        0 -1 62981 -1.4446609420701861e-03</internalNodes>
      <leafValues>
        3.6324965953826904e-01 -3.5100156068801880e-01</leafValues></_>
    <_>
      <internalNodes>
        0 -1 147936 -6.7276658955961466e-04</internalNodes>
      <leafValues>
        8.0650162696838379e-01 -1.0747847706079483e-01</leafValues></_>
    <_>
      <internalNodes>
        0 -1 154261 -3.3343820832669735e-03</internalNodes>
      <leafValues>
        4.7089353203773499e-01 -2.6346981525421143e-01</leafValues></_>
    <_>
      <internalNodes>
        0 -1 151132 3.9531267248094082e-04</internalNodes>
      <leafValues>
        -1.1976188421249390e-01 7.9220968484878540e-01</leafValues></_>
    <_>
      <internalNodes>
        0 -1 79093 2.3292936384677887e-03</internalNodes>
      <leafValues>
        -1.7154237627983093e-01 6.3071262836456299e-01</leafValues></_>
    <_>
      <internalNodes>
        0 -1 72104 -6.5370332449674606e-03</internalNodes>
      <leafValues>
        2.9084593057632446e-01 -4.3301635980606079e-01</leafValues></_>
    <_>
      <internalNodes>
        0 -1 140506 2.7232193388044834e-03</internalNodes>
      <leafValues>
        -1.9610926508903503e-01 5.7038748264312744e-01</leafValues></_>
    <_>
      <internalNodes>
        0 -1 62157 -5.9750163927674294e-03</internalNodes>
      <leafValues>
        7.2603094577789307e-01 -1.5676535665988922e-01</leafValues></_>
    <_>
      <internalNodes>
        0 -1 95329 -2.7852874249219894e-02</internalNodes>
      <leafValues>
        5.1052445173263550e-01 -2.3097586631774902e-01</leafValues></_></weakClassifiers></stage42>
</opencv_storage>
