<?xml version="1.0"?>
<opencv_storage>
<stage48>
  <maxWeakCount>6</maxWeakCount>
  <stageThreshold>-7.9492795467376709e-01</stageThreshold>
  <weakClassifiers>
    <_>
      <internalNodes>
        0 -1 130140 -2.5317613035440445e-02</internalNodes>
      <leafValues>
        -7.3333334922790527e-01 6.0000002384185791e-01</leafValues></_>
    <_>
      <internalNodes>
        0 -1 51038 -6.3270321115851402e-03</internalNodes>
      <leafValues>
        6.7511665821075439e-01 -2.8217118978500366e-01</leafValues></_>
    <_>
      <internalNodes>
        0 -1 9442 -2.2999108768999577e-03</internalNodes>
      <leafValues>
        -7.1061342954635620e-01 2.5842165946960449e-01</leafValues></_>
    <_>
      <internalNodes>
        0 -1 105536 1.3547457754611969e-02</internalNodes>
      <leafValues>
        -2.7643492817878723e-01 6.9286930561065674e-01</leafValues></_>
    <_>
      <internalNodes>
        0 -1 34482 -5.9108189307153225e-03</internalNodes>
      <leafValues>
        7.8645676374435425e-01 -2.2595782577991486e-01</leafValues></_>
    <_>
      <internalNodes>
        0 -1 88123 2.0986642688512802e-02</internalNodes>
      <leafValues>
        4.6454769372940063e-01 -3.8121289014816284e-01</leafValues></_></weakClassifiers></stage48>
</opencv_storage>
